supplier_id,supplier_name,supplier_type,region,coop_years,annual_supply_tons
1,临泽张家菜地,农户,临泽,2,63.0
2,静宁仇家果园,农户,静宁,2,18.0
3,会宁师家牧场,农户,会宁,2,47.6
4,陇西许家牧场,农户,陇西,1,19.7
5,陇西许家菜地,农户,陇西,3,22.1
6,岷县许家菜地,农户,岷县,1,16.7
7,民勤雷家果园,农户,民勤,2,8.9
8,瓜州王家果园,农户,瓜州,2,26.4
9,会宁陈家菜地,农户,会宁,3,140.9
10,天水金家牧场,农户,天水,1,63.7
11,岷县叶家果园,农户,岷县,3,25.2
12,陇西黄家果园,农户,陇西,1,14.4
13,敦煌林家果园,农户,敦煌,2,26.5
14,岷县聂家土豆田,农户,岷县,1,4.3
15,静宁詹家牧场,农户,静宁,2,14.4
16,渭源王家果园,农户,渭源,2,37.0
17,渭源马家养蜂场,农户,渭源,1,38.7
18,天水丁家土豆田,农户,天水,1,65.6
19,陇南黄家土豆田,农户,陇南,2,25.6
20,静宁谈家牧场,农户,静宁,1,146.4
21,榆中李家果园,农户,榆中,3,16.1
22,秦安张家菜地,农户,秦安,3,84.7
23,秦安张家菜地,农户,秦安,2,20.8
24,天水杜家果园,农户,天水,2,24.1
25,靖远刘家养蜂场,农户,靖远,2,16.7
26,会宁华泰通安信息有限公司,合作社,会宁,6,122.9
27,陇西维涛网络有限公司,合作社,陇西,2,50.5
28,渭源恒聪百汇信息有限公司,合作社,渭源,5,235.6
29,定西艾提科信信息有限公司,合作社,定西,5,82.9
30,定西万迅电脑信息有限公司,合作社,定西,5,330.4
31,通渭通际名联信息有限公司,合作社,通渭,4,73.1
32,陇南快讯网络有限公司,合作社,陇南,6,656.1
33,定西中建创业科技有限公司,合作社,定西,5,77.6
34,榆中巨奥信息有限公司,合作社,榆中,2,61.1
35,通渭开发区世创科技有限公司,合作社,通渭,2,179.4
36,榆中晖来计算机科技有限公司,合作社,榆中,3,533.2
37,靖远九方科技有限公司,合作社,靖远,5,38.1
38,陇西维旺明网络有限公司,合作社,陇西,4,114.7
39,会宁易动力信息有限公司,合作社,会宁,1,48.3
40,民勤飞利信传媒有限公司,合作社,民勤,5,73.8
41,天水快讯网络有限公司,合作社,天水,4,92.1
42,临泽东方峻景信息有限公司,合作社,临泽,6,66.0
43,陇西趋势网络有限公司,合作社,陇西,6,87.8
44,定西鸿睿思博信息有限公司,合作社,定西,2,371.7
45,通渭浦华众城网络有限公司,合作社,通渭,2,98.6
46,定西同兴万点网络有限公司,工厂,定西,6,349.2
47,陇西良诺网络有限公司,工厂,陇西,4,227.1
48,定西昂歌信息信息有限公司,工厂,定西,4,391.3
49,渭源九方网络有限公司,工厂,渭源,5,394.9
50,通渭新宇龙信息科技有限公司,工厂,通渭,4,351.2
51,定西太极传媒有限公司,工厂,定西,3,665.4
52,岷县数字100科技有限公司,工厂,岷县,5,220.4
53,陇西昊嘉科技有限公司,工厂,陇西,6,630.3
54,定西思优网络有限公司,工厂,定西,2,851.0
55,天水浙大万朋网络有限公司,工厂,天水,2,550.8
56,榆中佳禾科技有限公司,工厂,榆中,4,599.9
57,静宁思优科技有限公司,工厂,静宁,6,617.9
58,会宁迪摩传媒有限公司,工厂,会宁,5,950.9
59,临泽立信电子信息有限公司,工厂,临泽,4,410.1
60,民勤华泰通安科技有限公司,工厂,民勤,3,905.0
