sku_id,sku_code,sku_name,category_l1,category_l2,brand_series,spec,unit,cost_price,retail_price,gross_margin_rate,supplier_id,origin,is_self_operated,shelf_date,status
1,GXP-DF-0001,陇西干宽粉10斤装,定西宽粉及薯制品,干宽粉,甘小胖,10斤装,箱,15.69,30.8,0.4907,47,陇西,1,2023-06-28,在售
2,GXP-DF-0002,定西干宽粉2kg,定西宽粉及薯制品,干宽粉,胖娃优选,2kg,kg,22.27,41.4,0.4621,47,定西,1,2023-10-26,在售
3,GXP-DF-0003,定西干宽粉500ml,定西宽粉及薯制品,干宽粉,陇原农特,500ml,瓶,28.15,58.9,0.5221,10,定西,0,2023-05-30,在售
4,GXP-DF-0004,陇西干宽粉5连袋,定西宽粉及薯制品,干宽粉,甘小胖,5连袋,袋,32.38,73.8,0.5613,53,陇西,1,2022-05-09,在售
5,GXP-DF-0005,陇西干宽粉500ml,定西宽粉及薯制品,干宽粉,合作甄选,500ml,瓶,58.52,125.0,0.5318,60,陇西,1,2023-03-17,在售
6,GXP-DF-0006,定西干宽粉2盒装,定西宽粉及薯制品,干宽粉,甘肃胖娃娃,2盒装,盒,37.57,82.2,0.543,6,定西,0,2022-07-29,在售
7,GXP-DF-0007,陇西干宽粉1袋装,定西宽粉及薯制品,干宽粉,胖娃优选,1袋装,袋,21.82,38.4,0.4319,58,陇西,1,2023-09-28,在售
8,GXP-DF-0008,定西干宽粉礼盒装,定西宽粉及薯制品,干宽粉,甘肃胖娃娃,礼盒装,盒,22.87,40.3,0.4325,40,定西,0,2023-04-18,在售
9,GXP-DF-0009,陇西干宽粉1kg,定西宽粉及薯制品,干宽粉,甘小胖,1kg,kg,21.67,37.8,0.4268,52,陇西,1,2023-01-10,在售
10,GXP-DF-0010,陇西干宽粉500g,定西宽粉及薯制品,干宽粉,甘肃胖娃娃,500g,kg,56.17,98.7,0.4309,30,陇西,0,2022-12-14,在售
11,GXP-DF-0011,陇西干宽粉整箱,定西宽粉及薯制品,干宽粉,合作甄选,整箱,箱,40.1,87.5,0.5417,55,陇西,1,2022-04-19,在售
12,GXP-DF-0012,定西干宽粉5斤装,定西宽粉及薯制品,干宽粉,甘肃胖娃娃,5斤装,箱,69.38,125.6,0.4476,47,定西,1,2022-12-14,在售
13,GXP-DF-0013,定西干宽粉5kg,定西宽粉及薯制品,干宽粉,小胖甄选,5kg,kg,40.64,75.6,0.4624,25,定西,0,2023-09-02,在售
14,GXP-DF-0014,定西干宽粉10斤装,定西宽粉及薯制品,干宽粉,甘小胖,10斤装,箱,14.61,32.3,0.5476,49,定西,1,2023-11-03,在售
15,GXP-DF-0015,陇西干宽粉500ml,定西宽粉及薯制品,干宽粉,甘肃胖娃娃,500ml,瓶,18.12,33.6,0.4606,44,陇西,0,2022-02-04,在售
16,GXP-DF-0016,定西干宽粉1kg,定西宽粉及薯制品,干宽粉,胖娃优选,1kg,kg,64.74,116.4,0.4438,48,定西,1,2023-11-12,在售
17,GXP-DF-0017,定西干宽粉500g,定西宽粉及薯制品,干宽粉,陇原农特,500g,kg,43.39,90.8,0.5221,60,定西,1,2022-06-07,在售
18,GXP-DF-0018,定西干宽粉5斤装,定西宽粉及薯制品,干宽粉,胖娃优选,5斤装,箱,49.81,91.5,0.4556,7,定西,0,2022-12-24,在售
19,GXP-DF-0019,陇西干宽粉5连袋,定西宽粉及薯制品,干宽粉,合作甄选,5连袋,袋,18.53,39.6,0.5321,58,陇西,1,2022-12-27,在售
20,GXP-DF-0020,陇西干宽粉1袋装,定西宽粉及薯制品,干宽粉,甘肃胖娃娃,1袋装,袋,19.72,39.1,0.4957,52,陇西,1,2023-01-12,在售
21,GXP-DF-0021,定西干宽粉1kg,定西宽粉及薯制品,干宽粉,合作甄选,1kg,kg,41.58,85.5,0.5137,52,定西,1,2022-09-21,在售
22,GXP-DF-0022,定西干宽粉2盒装,定西宽粉及薯制品,干宽粉,甘肃胖娃娃,2盒装,盒,53.15,109.6,0.5151,57,定西,1,2022-09-19,在售
23,GXP-DF-0023,陇西干宽粉750ml,定西宽粉及薯制品,干宽粉,甘肃胖娃娃,750ml,瓶,25.94,49.9,0.4802,48,陇西,1,2022-05-12,在售
24,GXP-DF-0024,陇西干宽粉500g,定西宽粉及薯制品,干宽粉,陇原农特,500g,kg,49.73,96.9,0.4868,47,陇西,1,2022-03-05,在售
25,GXP-DF-0025,定西干宽粉750ml,定西宽粉及薯制品,干宽粉,胖娃优选,750ml,瓶,45.39,98.9,0.5411,28,定西,0,2022-04-15,在售
26,GXP-DF-0026,陇西干宽粉750ml,定西宽粉及薯制品,干宽粉,胖娃优选,750ml,瓶,46.0,107.8,0.5733,54,陇西,1,2023-03-25,在售
27,GXP-DF-0027,陇西干宽粉2kg,定西宽粉及薯制品,干宽粉,甘肃胖娃娃,2kg,kg,59.05,104.3,0.4338,40,陇西,0,2023-03-10,在售
28,GXP-DF-0028,定西干宽粉750ml,定西宽粉及薯制品,干宽粉,小胖甄选,750ml,瓶,25.16,54.8,0.5408,52,定西,1,2023-02-23,在售
29,GXP-DF-0029,陇西干宽粉1kg,定西宽粉及薯制品,干宽粉,小胖甄选,1kg,kg,46.45,82.5,0.437,28,陇西,0,2022-11-07,在售
30,GXP-DF-0030,陇西干宽粉礼盒装,定西宽粉及薯制品,干宽粉,甘肃胖娃娃,礼盒装,盒,60.47,106.2,0.4306,50,陇西,1,2023-05-29,在售
31,GXP-DF-0031,陇西干宽粉500g,定西宽粉及薯制品,干宽粉,合作甄选,500g,kg,32.16,68.2,0.5285,48,陇西,1,2023-01-09,在售
32,GXP-DF-0032,定西干宽粉礼盒装,定西宽粉及薯制品,干宽粉,甘小胖,礼盒装,盒,27.77,58.9,0.5286,53,定西,1,2022-05-22,在售
33,GXP-DF-0033,陇西干宽粉礼盒装,定西宽粉及薯制品,干宽粉,合作甄选,礼盒装,盒,56.14,119.5,0.5302,60,陇西,1,2023-09-15,在售
34,GXP-DF-0034,陇西干宽粉2盒装,定西宽粉及薯制品,干宽粉,胖娃优选,2盒装,盒,33.77,76.2,0.5568,31,陇西,0,2022-09-22,在售
35,GXP-DF-0035,定西干宽粉整箱,定西宽粉及薯制品,干宽粉,甘肃胖娃娃,整箱,箱,20.25,43.7,0.5365,56,定西,1,2023-02-22,在售
36,GXP-DF-0036,定西干宽粉750ml,定西宽粉及薯制品,干宽粉,甘小胖,750ml,瓶,37.86,89.6,0.5774,19,定西,0,2022-02-20,在售
37,GXP-DF-0037,定西干宽粉2盒装,定西宽粉及薯制品,干宽粉,甘肃胖娃娃,2盒装,盒,53.7,123.6,0.5655,51,定西,1,2022-07-09,在售
38,GXP-DF-0038,定西干宽粉5斤装,定西宽粉及薯制品,干宽粉,甘肃胖娃娃,5斤装,箱,30.49,55.3,0.4487,20,定西,0,2022-09-17,在售
39,GXP-DF-0039,陇西干宽粉1袋装,定西宽粉及薯制品,干宽粉,合作甄选,1袋装,袋,53.93,100.2,0.4618,60,陇西,1,2022-08-13,在售
40,GXP-DF-0040,陇西干宽粉整箱,定西宽粉及薯制品,干宽粉,陇原农特,整箱,箱,49.17,91.9,0.465,42,陇西,0,2023-11-12,在售
41,GXP-DF-0041,定西干宽粉2盒装,定西宽粉及薯制品,干宽粉,甘肃胖娃娃,2盒装,盒,25.1,46.7,0.4626,47,定西,1,2023-08-30,在售
42,GXP-DF-0042,定西干宽粉5连袋,定西宽粉及薯制品,干宽粉,甘小胖,5连袋,袋,21.44,37.2,0.4236,14,定西,0,2023-07-25,在售
43,GXP-DF-0043,陇西干宽粉500g,定西宽粉及薯制品,干宽粉,小胖甄选,500g,kg,46.29,96.2,0.5188,53,陇西,1,2023-06-25,在售
44,GXP-DF-0044,陇西干宽粉500g,定西宽粉及薯制品,干宽粉,小胖甄选,500g,kg,29.15,69.1,0.5782,57,陇西,1,2022-12-09,在售
45,GXP-DF-0045,陇西干宽粉5kg,定西宽粉及薯制品,干宽粉,小胖甄选,5kg,kg,43.72,76.4,0.4278,55,陇西,1,2022-06-05,在售
46,GXP-DF-0046,陇西干宽粉10斤装,定西宽粉及薯制品,干宽粉,甘肃胖娃娃,10斤装,箱,35.4,73.1,0.5158,2,陇西,0,2023-09-02,在售
47,GXP-DF-0047,陇西干宽粉500g,定西宽粉及薯制品,干宽粉,甘肃胖娃娃,500g,kg,58.19,123.7,0.5296,44,陇西,0,2022-05-19,在售
48,GXP-DF-0048,陇西干宽粉10斤装,定西宽粉及薯制品,干宽粉,合作甄选,10斤装,箱,30.34,62.4,0.5138,40,陇西,0,2022-08-31,在售
49,GXP-DF-0049,陇西干宽粉3连袋,定西宽粉及薯制品,干宽粉,小胖甄选,3连袋,袋,17.53,32.6,0.4623,56,陇西,1,2022-11-03,在售
50,GXP-DF-0050,陇西干宽粉1袋装,定西宽粉及薯制品,干宽粉,胖娃优选,1袋装,袋,44.12,104.8,0.579,51,陇西,1,2023-05-09,在售
51,GXP-DF-0051,陇西干宽粉礼盒装,定西宽粉及薯制品,干宽粉,合作甄选,礼盒装,盒,36.47,75.8,0.5188,49,陇西,1,2023-06-15,在售
52,GXP-DF-0052,陇西干宽粉750ml,定西宽粉及薯制品,干宽粉,小胖甄选,750ml,瓶,15.83,35.6,0.5553,4,陇西,0,2022-12-08,在售
53,GXP-DF-0053,定西干宽粉1袋装,定西宽粉及薯制品,干宽粉,小胖甄选,1袋装,袋,33.92,75.7,0.5519,54,定西,1,2023-11-25,在售
54,GXP-DF-0054,定西干宽粉500ml,定西宽粉及薯制品,干宽粉,胖娃优选,500ml,瓶,36.48,85.5,0.5733,19,定西,0,2022-05-23,在售
55,GXP-DF-0055,定西干宽粉3连袋,定西宽粉及薯制品,干宽粉,胖娃优选,3连袋,袋,59.89,124.3,0.5182,46,定西,1,2022-10-05,在售
56,GXP-DF-0056,定西干宽粉5连袋,定西宽粉及薯制品,干宽粉,胖娃优选,5连袋,袋,54.75,94.9,0.4231,48,定西,1,2023-09-15,在售
57,GXP-DF-0057,陇西干宽粉750ml,定西宽粉及薯制品,干宽粉,陇原农特,750ml,瓶,38.58,72.5,0.4679,48,陇西,1,2023-11-25,在售
58,GXP-DF-0058,定西干宽粉礼盒装,定西宽粉及薯制品,干宽粉,甘肃胖娃娃,礼盒装,盒,23.41,45.5,0.4854,30,定西,0,2022-08-08,在售
59,GXP-DF-0059,陇西干宽粉1kg,定西宽粉及薯制品,干宽粉,甘肃胖娃娃,1kg,kg,46.01,99.1,0.5357,52,陇西,1,2022-09-06,清仓
60,GXP-DF-0060,陇西干宽粉整箱,定西宽粉及薯制品,干宽粉,甘肃胖娃娃,整箱,箱,28.2,50.4,0.4404,50,陇西,1,2022-09-12,在售
61,GXP-DF-0061,定西干宽粉2盒装,定西宽粉及薯制品,干宽粉,胖娃优选,2盒装,盒,42.59,97.7,0.5641,53,定西,1,2023-09-04,在售
62,GXP-DF-0062,定西干宽粉3连袋,定西宽粉及薯制品,干宽粉,合作甄选,3连袋,袋,54.79,112.7,0.5138,51,定西,1,2023-02-17,在售
63,GXP-DF-0063,陇西干宽粉礼盒装,定西宽粉及薯制品,干宽粉,甘小胖,礼盒装,盒,43.47,95.5,0.5448,60,陇西,1,2022-11-07,在售
64,GXP-DF-0064,定西流汁湿宽粉500ml,定西宽粉及薯制品,流汁湿宽粉,陇原农特,500ml,瓶,42.36,87.5,0.5159,47,定西,1,2023-09-16,在售
65,GXP-DF-0065,定西流汁湿宽粉750ml,定西宽粉及薯制品,流汁湿宽粉,甘肃胖娃娃,750ml,瓶,25.28,54.3,0.5344,1,定西,0,2022-06-09,在售
66,GXP-DF-0066,陇西流汁湿宽粉礼盒装,定西宽粉及薯制品,流汁湿宽粉,合作甄选,礼盒装,盒,42.23,95.8,0.5592,48,陇西,1,2022-09-29,在售
67,GXP-DF-0067,定西流汁湿宽粉礼盒装,定西宽粉及薯制品,流汁湿宽粉,甘小胖,礼盒装,盒,17.27,30.9,0.4412,48,定西,1,2022-08-13,在售
68,GXP-DF-0068,定西流汁湿宽粉整箱,定西宽粉及薯制品,流汁湿宽粉,小胖甄选,整箱,箱,29.07,59.8,0.5138,51,定西,1,2023-11-08,在售
69,GXP-DF-0069,定西流汁湿宽粉礼盒装,定西宽粉及薯制品,流汁湿宽粉,合作甄选,礼盒装,盒,43.25,76.7,0.4361,54,定西,1,2023-03-30,在售
70,GXP-DF-0070,陇西流汁湿宽粉1kg,定西宽粉及薯制品,流汁湿宽粉,合作甄选,1kg,kg,58.07,106.3,0.4537,25,陇西,0,2022-09-10,在售
71,GXP-DF-0071,定西流汁湿宽粉750ml,定西宽粉及薯制品,流汁湿宽粉,甘肃胖娃娃,750ml,瓶,17.32,33.0,0.4751,50,定西,1,2022-09-17,在售
72,GXP-DF-0072,陇西流汁湿宽粉2盒装,定西宽粉及薯制品,流汁湿宽粉,小胖甄选,2盒装,盒,54.03,118.1,0.5425,57,陇西,1,2023-06-08,在售
73,GXP-DF-0073,陇西流汁湿宽粉500ml,定西宽粉及薯制品,流汁湿宽粉,甘小胖,500ml,瓶,55.85,98.2,0.4313,26,陇西,0,2023-04-11,在售
74,GXP-DF-0074,定西流汁湿宽粉500g,定西宽粉及薯制品,流汁湿宽粉,甘小胖,500g,kg,45.39,96.9,0.5316,50,定西,1,2023-07-15,在售
75,GXP-DF-0075,定西流汁湿宽粉5kg,定西宽粉及薯制品,流汁湿宽粉,甘肃胖娃娃,5kg,kg,47.53,95.3,0.5013,15,定西,0,2022-02-24,在售
76,GXP-DF-0076,陇西流汁湿宽粉500ml,定西宽粉及薯制品,流汁湿宽粉,合作甄选,500ml,瓶,37.6,65.4,0.4251,1,陇西,0,2022-11-03,在售
77,GXP-DF-0077,陇西流汁湿宽粉500g,定西宽粉及薯制品,流汁湿宽粉,甘小胖,500g,kg,21.93,40.5,0.4585,39,陇西,0,2023-11-27,在售
78,GXP-DF-0078,陇西流汁湿宽粉整箱,定西宽粉及薯制品,流汁湿宽粉,陇原农特,整箱,箱,33.11,60.4,0.4519,59,陇西,1,2022-06-14,在售
79,GXP-DF-0079,定西流汁湿宽粉750ml,定西宽粉及薯制品,流汁湿宽粉,小胖甄选,750ml,瓶,21.67,44.0,0.5076,46,定西,1,2023-03-13,在售
80,GXP-DF-0080,陇西流汁湿宽粉3连袋,定西宽粉及薯制品,流汁湿宽粉,甘小胖,3连袋,袋,40.08,90.3,0.5561,44,陇西,0,2023-01-03,在售
81,GXP-DF-0081,陇西流汁湿宽粉500g,定西宽粉及薯制品,流汁湿宽粉,小胖甄选,500g,kg,49.37,115.6,0.5729,37,陇西,0,2023-08-23,在售
82,GXP-DF-0082,陇西流汁湿宽粉1kg,定西宽粉及薯制品,流汁湿宽粉,甘肃胖娃娃,1kg,kg,34.32,60.4,0.4318,48,陇西,1,2022-06-07,在售
83,GXP-DF-0083,陇西流汁湿宽粉礼盒装,定西宽粉及薯制品,流汁湿宽粉,合作甄选,礼盒装,盒,13.96,31.2,0.5526,58,陇西,1,2023-03-02,在售
84,GXP-DF-0084,陇西流汁湿宽粉750ml,定西宽粉及薯制品,流汁湿宽粉,甘肃胖娃娃,750ml,瓶,32.78,58.5,0.4396,46,陇西,1,2023-06-20,在售
85,GXP-DF-0085,陇西流汁湿宽粉5斤装,定西宽粉及薯制品,流汁湿宽粉,胖娃优选,5斤装,箱,35.44,67.4,0.4742,54,陇西,1,2023-08-06,在售
86,GXP-DF-0086,定西流汁湿宽粉整箱,定西宽粉及薯制品,流汁湿宽粉,甘肃胖娃娃,整箱,箱,42.36,84.1,0.4963,57,定西,1,2023-06-13,在售
87,GXP-DF-0087,陇西流汁湿宽粉5连袋,定西宽粉及薯制品,流汁湿宽粉,甘肃胖娃娃,5连袋,袋,23.16,41.6,0.4432,18,陇西,0,2023-05-09,在售
88,GXP-DF-0088,陇西流汁湿宽粉整箱,定西宽粉及薯制品,流汁湿宽粉,胖娃优选,整箱,箱,42.23,99.0,0.5734,54,陇西,1,2022-02-22,在售
89,GXP-DF-0089,陇西流汁湿宽粉2盒装,定西宽粉及薯制品,流汁湿宽粉,胖娃优选,2盒装,盒,61.18,110.4,0.4458,51,陇西,1,2022-02-28,在售
90,GXP-DF-0090,陇西流汁湿宽粉1袋装,定西宽粉及薯制品,流汁湿宽粉,甘肃胖娃娃,1袋装,袋,32.16,58.9,0.454,6,陇西,0,2023-02-16,在售
91,GXP-DF-0091,定西流汁湿宽粉2盒装,定西宽粉及薯制品,流汁湿宽粉,小胖甄选,2盒装,盒,19.77,46.1,0.5712,1,定西,0,2023-07-01,在售
92,GXP-DF-0092,陇西流汁湿宽粉500ml,定西宽粉及薯制品,流汁湿宽粉,合作甄选,500ml,瓶,54.08,125.5,0.5691,58,陇西,1,2023-09-26,在售
93,GXP-DF-0093,陇西流汁湿宽粉2盒装,定西宽粉及薯制品,流汁湿宽粉,甘小胖,2盒装,盒,27.4,62.2,0.5595,49,陇西,1,2023-06-14,在售
94,GXP-DF-0094,陇西流汁湿宽粉礼盒装,定西宽粉及薯制品,流汁湿宽粉,甘小胖,礼盒装,盒,47.6,102.4,0.5352,47,陇西,1,2023-02-18,在售
95,GXP-DF-0095,陇西流汁湿宽粉1kg,定西宽粉及薯制品,流汁湿宽粉,合作甄选,1kg,kg,65.73,117.9,0.4425,52,陇西,1,2022-06-25,在售
96,GXP-DF-0096,定西流汁湿宽粉5斤装,定西宽粉及薯制品,流汁湿宽粉,小胖甄选,5斤装,箱,16.67,37.7,0.5577,49,定西,1,2022-03-24,在售
97,GXP-DF-0097,陇西流汁湿宽粉3连袋,定西宽粉及薯制品,流汁湿宽粉,合作甄选,3连袋,袋,54.3,97.7,0.4442,48,陇西,1,2023-06-27,在售
98,GXP-DF-0098,陇西流汁湿宽粉10斤装,定西宽粉及薯制品,流汁湿宽粉,小胖甄选,10斤装,箱,20.28,36.8,0.4488,46,陇西,1,2023-04-13,清仓
99,GXP-DF-0099,定西流汁湿宽粉5连袋,定西宽粉及薯制品,流汁湿宽粉,胖娃优选,5连袋,袋,55.81,101.2,0.4485,51,定西,1,2023-04-14,在售
100,GXP-DF-0100,陇西流汁湿宽粉2kg,定西宽粉及薯制品,流汁湿宽粉,甘肃胖娃娃,2kg,kg,58.28,109.8,0.4692,48,陇西,1,2022-10-07,下架
101,GXP-DF-0101,陇西流汁湿宽粉5kg,定西宽粉及薯制品,流汁湿宽粉,甘小胖,5kg,kg,36.68,69.5,0.4722,16,陇西,0,2022-10-08,在售
102,GXP-DF-0102,陇西流汁湿宽粉5斤装,定西宽粉及薯制品,流汁湿宽粉,陇原农特,5斤装,箱,51.26,104.5,0.5095,1,陇西,0,2022-09-07,在售
103,GXP-DF-0103,定西流汁湿宽粉1袋装,定西宽粉及薯制品,流汁湿宽粉,胖娃优选,1袋装,袋,25.54,59.2,0.5685,52,定西,1,2022-08-14,在售
104,GXP-DF-0104,定西流汁湿宽粉5kg,定西宽粉及薯制品,流汁湿宽粉,胖娃优选,5kg,kg,54.82,115.1,0.5237,40,定西,0,2023-03-05,清仓
105,GXP-DF-0105,陇西流汁湿宽粉750ml,定西宽粉及薯制品,流汁湿宽粉,胖娃优选,750ml,瓶,59.52,105.9,0.438,58,陇西,1,2022-03-08,清仓
106,GXP-DF-0106,定西流汁湿宽粉2kg,定西宽粉及薯制品,流汁湿宽粉,合作甄选,2kg,kg,33.86,65.5,0.4831,16,定西,0,2023-01-16,在售
107,GXP-DF-0107,定西流汁湿宽粉3连袋,定西宽粉及薯制品,流汁湿宽粉,小胖甄选,3连袋,袋,41.33,75.4,0.4519,35,定西,0,2022-08-27,下架
108,GXP-DF-0108,定西流汁湿宽粉2盒装,定西宽粉及薯制品,流汁湿宽粉,甘小胖,2盒装,盒,36.05,63.9,0.4359,47,定西,1,2023-10-25,在售
109,GXP-DF-0109,定西流汁湿宽粉5连袋,定西宽粉及薯制品,流汁湿宽粉,甘小胖,5连袋,袋,62.36,126.1,0.5055,18,定西,0,2022-08-31,在售
110,GXP-DF-0110,定西流汁湿宽粉2盒装,定西宽粉及薯制品,流汁湿宽粉,甘肃胖娃娃,2盒装,盒,31.92,62.8,0.4917,57,定西,1,2022-12-02,在售
111,GXP-DF-0111,陇西流汁湿宽粉500g,定西宽粉及薯制品,流汁湿宽粉,陇原农特,500g,kg,50.42,89.8,0.4385,57,陇西,1,2022-11-13,清仓
112,GXP-DF-0112,定西流汁湿宽粉500ml,定西宽粉及薯制品,流汁湿宽粉,甘肃胖娃娃,500ml,瓶,19.78,35.9,0.449,54,定西,1,2023-02-14,在售
113,GXP-DF-0113,定西流汁湿宽粉500ml,定西宽粉及薯制品,流汁湿宽粉,合作甄选,500ml,瓶,30.13,55.5,0.4572,34,定西,0,2023-11-04,在售
114,GXP-DF-0114,定西流汁湿宽粉5连袋,定西宽粉及薯制品,流汁湿宽粉,甘小胖,5连袋,袋,58.85,127.1,0.537,34,定西,0,2023-04-30,在售
115,GXP-DF-0115,定西流汁湿宽粉5连袋,定西宽粉及薯制品,流汁湿宽粉,陇原农特,5连袋,袋,56.95,112.9,0.4956,47,定西,1,2022-04-08,在售
116,GXP-DF-0116,陇西流汁湿宽粉1袋装,定西宽粉及薯制品,流汁湿宽粉,陇原农特,1袋装,袋,52.09,97.9,0.4679,56,陇西,1,2022-09-20,在售
117,GXP-DF-0117,定西流汁湿宽粉2kg,定西宽粉及薯制品,流汁湿宽粉,甘小胖,2kg,kg,56.38,120.8,0.5333,59,定西,1,2023-11-03,在售
118,GXP-DF-0118,陇西流汁湿宽粉礼盒装,定西宽粉及薯制品,流汁湿宽粉,甘肃胖娃娃,礼盒装,盒,34.01,61.0,0.4425,50,陇西,1,2022-11-07,在售
119,GXP-DF-0119,定西流汁湿宽粉10斤装,定西宽粉及薯制品,流汁湿宽粉,甘小胖,10斤装,箱,33.97,67.3,0.4953,60,定西,1,2023-01-26,在售
120,GXP-DF-0120,定西流汁湿宽粉2盒装,定西宽粉及薯制品,流汁湿宽粉,合作甄选,2盒装,盒,21.4,37.3,0.4264,52,定西,1,2023-09-22,在售
121,GXP-DF-0121,陇西流汁湿宽粉500ml,定西宽粉及薯制品,流汁湿宽粉,甘肃胖娃娃,500ml,瓶,30.67,70.4,0.5644,20,陇西,0,2022-02-21,在售
122,GXP-DF-0122,陇西流汁湿宽粉2kg,定西宽粉及薯制品,流汁湿宽粉,甘小胖,2kg,kg,24.1,49.3,0.5111,30,陇西,0,2023-04-21,在售
123,GXP-DF-0123,陇西流汁湿宽粉10斤装,定西宽粉及薯制品,流汁湿宽粉,陇原农特,10斤装,箱,48.64,107.5,0.5475,58,陇西,1,2023-02-02,在售
124,GXP-DF-0124,陇西流汁湿宽粉500ml,定西宽粉及薯制品,流汁湿宽粉,甘小胖,500ml,瓶,45.17,84.8,0.4673,34,陇西,0,2022-04-02,清仓
125,GXP-DF-0125,定西流汁湿宽粉2盒装,定西宽粉及薯制品,流汁湿宽粉,胖娃优选,2盒装,盒,50.32,119.7,0.5796,59,定西,1,2023-04-05,在售
126,GXP-DF-0126,定西流汁湿宽粉500g,定西宽粉及薯制品,流汁湿宽粉,合作甄选,500g,kg,53.47,114.7,0.5338,10,定西,0,2023-06-14,在售
127,GXP-DF-0127,陇西火锅宽粉2盒装,定西宽粉及薯制品,火锅宽粉,小胖甄选,2盒装,盒,50.4,93.8,0.4627,46,陇西,1,2022-08-26,在售
128,GXP-DF-0128,陇西火锅宽粉礼盒装,定西宽粉及薯制品,火锅宽粉,陇原农特,礼盒装,盒,59.58,114.4,0.4792,49,陇西,1,2022-11-14,在售
129,GXP-DF-0129,定西火锅宽粉750ml,定西宽粉及薯制品,火锅宽粉,陇原农特,750ml,瓶,18.09,32.9,0.4501,48,定西,1,2023-02-28,在售
130,GXP-DF-0130,陇西火锅宽粉5斤装,定西宽粉及薯制品,火锅宽粉,甘肃胖娃娃,5斤装,箱,58.18,126.1,0.5386,6,陇西,0,2023-08-23,在售
131,GXP-DF-0131,陇西火锅宽粉500g,定西宽粉及薯制品,火锅宽粉,甘小胖,500g,kg,28.13,63.8,0.5591,53,陇西,1,2022-08-14,在售
132,GXP-DF-0132,陇西火锅宽粉礼盒装,定西宽粉及薯制品,火锅宽粉,甘肃胖娃娃,礼盒装,盒,18.57,32.7,0.4322,54,陇西,1,2022-07-26,在售
133,GXP-DF-0133,定西火锅宽粉10斤装,定西宽粉及薯制品,火锅宽粉,胖娃优选,10斤装,箱,49.2,97.0,0.4928,23,定西,0,2023-10-25,在售
134,GXP-DF-0134,陇西火锅宽粉2盒装,定西宽粉及薯制品,火锅宽粉,小胖甄选,2盒装,盒,48.5,96.7,0.4984,60,陇西,1,2023-04-10,在售
135,GXP-DF-0135,定西火锅宽粉3连袋,定西宽粉及薯制品,火锅宽粉,甘肃胖娃娃,3连袋,袋,24.17,52.8,0.5423,51,定西,1,2022-12-12,下架
136,GXP-DF-0136,定西火锅宽粉整箱,定西宽粉及薯制品,火锅宽粉,小胖甄选,整箱,箱,24.89,54.2,0.5408,59,定西,1,2022-04-10,在售
137,GXP-DF-0137,定西火锅宽粉整箱,定西宽粉及薯制品,火锅宽粉,胖娃优选,整箱,箱,47.59,108.2,0.5602,60,定西,1,2023-02-16,在售
138,GXP-DF-0138,陇西火锅宽粉2盒装,定西宽粉及薯制品,火锅宽粉,陇原农特,2盒装,盒,22.07,49.9,0.5577,51,陇西,1,2022-05-01,在售
139,GXP-DF-0139,陇西火锅宽粉礼盒装,定西宽粉及薯制品,火锅宽粉,小胖甄选,礼盒装,盒,13.62,31.1,0.5622,55,陇西,1,2023-07-12,在售
140,GXP-DF-0140,陇西火锅宽粉2kg,定西宽粉及薯制品,火锅宽粉,甘肃胖娃娃,2kg,kg,37.56,83.5,0.5502,48,陇西,1,2022-02-14,在售
141,GXP-DF-0141,定西火锅宽粉750ml,定西宽粉及薯制品,火锅宽粉,甘肃胖娃娃,750ml,瓶,39.53,83.9,0.5288,55,定西,1,2022-06-03,在售
142,GXP-DF-0142,陇西火锅宽粉500ml,定西宽粉及薯制品,火锅宽粉,甘小胖,500ml,瓶,56.25,108.4,0.4811,51,陇西,1,2023-04-24,在售
143,GXP-DF-0143,定西火锅宽粉500ml,定西宽粉及薯制品,火锅宽粉,甘小胖,500ml,瓶,16.66,36.9,0.5486,58,定西,1,2022-03-03,在售
144,GXP-DF-0144,陇西火锅宽粉500ml,定西宽粉及薯制品,火锅宽粉,甘小胖,500ml,瓶,22.74,48.3,0.5292,47,陇西,1,2022-03-19,在售
145,GXP-DF-0145,陇西火锅宽粉500g,定西宽粉及薯制品,火锅宽粉,甘小胖,500g,kg,20.6,47.0,0.5617,38,陇西,0,2022-08-20,在售
146,GXP-DF-0146,定西火锅宽粉2kg,定西宽粉及薯制品,火锅宽粉,陇原农特,2kg,kg,19.94,38.4,0.4806,34,定西,0,2023-11-14,在售
147,GXP-DF-0147,定西火锅宽粉10斤装,定西宽粉及薯制品,火锅宽粉,甘肃胖娃娃,10斤装,箱,70.19,124.5,0.4362,60,定西,1,2022-10-16,在售
148,GXP-DF-0148,定西火锅宽粉500g,定西宽粉及薯制品,火锅宽粉,合作甄选,500g,kg,26.18,48.8,0.4636,54,定西,1,2022-04-23,清仓
149,GXP-DF-0149,陇西火锅宽粉5斤装,定西宽粉及薯制品,火锅宽粉,陇原农特,5斤装,箱,69.89,123.8,0.4355,56,陇西,1,2022-12-06,在售
150,GXP-DF-0150,陇西火锅宽粉750ml,定西宽粉及薯制品,火锅宽粉,甘肃胖娃娃,750ml,瓶,43.47,84.0,0.4825,51,陇西,1,2023-10-22,在售
151,GXP-DF-0151,定西火锅宽粉500ml,定西宽粉及薯制品,火锅宽粉,胖娃优选,500ml,瓶,28.41,52.6,0.4598,54,定西,1,2023-03-19,在售
152,GXP-DF-0152,陇西火锅宽粉5kg,定西宽粉及薯制品,火锅宽粉,合作甄选,5kg,kg,60.75,110.1,0.4482,31,陇西,0,2023-05-07,在售
153,GXP-DF-0153,陇西火锅宽粉5kg,定西宽粉及薯制品,火锅宽粉,合作甄选,5kg,kg,27.9,55.1,0.4937,48,陇西,1,2023-11-02,在售
154,GXP-DF-0154,定西火锅宽粉2kg,定西宽粉及薯制品,火锅宽粉,小胖甄选,2kg,kg,64.75,120.2,0.4613,56,定西,1,2023-01-01,在售
155,GXP-DF-0155,陇西火锅宽粉1kg,定西宽粉及薯制品,火锅宽粉,甘小胖,1kg,kg,54.14,114.1,0.5255,48,陇西,1,2023-04-15,清仓
156,GXP-DF-0156,定西火锅宽粉500ml,定西宽粉及薯制品,火锅宽粉,甘肃胖娃娃,500ml,瓶,27.1,56.5,0.5204,53,定西,1,2022-07-30,在售
157,GXP-DF-0157,定西火锅宽粉礼盒装,定西宽粉及薯制品,火锅宽粉,小胖甄选,礼盒装,盒,54.07,94.6,0.4284,52,定西,1,2023-02-14,在售
158,GXP-DF-0158,定西火锅宽粉2盒装,定西宽粉及薯制品,火锅宽粉,胖娃优选,2盒装,盒,37.71,73.6,0.4877,60,定西,1,2023-09-03,在售
159,GXP-DF-0159,定西火锅宽粉500ml,定西宽粉及薯制品,火锅宽粉,小胖甄选,500ml,瓶,20.2,40.2,0.4975,58,定西,1,2023-09-24,在售
160,GXP-DF-0160,陇西火锅宽粉礼盒装,定西宽粉及薯制品,火锅宽粉,胖娃优选,礼盒装,盒,17.76,36.7,0.5162,46,陇西,1,2023-09-17,在售
161,GXP-DF-0161,定西火锅宽粉5kg,定西宽粉及薯制品,火锅宽粉,合作甄选,5kg,kg,50.49,110.0,0.541,57,定西,1,2022-08-09,在售
162,GXP-DF-0162,定西火锅宽粉500g,定西宽粉及薯制品,火锅宽粉,甘肃胖娃娃,500g,kg,14.64,33.0,0.5565,59,定西,1,2023-09-09,在售
163,GXP-DF-0163,定西火锅宽粉750ml,定西宽粉及薯制品,火锅宽粉,甘肃胖娃娃,750ml,瓶,47.69,95.5,0.5006,9,定西,0,2023-05-05,在售
164,GXP-DF-0164,陇西火锅宽粉1袋装,定西宽粉及薯制品,火锅宽粉,合作甄选,1袋装,袋,56.87,122.8,0.5369,57,陇西,1,2023-01-25,在售
165,GXP-DF-0165,定西火锅宽粉1袋装,定西宽粉及薯制品,火锅宽粉,甘小胖,1袋装,袋,34.39,77.5,0.5563,56,定西,1,2022-10-05,下架
166,GXP-DF-0166,陇西火锅宽粉礼盒装,定西宽粉及薯制品,火锅宽粉,甘小胖,礼盒装,盒,43.11,89.0,0.5156,55,陇西,1,2023-07-29,在售
167,GXP-DF-0167,定西火锅宽粉750ml,定西宽粉及薯制品,火锅宽粉,甘肃胖娃娃,750ml,瓶,42.16,88.5,0.5236,52,定西,1,2023-11-10,在售
168,GXP-DF-0168,定西火锅宽粉3连袋,定西宽粉及薯制品,火锅宽粉,合作甄选,3连袋,袋,42.16,79.7,0.471,49,定西,1,2023-07-21,在售
169,GXP-DF-0169,定西火锅宽粉2盒装,定西宽粉及薯制品,火锅宽粉,陇原农特,2盒装,盒,31.27,54.8,0.4293,50,定西,1,2023-04-16,在售
170,GXP-DF-0170,定西火锅宽粉5kg,定西宽粉及薯制品,火锅宽粉,甘肃胖娃娃,5kg,kg,40.79,80.6,0.4939,55,定西,1,2022-06-29,在售
171,GXP-DF-0171,定西火锅宽粉2盒装,定西宽粉及薯制品,火锅宽粉,小胖甄选,2盒装,盒,16.67,36.2,0.5396,60,定西,1,2022-04-01,在售
172,GXP-DF-0172,陇西火锅宽粉5斤装,定西宽粉及薯制品,火锅宽粉,小胖甄选,5斤装,箱,41.97,82.4,0.4906,51,陇西,1,2023-09-04,在售
173,GXP-DF-0173,陇西火锅宽粉1kg,定西宽粉及薯制品,火锅宽粉,甘小胖,1kg,kg,33.12,74.7,0.5566,47,陇西,1,2023-03-18,清仓
174,GXP-DF-0174,陇西火锅宽粉3连袋,定西宽粉及薯制品,火锅宽粉,甘肃胖娃娃,3连袋,袋,36.77,67.0,0.4512,48,陇西,1,2022-05-13,在售
175,GXP-DF-0175,陇西火锅宽粉5斤装,定西宽粉及薯制品,火锅宽粉,合作甄选,5斤装,箱,27.79,48.2,0.4234,49,陇西,1,2022-07-03,清仓
176,GXP-DF-0176,陇西火锅宽粉5kg,定西宽粉及薯制品,火锅宽粉,甘小胖,5kg,kg,45.13,92.3,0.511,57,陇西,1,2022-09-20,在售
177,GXP-DF-0177,陇西火锅宽粉3连袋,定西宽粉及薯制品,火锅宽粉,小胖甄选,3连袋,袋,43.26,102.0,0.5759,13,陇西,0,2022-11-29,在售
178,GXP-DF-0178,定西火锅宽粉750ml,定西宽粉及薯制品,火锅宽粉,胖娃优选,750ml,瓶,28.77,50.8,0.4336,50,定西,1,2023-10-20,在售
179,GXP-DF-0179,定西火锅宽粉整箱,定西宽粉及薯制品,火锅宽粉,甘小胖,整箱,箱,52.64,118.9,0.5573,40,定西,0,2023-06-30,在售
180,GXP-DF-0180,陇西火锅宽粉500g,定西宽粉及薯制品,火锅宽粉,陇原农特,500g,kg,14.45,29.1,0.5035,51,陇西,1,2022-04-07,在售
181,GXP-DF-0181,陇西火锅宽粉礼盒装,定西宽粉及薯制品,火锅宽粉,陇原农特,礼盒装,盒,26.64,51.2,0.4796,7,陇西,0,2022-09-25,在售
182,GXP-DF-0182,陇西火锅宽粉1kg,定西宽粉及薯制品,火锅宽粉,陇原农特,1kg,kg,59.38,110.2,0.4612,21,陇西,0,2022-07-12,在售
183,GXP-DF-0183,定西火锅宽粉2kg,定西宽粉及薯制品,火锅宽粉,合作甄选,2kg,kg,24.49,54.9,0.554,55,定西,1,2022-07-13,在售
184,GXP-DF-0184,陇西火锅宽粉5kg,定西宽粉及薯制品,火锅宽粉,小胖甄选,5kg,kg,65.01,119.0,0.4537,58,陇西,1,2023-06-16,在售
185,GXP-DF-0185,陇西火锅宽粉3连袋,定西宽粉及薯制品,火锅宽粉,甘肃胖娃娃,3连袋,袋,48.52,111.3,0.5641,47,陇西,1,2022-07-04,在售
186,GXP-DF-0186,陇西火锅宽粉1袋装,定西宽粉及薯制品,火锅宽粉,合作甄选,1袋装,袋,59.02,122.1,0.5166,59,陇西,1,2022-12-30,在售
187,GXP-DF-0187,陇西火锅宽粉礼盒装,定西宽粉及薯制品,火锅宽粉,胖娃优选,礼盒装,盒,43.7,87.2,0.4989,57,陇西,1,2023-03-29,在售
188,GXP-DF-0188,定西火锅宽粉1kg,定西宽粉及薯制品,火锅宽粉,胖娃优选,1kg,kg,55.09,126.7,0.5652,20,定西,0,2022-04-17,在售
189,GXP-DF-0189,陇西火锅宽粉礼盒装,定西宽粉及薯制品,火锅宽粉,小胖甄选,礼盒装,盒,45.55,98.9,0.5394,60,陇西,1,2023-03-07,在售
190,GXP-DF-0190,陇西马铃薯粉丝礼盒装,定西宽粉及薯制品,马铃薯粉丝,小胖甄选,礼盒装,盒,63.42,109.8,0.4224,59,陇西,1,2022-11-04,在售
191,GXP-DF-0191,定西马铃薯粉丝5kg,定西宽粉及薯制品,马铃薯粉丝,甘肃胖娃娃,5kg,kg,19.87,43.6,0.5443,4,定西,0,2023-11-20,在售
192,GXP-DF-0192,陇西马铃薯粉丝750ml,定西宽粉及薯制品,马铃薯粉丝,甘小胖,750ml,瓶,50.12,86.5,0.4206,4,陇西,0,2022-09-10,在售
193,GXP-DF-0193,陇西马铃薯粉丝2盒装,定西宽粉及薯制品,马铃薯粉丝,甘小胖,2盒装,盒,59.97,120.6,0.5027,19,陇西,0,2023-12-02,在售
194,GXP-DF-0194,定西马铃薯粉丝500ml,定西宽粉及薯制品,马铃薯粉丝,陇原农特,500ml,瓶,20.85,38.9,0.4639,50,定西,1,2022-12-03,在售
195,GXP-DF-0195,陇西马铃薯粉丝500g,定西宽粉及薯制品,马铃薯粉丝,胖娃优选,500g,kg,39.66,91.4,0.5661,47,陇西,1,2023-07-22,在售
196,GXP-DF-0196,定西马铃薯粉丝500ml,定西宽粉及薯制品,马铃薯粉丝,甘小胖,500ml,瓶,17.12,30.8,0.4441,52,定西,1,2023-11-22,在售
197,GXP-DF-0197,陇西马铃薯粉丝整箱,定西宽粉及薯制品,马铃薯粉丝,合作甄选,整箱,箱,59.99,108.6,0.4476,51,陇西,1,2022-09-06,在售
198,GXP-DF-0198,陇西马铃薯粉丝500ml,定西宽粉及薯制品,马铃薯粉丝,甘肃胖娃娃,500ml,瓶,36.51,77.0,0.5258,55,陇西,1,2023-03-13,在售
199,GXP-DF-0199,陇西马铃薯粉丝礼盒装,定西宽粉及薯制品,马铃薯粉丝,合作甄选,礼盒装,盒,65.62,122.2,0.463,8,陇西,0,2022-08-08,在售
200,GXP-DF-0200,陇西马铃薯粉丝1kg,定西宽粉及薯制品,马铃薯粉丝,甘小胖,1kg,kg,14.48,29.2,0.5042,12,陇西,0,2022-12-27,在售
201,GXP-DF-0201,定西马铃薯粉丝3连袋,定西宽粉及薯制品,马铃薯粉丝,甘小胖,3连袋,袋,42.77,85.1,0.4974,56,定西,1,2023-03-29,在售
202,GXP-DF-0202,陇西马铃薯粉丝10斤装,定西宽粉及薯制品,马铃薯粉丝,小胖甄选,10斤装,箱,60.07,113.7,0.4717,46,陇西,1,2022-10-29,在售
203,GXP-DF-0203,陇西马铃薯粉丝500ml,定西宽粉及薯制品,马铃薯粉丝,甘小胖,500ml,瓶,52.6,112.3,0.5316,60,陇西,1,2023-10-14,下架
204,GXP-DF-0204,定西马铃薯粉丝500ml,定西宽粉及薯制品,马铃薯粉丝,胖娃优选,500ml,瓶,55.27,127.5,0.5665,60,定西,1,2022-07-19,在售
205,GXP-DF-0205,陇西马铃薯粉丝3连袋,定西宽粉及薯制品,马铃薯粉丝,胖娃优选,3连袋,袋,21.29,48.0,0.5564,59,陇西,1,2022-08-09,在售
206,GXP-DF-0206,定西马铃薯粉丝礼盒装,定西宽粉及薯制品,马铃薯粉丝,胖娃优选,礼盒装,盒,42.13,74.9,0.4375,10,定西,0,2022-08-26,在售
207,GXP-DF-0207,陇西马铃薯粉丝3连袋,定西宽粉及薯制品,马铃薯粉丝,陇原农特,3连袋,袋,62.94,123.6,0.4908,15,陇西,0,2022-06-12,在售
208,GXP-DF-0208,定西马铃薯粉丝3连袋,定西宽粉及薯制品,马铃薯粉丝,胖娃优选,3连袋,袋,23.52,54.0,0.5644,56,定西,1,2022-12-03,在售
209,GXP-DF-0209,陇西马铃薯粉丝2盒装,定西宽粉及薯制品,马铃薯粉丝,甘肃胖娃娃,2盒装,盒,26.82,48.9,0.4515,60,陇西,1,2022-03-03,在售
210,GXP-DF-0210,陇西马铃薯粉丝2盒装,定西宽粉及薯制品,马铃薯粉丝,胖娃优选,2盒装,盒,49.98,117.3,0.5739,52,陇西,1,2023-02-04,下架
211,GXP-DF-0211,陇西马铃薯粉丝1袋装,定西宽粉及薯制品,马铃薯粉丝,陇原农特,1袋装,袋,24.97,57.5,0.5658,19,陇西,0,2023-03-27,在售
212,GXP-DF-0212,陇西马铃薯粉丝2盒装,定西宽粉及薯制品,马铃薯粉丝,合作甄选,2盒装,盒,41.86,93.2,0.5509,55,陇西,1,2023-03-21,在售
213,GXP-DF-0213,陇西马铃薯粉丝5kg,定西宽粉及薯制品,马铃薯粉丝,陇原农特,5kg,kg,31.14,56.1,0.4449,46,陇西,1,2022-03-19,在售
214,GXP-DF-0214,陇西马铃薯粉丝2盒装,定西宽粉及薯制品,马铃薯粉丝,胖娃优选,2盒装,盒,34.32,71.9,0.5227,50,陇西,1,2022-11-09,在售
215,GXP-DF-0215,陇西马铃薯粉丝10斤装,定西宽粉及薯制品,马铃薯粉丝,小胖甄选,10斤装,箱,37.44,72.6,0.4843,43,陇西,0,2023-04-18,在售
216,GXP-DF-0216,定西马铃薯粉丝礼盒装,定西宽粉及薯制品,马铃薯粉丝,甘肃胖娃娃,礼盒装,盒,20.18,42.6,0.5262,41,定西,0,2022-05-29,在售
217,GXP-DF-0217,定西马铃薯粉丝2盒装,定西宽粉及薯制品,马铃薯粉丝,胖娃优选,2盒装,盒,25.8,44.6,0.4216,46,定西,1,2022-10-12,在售
218,GXP-DF-0218,陇西马铃薯粉丝礼盒装,定西宽粉及薯制品,马铃薯粉丝,甘小胖,礼盒装,盒,49.74,89.6,0.4449,48,陇西,1,2023-04-08,在售
219,GXP-DF-0219,定西马铃薯粉丝750ml,定西宽粉及薯制品,马铃薯粉丝,甘肃胖娃娃,750ml,瓶,52.25,105.7,0.5057,53,定西,1,2022-06-10,在售
220,GXP-DF-0220,定西马铃薯粉丝5kg,定西宽粉及薯制品,马铃薯粉丝,合作甄选,5kg,kg,63.39,126.5,0.4989,56,定西,1,2022-03-22,在售
221,GXP-DF-0221,定西马铃薯粉丝750ml,定西宽粉及薯制品,马铃薯粉丝,胖娃优选,750ml,瓶,52.04,92.2,0.4356,44,定西,0,2022-11-01,在售
222,GXP-DF-0222,定西马铃薯粉丝整箱,定西宽粉及薯制品,马铃薯粉丝,合作甄选,整箱,箱,21.43,46.2,0.5362,52,定西,1,2023-08-04,在售
223,GXP-DF-0223,陇西马铃薯粉丝礼盒装,定西宽粉及薯制品,马铃薯粉丝,甘肃胖娃娃,礼盒装,盒,21.51,47.6,0.5481,50,陇西,1,2022-06-01,在售
224,GXP-DF-0224,陇西马铃薯粉丝5连袋,定西宽粉及薯制品,马铃薯粉丝,小胖甄选,5连袋,袋,54.86,99.3,0.4475,52,陇西,1,2022-09-10,在售
225,GXP-DF-0225,定西马铃薯粉丝礼盒装,定西宽粉及薯制品,马铃薯粉丝,小胖甄选,礼盒装,盒,51.88,97.4,0.4674,49,定西,1,2023-07-01,在售
226,GXP-DF-0226,定西马铃薯粉丝5kg,定西宽粉及薯制品,马铃薯粉丝,陇原农特,5kg,kg,16.25,36.0,0.5487,60,定西,1,2022-10-27,在售
227,GXP-DF-0227,定西马铃薯粉丝500g,定西宽粉及薯制品,马铃薯粉丝,甘肃胖娃娃,500g,kg,37.02,73.8,0.4984,59,定西,1,2023-01-29,在售
228,GXP-DF-0228,定西马铃薯粉丝500ml,定西宽粉及薯制品,马铃薯粉丝,甘肃胖娃娃,500ml,瓶,23.15,48.9,0.5265,13,定西,0,2022-08-20,在售
229,GXP-DF-0229,定西马铃薯粉丝500g,定西宽粉及薯制品,马铃薯粉丝,陇原农特,500g,kg,24.52,52.1,0.5293,47,定西,1,2022-12-24,在售
230,GXP-DF-0230,陇西马铃薯粉丝礼盒装,定西宽粉及薯制品,马铃薯粉丝,甘小胖,礼盒装,盒,15.49,32.9,0.5292,59,陇西,1,2023-10-21,在售
231,GXP-DF-0231,定西马铃薯粉丝500ml,定西宽粉及薯制品,马铃薯粉丝,甘肃胖娃娃,500ml,瓶,14.75,34.1,0.5674,54,定西,1,2023-05-21,在售
232,GXP-DF-0232,定西马铃薯粉丝5kg,定西宽粉及薯制品,马铃薯粉丝,胖娃优选,5kg,kg,43.55,89.9,0.5156,51,定西,1,2022-07-15,在售
233,GXP-DF-0233,陇西马铃薯粉丝5kg,定西宽粉及薯制品,马铃薯粉丝,小胖甄选,5kg,kg,20.66,41.6,0.5034,55,陇西,1,2023-07-14,在售
234,GXP-DF-0234,定西马铃薯粉丝10斤装,定西宽粉及薯制品,马铃薯粉丝,陇原农特,10斤装,箱,70.99,122.9,0.4224,54,定西,1,2022-03-13,清仓
235,GXP-DF-0235,定西马铃薯粉丝10斤装,定西宽粉及薯制品,马铃薯粉丝,小胖甄选,10斤装,箱,15.6,37.0,0.5784,52,定西,1,2023-06-01,在售
236,GXP-DF-0236,定西马铃薯粉丝2盒装,定西宽粉及薯制品,马铃薯粉丝,陇原农特,2盒装,盒,18.71,40.6,0.5391,59,定西,1,2023-10-28,在售
237,GXP-DF-0237,陇西马铃薯粉丝5斤装,定西宽粉及薯制品,马铃薯粉丝,小胖甄选,5斤装,箱,28.38,54.7,0.4812,55,陇西,1,2023-06-04,在售
238,GXP-DF-0238,陇西马铃薯粉丝2盒装,定西宽粉及薯制品,马铃薯粉丝,甘肃胖娃娃,2盒装,盒,51.36,105.6,0.5136,46,陇西,1,2022-05-09,在售
239,GXP-DF-0239,陇西马铃薯粉丝礼盒装,定西宽粉及薯制品,马铃薯粉丝,甘肃胖娃娃,礼盒装,盒,56.53,109.6,0.4842,53,陇西,1,2023-09-02,在售
240,GXP-DF-0240,陇西马铃薯粉丝3连袋,定西宽粉及薯制品,马铃薯粉丝,胖娃优选,3连袋,袋,37.41,72.0,0.4804,47,陇西,1,2022-12-01,在售
241,GXP-DF-0241,定西马铃薯粉丝3连袋,定西宽粉及薯制品,马铃薯粉丝,甘肃胖娃娃,3连袋,袋,30.38,54.8,0.4457,48,定西,1,2022-04-19,在售
242,GXP-DF-0242,陇西马铃薯粉丝1袋装,定西宽粉及薯制品,马铃薯粉丝,陇原农特,1袋装,袋,45.42,99.9,0.5453,47,陇西,1,2022-10-16,在售
243,GXP-DF-0243,定西马铃薯粉丝2盒装,定西宽粉及薯制品,马铃薯粉丝,胖娃优选,2盒装,盒,37.31,68.4,0.4545,59,定西,1,2022-05-16,在售
244,GXP-DF-0244,定西马铃薯粉丝礼盒装,定西宽粉及薯制品,马铃薯粉丝,合作甄选,礼盒装,盒,40.06,90.1,0.5554,21,定西,0,2023-08-16,在售
245,GXP-DF-0245,陇西马铃薯粉丝2kg,定西宽粉及薯制品,马铃薯粉丝,小胖甄选,2kg,kg,28.07,50.4,0.4431,54,陇西,1,2022-09-16,在售
246,GXP-DF-0246,陇西马铃薯粉丝750ml,定西宽粉及薯制品,马铃薯粉丝,陇原农特,750ml,瓶,36.74,71.3,0.4847,46,陇西,1,2023-04-30,在售
247,GXP-DF-0247,陇西马铃薯粉丝2kg,定西宽粉及薯制品,马铃薯粉丝,合作甄选,2kg,kg,45.39,99.9,0.5456,51,陇西,1,2023-10-03,在售
248,GXP-DF-0248,陇西马铃薯粉丝2盒装,定西宽粉及薯制品,马铃薯粉丝,甘小胖,2盒装,盒,32.87,66.0,0.5019,55,陇西,1,2023-01-21,在售
249,GXP-DF-0249,定西马铃薯粉丝500ml,定西宽粉及薯制品,马铃薯粉丝,甘小胖,500ml,瓶,65.03,113.0,0.4245,59,定西,1,2022-04-04,在售
250,GXP-DF-0250,定西马铃薯粉丝750ml,定西宽粉及薯制品,马铃薯粉丝,胖娃优选,750ml,瓶,20.73,36.1,0.4258,50,定西,1,2022-09-12,在售
251,GXP-DF-0251,陇西马铃薯粉丝5kg,定西宽粉及薯制品,马铃薯粉丝,合作甄选,5kg,kg,43.88,103.1,0.5744,19,陇西,0,2023-08-07,在售
252,GXP-DF-0252,定西马铃薯粉丝3连袋,定西宽粉及薯制品,马铃薯粉丝,胖娃优选,3连袋,袋,39.08,74.3,0.474,43,定西,0,2023-01-12,在售
253,GXP-DF-0253,陇西水晶粉丝750ml,定西宽粉及薯制品,水晶粉丝,合作甄选,750ml,瓶,55.81,117.8,0.5262,5,陇西,0,2023-09-01,在售
254,GXP-DF-0254,定西水晶粉丝5kg,定西宽粉及薯制品,水晶粉丝,胖娃优选,5kg,kg,35.3,83.6,0.5778,56,定西,1,2022-08-31,清仓
255,GXP-DF-0255,定西水晶粉丝10斤装,定西宽粉及薯制品,水晶粉丝,甘小胖,10斤装,箱,14.8,33.5,0.5581,11,定西,0,2022-12-19,清仓
256,GXP-DF-0256,陇西水晶粉丝750ml,定西宽粉及薯制品,水晶粉丝,甘肃胖娃娃,750ml,瓶,16.13,36.2,0.5543,48,陇西,1,2022-06-08,下架
257,GXP-DF-0257,陇西水晶粉丝750ml,定西宽粉及薯制品,水晶粉丝,胖娃优选,750ml,瓶,47.76,109.0,0.5618,57,陇西,1,2022-09-12,在售
258,GXP-DF-0258,陇西水晶粉丝10斤装,定西宽粉及薯制品,水晶粉丝,胖娃优选,10斤装,箱,53.7,109.6,0.51,60,陇西,1,2023-04-24,在售
259,GXP-DF-0259,定西水晶粉丝10斤装,定西宽粉及薯制品,水晶粉丝,小胖甄选,10斤装,箱,60.21,120.9,0.502,30,定西,0,2023-08-09,在售
260,GXP-DF-0260,定西水晶粉丝整箱,定西宽粉及薯制品,水晶粉丝,小胖甄选,整箱,箱,47.89,97.1,0.5068,54,定西,1,2022-07-18,在售
261,GXP-DF-0261,陇西水晶粉丝500ml,定西宽粉及薯制品,水晶粉丝,小胖甄选,500ml,瓶,59.68,112.2,0.4681,60,陇西,1,2022-03-11,在售
262,GXP-DF-0262,定西水晶粉丝750ml,定西宽粉及薯制品,水晶粉丝,合作甄选,750ml,瓶,18.8,41.1,0.5425,52,定西,1,2022-03-11,在售
263,GXP-DF-0263,定西水晶粉丝500g,定西宽粉及薯制品,水晶粉丝,甘肃胖娃娃,500g,kg,34.69,62.1,0.4414,34,定西,0,2023-07-02,在售
264,GXP-DF-0264,陇西水晶粉丝礼盒装,定西宽粉及薯制品,水晶粉丝,陇原农特,礼盒装,盒,36.71,83.6,0.5609,39,陇西,0,2023-03-06,在售
265,GXP-DF-0265,定西水晶粉丝5连袋,定西宽粉及薯制品,水晶粉丝,小胖甄选,5连袋,袋,24.14,45.8,0.473,2,定西,0,2022-07-02,在售
266,GXP-DF-0266,定西水晶粉丝3连袋,定西宽粉及薯制品,水晶粉丝,胖娃优选,3连袋,袋,43.24,81.3,0.4681,50,定西,1,2023-08-23,在售
267,GXP-DF-0267,定西水晶粉丝5连袋,定西宽粉及薯制品,水晶粉丝,胖娃优选,5连袋,袋,63.58,110.5,0.4246,59,定西,1,2023-09-09,在售
268,GXP-DF-0268,陇西水晶粉丝500ml,定西宽粉及薯制品,水晶粉丝,陇原农特,500ml,瓶,40.21,89.9,0.5527,55,陇西,1,2022-02-17,下架
269,GXP-DF-0269,定西水晶粉丝2盒装,定西宽粉及薯制品,水晶粉丝,胖娃优选,2盒装,盒,38.19,82.3,0.536,56,定西,1,2022-10-13,在售
270,GXP-DF-0270,定西水晶粉丝礼盒装,定西宽粉及薯制品,水晶粉丝,小胖甄选,礼盒装,盒,17.34,38.1,0.5449,58,定西,1,2023-02-07,清仓
271,GXP-DF-0271,定西水晶粉丝整箱,定西宽粉及薯制品,水晶粉丝,陇原农特,整箱,箱,60.84,116.3,0.4769,40,定西,0,2022-07-31,在售
272,GXP-DF-0272,定西水晶粉丝750ml,定西宽粉及薯制品,水晶粉丝,胖娃优选,750ml,瓶,28.6,50.4,0.4325,60,定西,1,2022-05-25,在售
273,GXP-DF-0273,陇西水晶粉丝750ml,定西宽粉及薯制品,水晶粉丝,甘肃胖娃娃,750ml,瓶,36.0,80.7,0.5539,9,陇西,0,2023-07-09,在售
274,GXP-DF-0274,陇西水晶粉丝10斤装,定西宽粉及薯制品,水晶粉丝,甘小胖,10斤装,箱,66.44,119.3,0.4431,28,陇西,0,2022-04-03,在售
275,GXP-DF-0275,陇西水晶粉丝500ml,定西宽粉及薯制品,水晶粉丝,甘肃胖娃娃,500ml,瓶,57.83,110.6,0.4771,47,陇西,1,2022-05-19,在售
276,GXP-DF-0276,定西水晶粉丝10斤装,定西宽粉及薯制品,水晶粉丝,甘肃胖娃娃,10斤装,箱,57.52,112.3,0.4878,58,定西,1,2023-04-28,在售
277,GXP-DF-0277,定西水晶粉丝2盒装,定西宽粉及薯制品,水晶粉丝,陇原农特,2盒装,盒,37.2,86.4,0.5695,47,定西,1,2022-04-06,在售
278,GXP-DF-0278,定西水晶粉丝2盒装,定西宽粉及薯制品,水晶粉丝,胖娃优选,2盒装,盒,27.74,48.6,0.4292,32,定西,0,2023-10-03,在售
279,GXP-DF-0279,陇西水晶粉丝10斤装,定西宽粉及薯制品,水晶粉丝,合作甄选,10斤装,箱,49.4,89.9,0.4505,57,陇西,1,2022-08-01,在售
280,GXP-DF-0280,定西水晶粉丝500ml,定西宽粉及薯制品,水晶粉丝,甘小胖,500ml,瓶,22.33,44.8,0.5015,18,定西,0,2022-09-11,在售
281,GXP-DF-0281,定西水晶粉丝1袋装,定西宽粉及薯制品,水晶粉丝,合作甄选,1袋装,袋,41.13,79.7,0.484,60,定西,1,2022-07-02,在售
282,GXP-DF-0282,定西水晶粉丝5斤装,定西宽粉及薯制品,水晶粉丝,陇原农特,5斤装,箱,28.08,58.4,0.5192,19,定西,0,2023-07-26,在售
283,GXP-DF-0283,陇西水晶粉丝1kg,定西宽粉及薯制品,水晶粉丝,小胖甄选,1kg,kg,21.6,44.0,0.5092,29,陇西,0,2022-05-26,在售
284,GXP-DF-0284,定西水晶粉丝2kg,定西宽粉及薯制品,水晶粉丝,甘肃胖娃娃,2kg,kg,48.93,90.0,0.4563,33,定西,0,2023-08-31,在售
285,GXP-DF-0285,陇西水晶粉丝750ml,定西宽粉及薯制品,水晶粉丝,胖娃优选,750ml,瓶,24.77,44.1,0.4384,46,陇西,1,2023-04-01,在售
286,GXP-DF-0286,陇西水晶粉丝整箱,定西宽粉及薯制品,水晶粉丝,甘小胖,整箱,箱,33.33,65.5,0.4911,46,陇西,1,2023-10-07,在售
287,GXP-DF-0287,定西水晶粉丝10斤装,定西宽粉及薯制品,水晶粉丝,胖娃优选,10斤装,箱,16.84,36.6,0.54,57,定西,1,2023-08-06,在售
288,GXP-DF-0288,陇西水晶粉丝礼盒装,定西宽粉及薯制品,水晶粉丝,甘肃胖娃娃,礼盒装,盒,41.53,79.0,0.4743,50,陇西,1,2023-07-03,在售
289,GXP-DF-0289,陇西水晶粉丝2盒装,定西宽粉及薯制品,水晶粉丝,小胖甄选,2盒装,盒,41.48,90.8,0.5432,48,陇西,1,2023-10-31,在售
290,GXP-DF-0290,定西水晶粉丝礼盒装,定西宽粉及薯制品,水晶粉丝,陇原农特,礼盒装,盒,62.01,123.7,0.4987,50,定西,1,2022-06-25,在售
291,GXP-DF-0291,陇西水晶粉丝10斤装,定西宽粉及薯制品,水晶粉丝,小胖甄选,10斤装,箱,49.74,105.5,0.5285,60,陇西,1,2023-07-11,在售
292,GXP-DF-0292,定西水晶粉丝500ml,定西宽粉及薯制品,水晶粉丝,陇原农特,500ml,瓶,68.81,125.3,0.4508,24,定西,0,2022-07-26,在售
293,GXP-DF-0293,定西水晶粉丝3连袋,定西宽粉及薯制品,水晶粉丝,陇原农特,3连袋,袋,25.53,45.2,0.4351,57,定西,1,2023-01-18,在售
294,GXP-DF-0294,陇西水晶粉丝500g,定西宽粉及薯制品,水晶粉丝,胖娃优选,500g,kg,57.87,122.5,0.5276,47,陇西,1,2022-06-25,清仓
295,GXP-DF-0295,定西水晶粉丝10斤装,定西宽粉及薯制品,水晶粉丝,胖娃优选,10斤装,箱,50.3,99.2,0.4929,51,定西,1,2022-08-07,在售
296,GXP-DF-0296,陇西水晶粉丝2盒装,定西宽粉及薯制品,水晶粉丝,合作甄选,2盒装,盒,43.84,102.1,0.5706,53,陇西,1,2022-04-08,在售
297,GXP-DF-0297,定西水晶粉丝2kg,定西宽粉及薯制品,水晶粉丝,甘小胖,2kg,kg,28.91,63.6,0.5454,58,定西,1,2023-09-28,在售
298,GXP-DF-0298,定西水晶粉丝1kg,定西宽粉及薯制品,水晶粉丝,胖娃优选,1kg,kg,66.2,126.5,0.4767,38,定西,0,2023-09-29,在售
299,GXP-DF-0299,定西水晶粉丝5连袋,定西宽粉及薯制品,水晶粉丝,小胖甄选,5连袋,袋,58.62,114.2,0.4867,49,定西,1,2023-02-09,在售
300,GXP-DF-0300,定西水晶粉丝整箱,定西宽粉及薯制品,水晶粉丝,甘小胖,整箱,箱,54.98,114.8,0.5211,55,定西,1,2023-09-14,在售
301,GXP-DF-0301,陇西水晶粉丝5kg,定西宽粉及薯制品,水晶粉丝,甘肃胖娃娃,5kg,kg,29.7,62.3,0.5232,19,陇西,0,2022-02-26,在售
302,GXP-DF-0302,陇西水晶粉丝2盒装,定西宽粉及薯制品,水晶粉丝,陇原农特,2盒装,盒,31.39,61.7,0.4912,50,陇西,1,2023-11-17,在售
303,GXP-DF-0303,陇西水晶粉丝1袋装,定西宽粉及薯制品,水晶粉丝,甘肃胖娃娃,1袋装,袋,53.77,97.8,0.4502,55,陇西,1,2023-02-03,在售
304,GXP-DF-0304,陇西水晶粉丝1kg,定西宽粉及薯制品,水晶粉丝,合作甄选,1kg,kg,29.72,56.8,0.4767,10,陇西,0,2022-02-01,下架
305,GXP-DF-0305,陇西水晶粉丝750ml,定西宽粉及薯制品,水晶粉丝,甘肃胖娃娃,750ml,瓶,52.64,98.3,0.4645,40,陇西,0,2023-09-16,在售
306,GXP-DF-0306,定西水晶粉丝5连袋,定西宽粉及薯制品,水晶粉丝,胖娃优选,5连袋,袋,44.38,101.2,0.5615,51,定西,1,2023-07-18,在售
307,GXP-DF-0307,定西水晶粉丝礼盒装,定西宽粉及薯制品,水晶粉丝,甘小胖,礼盒装,盒,41.22,90.4,0.544,60,定西,1,2023-04-04,清仓
308,GXP-DF-0308,定西水晶粉丝1袋装,定西宽粉及薯制品,水晶粉丝,陇原农特,1袋装,袋,65.18,114.8,0.4322,57,定西,1,2023-06-22,在售
309,GXP-DF-0309,陇西水晶粉丝礼盒装,定西宽粉及薯制品,水晶粉丝,胖娃优选,礼盒装,盒,37.14,64.8,0.4269,46,陇西,1,2023-09-08,在售
310,GXP-DF-0310,陇西水晶粉丝10斤装,定西宽粉及薯制品,水晶粉丝,陇原农特,10斤装,箱,31.91,62.4,0.4887,6,陇西,0,2023-03-09,在售
311,GXP-DF-0311,陇西水晶粉丝500ml,定西宽粉及薯制品,水晶粉丝,合作甄选,500ml,瓶,24.1,41.8,0.4235,37,陇西,0,2023-04-01,在售
312,GXP-DF-0312,陇西水晶粉丝整箱,定西宽粉及薯制品,水晶粉丝,小胖甄选,整箱,箱,13.87,32.8,0.577,57,陇西,1,2023-03-11,在售
313,GXP-DF-0313,定西水晶粉丝2kg,定西宽粉及薯制品,水晶粉丝,合作甄选,2kg,kg,26.66,63.1,0.5775,58,定西,1,2023-10-13,在售
314,GXP-DF-0314,陇西水晶粉丝5斤装,定西宽粉及薯制品,水晶粉丝,胖娃优选,5斤装,箱,55.89,109.4,0.4891,58,陇西,1,2023-06-22,在售
315,GXP-DF-0315,陇西粉皮10斤装,定西宽粉及薯制品,粉皮,甘小胖,10斤装,箱,45.69,106.2,0.5698,48,陇西,1,2022-03-15,在售
316,GXP-DF-0316,定西粉皮2盒装,定西宽粉及薯制品,粉皮,小胖甄选,2盒装,盒,47.95,98.2,0.5117,53,定西,1,2022-04-19,在售
317,GXP-DF-0317,陇西粉皮2盒装,定西宽粉及薯制品,粉皮,合作甄选,2盒装,盒,24.0,46.7,0.4861,47,陇西,1,2023-04-17,在售
318,GXP-DF-0318,陇西粉皮整箱,定西宽粉及薯制品,粉皮,胖娃优选,整箱,箱,35.91,69.3,0.4818,56,陇西,1,2023-01-22,在售
319,GXP-DF-0319,定西粉皮500g,定西宽粉及薯制品,粉皮,合作甄选,500g,kg,24.8,50.6,0.5098,55,定西,1,2022-03-22,在售
320,GXP-DF-0320,定西粉皮5连袋,定西宽粉及薯制品,粉皮,陇原农特,5连袋,袋,44.14,89.6,0.5074,58,定西,1,2022-03-13,在售
321,GXP-DF-0321,定西粉皮2盒装,定西宽粉及薯制品,粉皮,胖娃优选,2盒装,盒,29.29,64.2,0.5438,24,定西,0,2022-12-26,在售
322,GXP-DF-0322,定西粉皮5斤装,定西宽粉及薯制品,粉皮,陇原农特,5斤装,箱,49.48,90.9,0.4557,54,定西,1,2022-05-08,在售
323,GXP-DF-0323,陇西粉皮2盒装,定西宽粉及薯制品,粉皮,甘小胖,2盒装,盒,34.67,76.9,0.5491,54,陇西,1,2022-11-24,在售
324,GXP-DF-0324,定西粉皮礼盒装,定西宽粉及薯制品,粉皮,合作甄选,礼盒装,盒,52.97,98.7,0.4633,56,定西,1,2023-11-19,在售
325,GXP-DF-0325,陇西粉皮整箱,定西宽粉及薯制品,粉皮,胖娃优选,整箱,箱,22.52,43.5,0.4822,49,陇西,1,2023-03-04,在售
326,GXP-DF-0326,陇西粉皮3连袋,定西宽粉及薯制品,粉皮,合作甄选,3连袋,袋,17.82,35.7,0.5009,51,陇西,1,2022-11-16,在售
327,GXP-DF-0327,定西粉皮5斤装,定西宽粉及薯制品,粉皮,陇原农特,5斤装,箱,43.91,78.6,0.4414,54,定西,1,2022-03-09,在售
328,GXP-DF-0328,定西粉皮3连袋,定西宽粉及薯制品,粉皮,甘肃胖娃娃,3连袋,袋,41.55,80.5,0.4839,47,定西,1,2023-11-12,在售
329,GXP-DF-0329,陇西粉皮3连袋,定西宽粉及薯制品,粉皮,陇原农特,3连袋,袋,63.33,113.6,0.4425,20,陇西,0,2022-08-26,在售
330,GXP-DF-0330,陇西粉皮礼盒装,定西宽粉及薯制品,粉皮,甘肃胖娃娃,礼盒装,盒,61.64,111.6,0.4477,30,陇西,0,2023-01-28,在售
331,GXP-DF-0331,陇西粉皮整箱,定西宽粉及薯制品,粉皮,甘小胖,整箱,箱,33.77,62.3,0.458,49,陇西,1,2023-09-19,在售
332,GXP-DF-0332,陇西粉皮5连袋,定西宽粉及薯制品,粉皮,甘小胖,5连袋,袋,55.56,102.0,0.4553,57,陇西,1,2023-04-24,在售
333,GXP-DF-0333,定西粉皮2盒装,定西宽粉及薯制品,粉皮,小胖甄选,2盒装,盒,53.46,103.4,0.483,51,定西,1,2022-05-19,在售
334,GXP-DF-0334,陇西粉皮2盒装,定西宽粉及薯制品,粉皮,胖娃优选,2盒装,盒,20.64,39.2,0.4735,40,陇西,0,2023-06-19,在售
335,GXP-DF-0335,陇西粉皮1kg,定西宽粉及薯制品,粉皮,甘小胖,1kg,kg,53.93,123.4,0.563,55,陇西,1,2023-11-11,在售
336,GXP-DF-0336,定西粉皮整箱,定西宽粉及薯制品,粉皮,胖娃优选,整箱,箱,54.57,105.9,0.4847,4,定西,0,2023-07-21,在售
337,GXP-DF-0337,陇西粉皮500ml,定西宽粉及薯制品,粉皮,小胖甄选,500ml,瓶,23.22,48.2,0.5182,58,陇西,1,2023-10-10,在售
338,GXP-DF-0338,陇西粉皮3连袋,定西宽粉及薯制品,粉皮,合作甄选,3连袋,袋,37.84,79.6,0.5246,57,陇西,1,2022-03-18,在售
339,GXP-DF-0339,陇西粉皮整箱,定西宽粉及薯制品,粉皮,甘小胖,整箱,箱,23.58,42.7,0.4478,52,陇西,1,2023-09-11,在售
340,GXP-DF-0340,定西粉皮3连袋,定西宽粉及薯制品,粉皮,甘小胖,3连袋,袋,53.62,103.5,0.4819,56,定西,1,2022-08-07,在售
341,GXP-DF-0341,陇西粉皮1kg,定西宽粉及薯制品,粉皮,合作甄选,1kg,kg,43.15,96.4,0.5524,48,陇西,1,2023-01-17,清仓
342,GXP-DF-0342,定西粉皮750ml,定西宽粉及薯制品,粉皮,陇原农特,750ml,瓶,64.82,124.4,0.4789,52,定西,1,2022-03-11,在售
343,GXP-DF-0343,定西粉皮整箱,定西宽粉及薯制品,粉皮,合作甄选,整箱,箱,44.85,88.7,0.4944,52,定西,1,2022-04-27,在售
344,GXP-DF-0344,陇西粉皮2盒装,定西宽粉及薯制品,粉皮,陇原农特,2盒装,盒,44.32,94.1,0.529,53,陇西,1,2023-04-07,在售
345,GXP-DF-0345,陇西粉皮5kg,定西宽粉及薯制品,粉皮,陇原农特,5kg,kg,54.79,108.6,0.4955,16,陇西,0,2022-02-18,在售
346,GXP-DF-0346,陇西粉皮整箱,定西宽粉及薯制品,粉皮,甘肃胖娃娃,整箱,箱,44.17,103.7,0.5741,41,陇西,0,2023-05-15,在售
347,GXP-DF-0347,陇西粉皮5斤装,定西宽粉及薯制品,粉皮,合作甄选,5斤装,箱,32.06,60.9,0.4736,46,陇西,1,2022-12-08,在售
348,GXP-DF-0348,定西粉皮3连袋,定西宽粉及薯制品,粉皮,甘小胖,3连袋,袋,58.27,113.6,0.4871,9,定西,0,2023-05-31,在售
349,GXP-DF-0349,陇西粉皮2盒装,定西宽粉及薯制品,粉皮,甘小胖,2盒装,盒,23.69,41.0,0.4223,21,陇西,0,2023-04-27,在售
350,GXP-DF-0350,陇西粉皮1袋装,定西宽粉及薯制品,粉皮,甘小胖,1袋装,袋,54.82,103.0,0.4678,55,陇西,1,2023-05-10,在售
351,GXP-DF-0351,陇西粉皮2kg,定西宽粉及薯制品,粉皮,合作甄选,2kg,kg,33.41,68.8,0.5144,54,陇西,1,2023-04-07,在售
352,GXP-DF-0352,陇西粉皮2盒装,定西宽粉及薯制品,粉皮,小胖甄选,2盒装,盒,44.71,85.8,0.4789,48,陇西,1,2023-03-21,在售
353,GXP-DF-0353,定西粉皮1袋装,定西宽粉及薯制品,粉皮,合作甄选,1袋装,袋,60.81,107.1,0.4322,11,定西,0,2023-02-25,在售
354,GXP-DF-0354,陇西粉皮2kg,定西宽粉及薯制品,粉皮,胖娃优选,2kg,kg,45.14,86.4,0.4775,54,陇西,1,2023-11-27,在售
355,GXP-DF-0355,定西粉皮2盒装,定西宽粉及薯制品,粉皮,甘肃胖娃娃,2盒装,盒,52.46,122.0,0.57,42,定西,0,2023-11-13,在售
356,GXP-DF-0356,定西粉皮5连袋,定西宽粉及薯制品,粉皮,小胖甄选,5连袋,袋,15.82,33.0,0.5205,13,定西,0,2022-04-08,在售
357,GXP-DF-0357,陇西粉皮3连袋,定西宽粉及薯制品,粉皮,陇原农特,3连袋,袋,41.19,75.0,0.4508,30,陇西,0,2022-10-13,在售
358,GXP-DF-0358,定西粉皮5kg,定西宽粉及薯制品,粉皮,甘肃胖娃娃,5kg,kg,42.39,89.0,0.5237,35,定西,0,2023-10-13,在售
359,GXP-DF-0359,定西粉皮2盒装,定西宽粉及薯制品,粉皮,小胖甄选,2盒装,盒,16.68,34.2,0.5122,7,定西,0,2022-12-28,在售
360,GXP-DF-0360,定西粉皮10斤装,定西宽粉及薯制品,粉皮,陇原农特,10斤装,箱,50.65,97.7,0.4816,49,定西,1,2023-03-11,在售
361,GXP-DF-0361,陇西粉皮2kg,定西宽粉及薯制品,粉皮,陇原农特,2kg,kg,15.69,30.4,0.484,57,陇西,1,2022-04-17,在售
362,GXP-DF-0362,陇西粉皮500ml,定西宽粉及薯制品,粉皮,陇原农特,500ml,瓶,43.88,96.4,0.5448,52,陇西,1,2023-04-28,在售
363,GXP-DF-0363,陇西粉皮1kg,定西宽粉及薯制品,粉皮,甘肃胖娃娃,1kg,kg,48.17,105.6,0.5438,59,陇西,1,2023-11-18,在售
364,GXP-DF-0364,定西粉皮5斤装,定西宽粉及薯制品,粉皮,胖娃优选,5斤装,箱,31.91,71.0,0.5505,58,定西,1,2022-04-04,在售
365,GXP-DF-0365,陇西粉皮3连袋,定西宽粉及薯制品,粉皮,合作甄选,3连袋,袋,37.43,73.7,0.4921,46,陇西,1,2023-02-25,在售
366,GXP-DF-0366,陇西粉皮1袋装,定西宽粉及薯制品,粉皮,甘肃胖娃娃,1袋装,袋,39.75,84.2,0.5279,7,陇西,0,2023-04-09,在售
367,GXP-DF-0367,定西粉皮750ml,定西宽粉及薯制品,粉皮,甘小胖,750ml,瓶,47.73,84.4,0.4345,9,定西,0,2022-04-01,在售
368,GXP-DF-0368,定西粉皮2kg,定西宽粉及薯制品,粉皮,甘小胖,2kg,kg,30.4,70.2,0.567,55,定西,1,2023-06-17,在售
369,GXP-DF-0369,定西粉皮2kg,定西宽粉及薯制品,粉皮,甘肃胖娃娃,2kg,kg,50.12,109.5,0.5423,36,定西,0,2022-07-20,在售
370,GXP-DF-0370,定西粉皮5斤装,定西宽粉及薯制品,粉皮,小胖甄选,5斤装,箱,46.48,80.2,0.4205,48,定西,1,2022-07-30,在售
371,GXP-DF-0371,陇西粉皮750ml,定西宽粉及薯制品,粉皮,合作甄选,750ml,瓶,54.67,120.4,0.5459,60,陇西,1,2022-03-13,清仓
372,GXP-DF-0372,陇西粉皮1袋装,定西宽粉及薯制品,粉皮,甘小胖,1袋装,袋,55.66,102.2,0.4554,38,陇西,0,2022-05-17,在售
373,GXP-DF-0373,陇西粉皮礼盒装,定西宽粉及薯制品,粉皮,胖娃优选,礼盒装,盒,50.83,111.3,0.5433,44,陇西,0,2022-02-17,在售
374,GXP-DF-0374,陇西粉皮500g,定西宽粉及薯制品,粉皮,胖娃优选,500g,kg,17.89,31.6,0.4339,59,陇西,1,2023-07-20,在售
375,GXP-DF-0375,定西粉皮10斤装,定西宽粉及薯制品,粉皮,胖娃优选,10斤装,箱,55.97,113.9,0.5086,52,定西,1,2022-02-15,在售
376,GXP-DF-0376,定西粉皮礼盒装,定西宽粉及薯制品,粉皮,甘小胖,礼盒装,盒,34.98,68.5,0.4894,58,定西,1,2022-05-08,在售
377,GXP-DF-0377,陇西马铃薯淀粉1kg,定西宽粉及薯制品,马铃薯淀粉,甘肃胖娃娃,1kg,kg,21.17,37.8,0.44,52,陇西,1,2022-10-25,在售
378,GXP-DF-0378,定西马铃薯淀粉2盒装,定西宽粉及薯制品,马铃薯淀粉,陇原农特,2盒装,盒,39.73,90.3,0.56,57,定西,1,2023-05-30,在售
379,GXP-DF-0379,陇西马铃薯淀粉750ml,定西宽粉及薯制品,马铃薯淀粉,合作甄选,750ml,瓶,30.38,63.1,0.5185,43,陇西,0,2023-09-21,在售
380,GXP-DF-0380,陇西马铃薯淀粉5斤装,定西宽粉及薯制品,马铃薯淀粉,陇原农特,5斤装,箱,49.34,86.8,0.4316,16,陇西,0,2022-12-30,在售
381,GXP-DF-0381,定西马铃薯淀粉5斤装,定西宽粉及薯制品,马铃薯淀粉,合作甄选,5斤装,箱,43.45,75.1,0.4214,47,定西,1,2022-03-10,下架
382,GXP-DF-0382,定西马铃薯淀粉2盒装,定西宽粉及薯制品,马铃薯淀粉,甘小胖,2盒装,盒,26.09,51.8,0.4963,48,定西,1,2023-02-10,清仓
383,GXP-DF-0383,定西马铃薯淀粉500ml,定西宽粉及薯制品,马铃薯淀粉,胖娃优选,500ml,瓶,37.95,79.3,0.5214,54,定西,1,2022-10-15,在售
384,GXP-DF-0384,陇西马铃薯淀粉整箱,定西宽粉及薯制品,马铃薯淀粉,合作甄选,整箱,箱,25.14,48.0,0.4762,55,陇西,1,2022-10-22,在售
385,GXP-DF-0385,定西马铃薯淀粉10斤装,定西宽粉及薯制品,马铃薯淀粉,小胖甄选,10斤装,箱,29.75,61.3,0.5147,59,定西,1,2023-01-10,在售
386,GXP-DF-0386,定西马铃薯淀粉礼盒装,定西宽粉及薯制品,马铃薯淀粉,甘肃胖娃娃,礼盒装,盒,54.73,110.7,0.5056,54,定西,1,2022-10-07,在售
387,GXP-DF-0387,定西马铃薯淀粉3连袋,定西宽粉及薯制品,马铃薯淀粉,合作甄选,3连袋,袋,55.14,105.8,0.4788,17,定西,0,2023-01-10,在售
388,GXP-DF-0388,定西马铃薯淀粉5斤装,定西宽粉及薯制品,马铃薯淀粉,甘小胖,5斤装,箱,22.96,43.6,0.4735,22,定西,0,2023-08-13,在售
389,GXP-DF-0389,定西马铃薯淀粉礼盒装,定西宽粉及薯制品,马铃薯淀粉,合作甄选,礼盒装,盒,15.44,32.0,0.5175,57,定西,1,2023-04-10,在售
390,GXP-DF-0390,陇西马铃薯淀粉整箱,定西宽粉及薯制品,马铃薯淀粉,陇原农特,整箱,箱,42.84,82.7,0.482,58,陇西,1,2023-06-09,在售
391,GXP-DF-0391,定西马铃薯淀粉整箱,定西宽粉及薯制品,马铃薯淀粉,小胖甄选,整箱,箱,51.85,122.4,0.5764,23,定西,0,2023-03-23,在售
392,GXP-DF-0392,定西马铃薯淀粉整箱,定西宽粉及薯制品,马铃薯淀粉,甘肃胖娃娃,整箱,箱,61.63,109.5,0.4372,46,定西,1,2023-03-08,下架
393,GXP-DF-0393,陇西马铃薯淀粉750ml,定西宽粉及薯制品,马铃薯淀粉,甘小胖,750ml,瓶,46.58,103.1,0.5482,58,陇西,1,2022-09-04,在售
394,GXP-DF-0394,定西马铃薯淀粉5kg,定西宽粉及薯制品,马铃薯淀粉,合作甄选,5kg,kg,35.55,81.0,0.5611,57,定西,1,2023-03-10,在售
395,GXP-DF-0395,定西马铃薯淀粉750ml,定西宽粉及薯制品,马铃薯淀粉,甘小胖,750ml,瓶,28.41,66.6,0.5734,50,定西,1,2023-03-12,在售
396,GXP-DF-0396,定西马铃薯淀粉10斤装,定西宽粉及薯制品,马铃薯淀粉,合作甄选,10斤装,箱,56.34,100.1,0.4372,1,定西,0,2022-05-01,在售
397,GXP-DF-0397,定西马铃薯淀粉1袋装,定西宽粉及薯制品,马铃薯淀粉,甘小胖,1袋装,袋,35.48,64.0,0.4456,54,定西,1,2022-04-29,在售
398,GXP-DF-0398,定西马铃薯淀粉礼盒装,定西宽粉及薯制品,马铃薯淀粉,陇原农特,礼盒装,盒,37.86,67.0,0.4349,53,定西,1,2022-09-03,在售
399,GXP-DF-0399,陇西马铃薯淀粉5kg,定西宽粉及薯制品,马铃薯淀粉,陇原农特,5kg,kg,62.59,115.1,0.4562,59,陇西,1,2023-06-26,清仓
400,GXP-DF-0400,定西马铃薯淀粉5连袋,定西宽粉及薯制品,马铃薯淀粉,胖娃优选,5连袋,袋,32.95,64.1,0.4859,12,定西,0,2023-04-14,在售
401,GXP-DF-0401,陇西马铃薯淀粉礼盒装,定西宽粉及薯制品,马铃薯淀粉,甘肃胖娃娃,礼盒装,盒,25.38,46.1,0.4495,52,陇西,1,2023-01-21,在售
402,GXP-DF-0402,陇西马铃薯淀粉整箱,定西宽粉及薯制品,马铃薯淀粉,合作甄选,整箱,箱,28.46,63.7,0.5532,46,陇西,1,2023-01-29,在售
403,GXP-DF-0403,定西马铃薯淀粉5kg,定西宽粉及薯制品,马铃薯淀粉,小胖甄选,5kg,kg,31.35,71.7,0.5627,51,定西,1,2022-03-05,在售
404,GXP-DF-0404,陇西马铃薯淀粉750ml,定西宽粉及薯制品,马铃薯淀粉,陇原农特,750ml,瓶,51.83,104.8,0.5054,8,陇西,0,2023-03-19,在售
405,GXP-DF-0405,陇西马铃薯淀粉2盒装,定西宽粉及薯制品,马铃薯淀粉,胖娃优选,2盒装,盒,55.68,114.0,0.5116,25,陇西,0,2023-06-22,在售
406,GXP-DF-0406,陇西马铃薯淀粉10斤装,定西宽粉及薯制品,马铃薯淀粉,甘小胖,10斤装,箱,46.97,100.6,0.5331,39,陇西,0,2022-10-06,在售
407,GXP-DF-0407,陇西马铃薯淀粉3连袋,定西宽粉及薯制品,马铃薯淀粉,胖娃优选,3连袋,袋,43.33,83.1,0.4786,31,陇西,0,2023-08-25,在售
408,GXP-DF-0408,定西马铃薯淀粉2盒装,定西宽粉及薯制品,马铃薯淀粉,胖娃优选,2盒装,盒,21.67,39.2,0.4472,20,定西,0,2022-06-05,在售
409,GXP-DF-0409,陇西马铃薯淀粉5kg,定西宽粉及薯制品,马铃薯淀粉,合作甄选,5kg,kg,60.77,116.0,0.4761,51,陇西,1,2022-12-08,清仓
410,GXP-DF-0410,陇西马铃薯淀粉500ml,定西宽粉及薯制品,马铃薯淀粉,胖娃优选,500ml,瓶,17.12,33.6,0.4905,58,陇西,1,2023-08-16,在售
411,GXP-DF-0411,定西马铃薯淀粉3连袋,定西宽粉及薯制品,马铃薯淀粉,小胖甄选,3连袋,袋,57.96,108.0,0.4633,37,定西,0,2023-02-15,在售
412,GXP-DF-0412,定西马铃薯淀粉整箱,定西宽粉及薯制品,马铃薯淀粉,甘肃胖娃娃,整箱,箱,33.03,58.6,0.4364,5,定西,0,2023-04-27,清仓
413,GXP-DF-0413,定西马铃薯淀粉750ml,定西宽粉及薯制品,马铃薯淀粉,甘小胖,750ml,瓶,51.02,102.4,0.5018,28,定西,0,2023-03-08,在售
414,GXP-DF-0414,定西马铃薯淀粉500ml,定西宽粉及薯制品,马铃薯淀粉,陇原农特,500ml,瓶,40.0,80.8,0.5049,14,定西,0,2022-12-30,在售
415,GXP-DF-0415,陇西马铃薯淀粉1袋装,定西宽粉及薯制品,马铃薯淀粉,甘小胖,1袋装,袋,33.94,66.4,0.4888,21,陇西,0,2023-09-24,在售
416,GXP-DF-0416,定西马铃薯淀粉5连袋,定西宽粉及薯制品,马铃薯淀粉,甘肃胖娃娃,5连袋,袋,53.74,102.9,0.4777,47,定西,1,2022-06-07,在售
417,GXP-DF-0417,定西马铃薯淀粉3连袋,定西宽粉及薯制品,马铃薯淀粉,陇原农特,3连袋,袋,53.25,101.7,0.4764,46,定西,1,2023-06-01,下架
418,GXP-DF-0418,定西马铃薯淀粉整箱,定西宽粉及薯制品,马铃薯淀粉,胖娃优选,整箱,箱,42.61,80.0,0.4674,47,定西,1,2022-07-11,在售
419,GXP-DF-0419,陇西马铃薯淀粉1袋装,定西宽粉及薯制品,马铃薯淀粉,合作甄选,1袋装,袋,39.67,90.8,0.5631,48,陇西,1,2023-08-07,在售
420,GXP-DF-0420,定西马铃薯淀粉5kg,定西宽粉及薯制品,马铃薯淀粉,胖娃优选,5kg,kg,37.22,87.1,0.5727,42,定西,0,2022-06-21,在售
421,GXP-DF-0421,陇西马铃薯淀粉1袋装,定西宽粉及薯制品,马铃薯淀粉,合作甄选,1袋装,袋,25.19,47.8,0.4731,53,陇西,1,2023-09-04,在售
422,GXP-DF-0422,定西马铃薯淀粉500g,定西宽粉及薯制品,马铃薯淀粉,甘肃胖娃娃,500g,kg,17.23,30.4,0.4333,56,定西,1,2022-02-24,在售
423,GXP-DF-0423,陇西马铃薯淀粉5kg,定西宽粉及薯制品,马铃薯淀粉,胖娃优选,5kg,kg,55.9,120.9,0.5376,19,陇西,0,2023-06-10,在售
424,GXP-DF-0424,陇西马铃薯淀粉5斤装,定西宽粉及薯制品,马铃薯淀粉,甘肃胖娃娃,5斤装,箱,24.87,54.0,0.5395,55,陇西,1,2023-10-24,在售
425,GXP-DF-0425,陇西马铃薯淀粉750ml,定西宽粉及薯制品,马铃薯淀粉,陇原农特,750ml,瓶,46.07,90.7,0.4921,30,陇西,0,2023-05-19,在售
426,GXP-DF-0426,陇西马铃薯淀粉整箱,定西宽粉及薯制品,马铃薯淀粉,胖娃优选,整箱,箱,46.14,107.5,0.5708,53,陇西,1,2023-01-18,在售
427,GXP-DF-0427,陇西马铃薯淀粉1袋装,定西宽粉及薯制品,马铃薯淀粉,甘肃胖娃娃,1袋装,袋,39.34,85.6,0.5404,52,陇西,1,2023-03-05,在售
428,GXP-DF-0428,定西马铃薯淀粉整箱,定西宽粉及薯制品,马铃薯淀粉,甘小胖,整箱,箱,54.25,123.1,0.5593,60,定西,1,2022-04-01,在售
429,GXP-DF-0429,定西马铃薯淀粉5斤装,定西宽粉及薯制品,马铃薯淀粉,甘肃胖娃娃,5斤装,箱,49.62,87.3,0.4316,55,定西,1,2022-02-07,在售
430,GXP-DF-0430,陇西马铃薯淀粉10斤装,定西宽粉及薯制品,马铃薯淀粉,胖娃优选,10斤装,箱,55.53,115.8,0.5205,13,陇西,0,2022-05-21,在售
431,GXP-DF-0431,定西马铃薯淀粉1袋装,定西宽粉及薯制品,马铃薯淀粉,胖娃优选,1袋装,袋,22.07,41.9,0.4733,47,定西,1,2023-10-25,清仓
432,GXP-DF-0432,陇西马铃薯淀粉2盒装,定西宽粉及薯制品,马铃薯淀粉,甘肃胖娃娃,2盒装,盒,49.11,91.0,0.4603,35,陇西,0,2022-08-15,在售
433,GXP-DF-0433,定西马铃薯淀粉礼盒装,定西宽粉及薯制品,马铃薯淀粉,胖娃优选,礼盒装,盒,17.08,40.5,0.5783,59,定西,1,2023-08-07,在售
434,GXP-DF-0434,陇西马铃薯淀粉5kg,定西宽粉及薯制品,马铃薯淀粉,合作甄选,5kg,kg,22.69,45.8,0.5045,53,陇西,1,2023-04-03,在售
435,GXP-DF-0435,定西马铃薯淀粉整箱,定西宽粉及薯制品,马铃薯淀粉,胖娃优选,整箱,箱,44.81,102.2,0.5615,50,定西,1,2023-10-21,在售
436,GXP-DF-0436,定西马铃薯淀粉750ml,定西宽粉及薯制品,马铃薯淀粉,小胖甄选,750ml,瓶,49.99,91.8,0.4555,54,定西,1,2022-11-18,在售
437,GXP-DF-0437,定西马铃薯淀粉1袋装,定西宽粉及薯制品,马铃薯淀粉,胖娃优选,1袋装,袋,17.35,34.7,0.5001,56,定西,1,2022-11-03,在售
438,GXP-DF-0438,陇西马铃薯淀粉1袋装,定西宽粉及薯制品,马铃薯淀粉,陇原农特,1袋装,袋,28.34,55.0,0.4848,20,陇西,0,2023-10-10,在售
439,GXP-DF-0439,定西薯脆片500ml,定西宽粉及薯制品,薯脆片,甘肃胖娃娃,500ml,瓶,55.21,99.3,0.444,51,定西,1,2023-02-13,在售
440,GXP-DF-0440,陇西薯脆片10斤装,定西宽粉及薯制品,薯脆片,甘小胖,10斤装,箱,29.35,61.1,0.5196,58,陇西,1,2022-09-01,在售
441,GXP-DF-0441,定西薯脆片2盒装,定西宽粉及薯制品,薯脆片,甘小胖,2盒装,盒,29.56,55.1,0.4636,48,定西,1,2023-08-09,在售
442,GXP-DF-0442,定西薯脆片3连袋,定西宽粉及薯制品,薯脆片,胖娃优选,3连袋,袋,34.79,76.4,0.5446,46,定西,1,2023-10-03,清仓
443,GXP-DF-0443,定西薯脆片整箱,定西宽粉及薯制品,薯脆片,甘肃胖娃娃,整箱,箱,20.7,46.6,0.5558,50,定西,1,2023-11-06,在售
444,GXP-DF-0444,定西薯脆片500ml,定西宽粉及薯制品,薯脆片,胖娃优选,500ml,瓶,25.32,45.6,0.4447,48,定西,1,2022-09-14,在售
445,GXP-DF-0445,定西薯脆片750ml,定西宽粉及薯制品,薯脆片,胖娃优选,750ml,瓶,14.86,31.0,0.5207,44,定西,0,2023-11-04,在售
446,GXP-DF-0446,定西薯脆片2盒装,定西宽粉及薯制品,薯脆片,胖娃优选,2盒装,盒,67.37,116.4,0.4212,56,定西,1,2022-04-08,在售
447,GXP-DF-0447,定西薯脆片500ml,定西宽粉及薯制品,薯脆片,甘小胖,500ml,瓶,19.83,42.6,0.5344,48,定西,1,2023-07-08,在售
448,GXP-DF-0448,陇西薯脆片5连袋,定西宽粉及薯制品,薯脆片,甘小胖,5连袋,袋,16.5,38.3,0.5692,53,陇西,1,2022-03-23,在售
449,GXP-DF-0449,定西薯脆片2盒装,定西宽粉及薯制品,薯脆片,甘小胖,2盒装,盒,42.29,95.9,0.559,28,定西,0,2022-05-12,在售
450,GXP-DF-0450,陇西薯脆片3连袋,定西宽粉及薯制品,薯脆片,小胖甄选,3连袋,袋,31.72,63.5,0.5005,23,陇西,0,2022-02-10,清仓
451,GXP-DF-0451,定西薯脆片750ml,定西宽粉及薯制品,薯脆片,甘肃胖娃娃,750ml,瓶,55.15,104.1,0.4702,6,定西,0,2023-03-04,在售
452,GXP-DF-0452,定西薯脆片5斤装,定西宽粉及薯制品,薯脆片,陇原农特,5斤装,箱,26.98,54.6,0.5059,55,定西,1,2023-01-24,在售
453,GXP-DF-0453,陇西薯脆片1kg,定西宽粉及薯制品,薯脆片,合作甄选,1kg,kg,57.67,105.7,0.4544,60,陇西,1,2022-03-01,在售
454,GXP-DF-0454,陇西薯脆片整箱,定西宽粉及薯制品,薯脆片,甘肃胖娃娃,整箱,箱,27.43,52.0,0.4725,54,陇西,1,2023-08-13,在售
455,GXP-DF-0455,陇西薯脆片礼盒装,定西宽粉及薯制品,薯脆片,合作甄选,礼盒装,盒,30.74,71.9,0.5724,47,陇西,1,2022-12-26,在售
456,GXP-DF-0456,陇西薯脆片礼盒装,定西宽粉及薯制品,薯脆片,合作甄选,礼盒装,盒,32.88,70.5,0.5336,54,陇西,1,2022-12-09,在售
457,GXP-DF-0457,陇西薯脆片750ml,定西宽粉及薯制品,薯脆片,陇原农特,750ml,瓶,26.63,60.3,0.5584,7,陇西,0,2022-12-31,在售
458,GXP-DF-0458,陇西薯脆片1袋装,定西宽粉及薯制品,薯脆片,胖娃优选,1袋装,袋,34.61,80.2,0.5684,20,陇西,0,2023-05-08,在售
459,GXP-DF-0459,定西薯脆片1kg,定西宽粉及薯制品,薯脆片,胖娃优选,1kg,kg,16.25,29.9,0.4564,57,定西,1,2022-03-15,在售
460,GXP-DF-0460,定西薯脆片750ml,定西宽粉及薯制品,薯脆片,合作甄选,750ml,瓶,17.43,36.1,0.5173,10,定西,0,2022-03-23,在售
461,GXP-DF-0461,定西薯脆片礼盒装,定西宽粉及薯制品,薯脆片,胖娃优选,礼盒装,盒,35.28,67.3,0.4758,18,定西,0,2022-06-23,在售
462,GXP-DF-0462,陇西薯脆片1袋装,定西宽粉及薯制品,薯脆片,胖娃优选,1袋装,袋,29.9,58.7,0.4907,56,陇西,1,2023-07-09,在售
463,GXP-DF-0463,定西薯脆片2盒装,定西宽粉及薯制品,薯脆片,甘小胖,2盒装,盒,51.83,108.0,0.5201,29,定西,0,2023-02-23,在售
464,GXP-DF-0464,定西薯脆片1kg,定西宽粉及薯制品,薯脆片,合作甄选,1kg,kg,57.37,103.0,0.443,57,定西,1,2023-02-04,在售
465,GXP-DF-0465,定西薯脆片礼盒装,定西宽粉及薯制品,薯脆片,陇原农特,礼盒装,盒,24.91,50.1,0.5027,17,定西,0,2023-10-09,在售
466,GXP-DF-0466,定西薯脆片整箱,定西宽粉及薯制品,薯脆片,甘小胖,整箱,箱,25.78,45.8,0.4372,54,定西,1,2023-04-09,在售
467,GXP-DF-0467,陇西薯脆片10斤装,定西宽粉及薯制品,薯脆片,陇原农特,10斤装,箱,19.93,40.1,0.5031,59,陇西,1,2022-03-18,在售
468,GXP-DF-0468,定西薯脆片2盒装,定西宽粉及薯制品,薯脆片,甘肃胖娃娃,2盒装,盒,22.21,39.2,0.4333,47,定西,1,2022-03-10,在售
469,GXP-DF-0469,陇西薯脆片1袋装,定西宽粉及薯制品,薯脆片,合作甄选,1袋装,袋,48.45,111.8,0.5666,15,陇西,0,2022-03-20,在售
470,GXP-DF-0470,定西薯脆片1kg,定西宽粉及薯制品,薯脆片,甘肃胖娃娃,1kg,kg,63.61,115.0,0.4469,47,定西,1,2023-03-07,在售
471,GXP-DF-0471,定西薯脆片5斤装,定西宽粉及薯制品,薯脆片,胖娃优选,5斤装,箱,24.88,44.5,0.441,31,定西,0,2023-10-27,在售
472,GXP-DF-0472,陇西薯脆片500ml,定西宽粉及薯制品,薯脆片,小胖甄选,500ml,瓶,26.36,47.1,0.4403,50,陇西,1,2023-03-17,清仓
473,GXP-DF-0473,定西薯脆片1袋装,定西宽粉及薯制品,薯脆片,合作甄选,1袋装,袋,52.88,119.7,0.5582,44,定西,0,2022-05-31,在售
474,GXP-DF-0474,陇西薯脆片2盒装,定西宽粉及薯制品,薯脆片,胖娃优选,2盒装,盒,33.85,63.7,0.4686,48,陇西,1,2023-08-28,在售
475,GXP-DF-0475,定西薯脆片750ml,定西宽粉及薯制品,薯脆片,合作甄选,750ml,瓶,32.99,57.8,0.4292,59,定西,1,2023-01-13,在售
476,GXP-DF-0476,陇西薯脆片1kg,定西宽粉及薯制品,薯脆片,胖娃优选,1kg,kg,37.55,77.0,0.5124,7,陇西,0,2022-07-03,在售
477,GXP-DF-0477,陇西薯脆片1袋装,定西宽粉及薯制品,薯脆片,合作甄选,1袋装,袋,37.61,72.5,0.4813,50,陇西,1,2022-04-30,在售
478,GXP-DF-0478,陇西薯脆片750ml,定西宽粉及薯制品,薯脆片,合作甄选,750ml,瓶,29.94,52.7,0.4319,49,陇西,1,2023-11-17,在售
479,GXP-DF-0479,陇西薯脆片3连袋,定西宽粉及薯制品,薯脆片,甘肃胖娃娃,3连袋,袋,47.26,91.4,0.4829,53,陇西,1,2023-05-28,在售
480,GXP-DF-0480,定西薯脆片2kg,定西宽粉及薯制品,薯脆片,小胖甄选,2kg,kg,55.38,125.3,0.558,48,定西,1,2023-04-23,在售
481,GXP-DF-0481,定西薯脆片2kg,定西宽粉及薯制品,薯脆片,甘肃胖娃娃,2kg,kg,43.47,84.7,0.4868,55,定西,1,2023-10-11,在售
482,GXP-DF-0482,陇西薯脆片500ml,定西宽粉及薯制品,薯脆片,合作甄选,500ml,瓶,28.65,59.6,0.5193,37,陇西,0,2023-08-11,在售
483,GXP-DF-0483,陇西薯脆片5斤装,定西宽粉及薯制品,薯脆片,甘肃胖娃娃,5斤装,箱,42.46,101.0,0.5796,57,陇西,1,2023-05-17,在售
484,GXP-DF-0484,定西薯脆片2kg,定西宽粉及薯制品,薯脆片,甘肃胖娃娃,2kg,kg,34.72,74.5,0.5339,58,定西,1,2022-03-23,在售
485,GXP-DF-0485,陇西薯脆片750ml,定西宽粉及薯制品,薯脆片,合作甄选,750ml,瓶,41.7,98.1,0.5749,58,陇西,1,2022-08-13,在售
486,GXP-DF-0486,定西薯脆片3连袋,定西宽粉及薯制品,薯脆片,胖娃优选,3连袋,袋,36.94,66.9,0.4478,49,定西,1,2022-03-08,在售
487,GXP-DF-0487,陇西薯脆片2盒装,定西宽粉及薯制品,薯脆片,甘小胖,2盒装,盒,41.62,73.7,0.4353,28,陇西,0,2023-04-04,在售
488,GXP-DF-0488,陇西薯脆片500ml,定西宽粉及薯制品,薯脆片,小胖甄选,500ml,瓶,57.94,110.5,0.4757,59,陇西,1,2023-03-15,在售
489,GXP-DF-0489,定西薯脆片5kg,定西宽粉及薯制品,薯脆片,甘小胖,5kg,kg,24.98,48.9,0.4892,7,定西,0,2022-08-14,在售
490,GXP-DF-0490,定西薯脆片500ml,定西宽粉及薯制品,薯脆片,甘小胖,500ml,瓶,36.82,72.2,0.49,52,定西,1,2022-08-27,在售
491,GXP-DF-0491,陇西薯脆片3连袋,定西宽粉及薯制品,薯脆片,小胖甄选,3连袋,袋,34.16,68.7,0.5028,54,陇西,1,2023-11-13,在售
492,GXP-DF-0492,陇西薯脆片500g,定西宽粉及薯制品,薯脆片,甘小胖,500g,kg,39.15,90.7,0.5684,4,陇西,0,2022-02-24,在售
493,GXP-DF-0493,定西薯脆片1袋装,定西宽粉及薯制品,薯脆片,合作甄选,1袋装,袋,42.55,77.9,0.4538,45,定西,0,2023-05-16,在售
494,GXP-DF-0494,定西薯脆片2kg,定西宽粉及薯制品,薯脆片,小胖甄选,2kg,kg,38.44,78.7,0.5116,59,定西,1,2022-11-04,在售
495,GXP-DF-0495,定西薯脆片2kg,定西宽粉及薯制品,薯脆片,小胖甄选,2kg,kg,28.22,55.5,0.4915,59,定西,1,2022-06-28,在售
496,GXP-DF-0496,陇西薯脆片10斤装,定西宽粉及薯制品,薯脆片,陇原农特,10斤装,箱,43.56,85.5,0.4905,56,陇西,1,2022-10-18,在售
497,GXP-DF-0497,定西薯脆片1袋装,定西宽粉及薯制品,薯脆片,胖娃优选,1袋装,袋,24.54,45.3,0.4583,57,定西,1,2022-05-23,在售
498,GXP-DF-0498,定西薯脆片500g,定西宽粉及薯制品,薯脆片,合作甄选,500g,kg,21.03,40.3,0.4782,60,定西,1,2023-04-19,在售
499,GXP-DF-0499,陇西薯脆片500ml,定西宽粉及薯制品,薯脆片,小胖甄选,500ml,瓶,37.22,65.9,0.4352,46,陇西,1,2023-01-27,在售
500,GXP-DF-0500,陇西薯脆片5kg,定西宽粉及薯制品,薯脆片,甘肃胖娃娃,5kg,kg,49.8,94.3,0.4719,49,陇西,1,2023-07-23,在售
501,GXP-SG-0501,敦煌静宁苹果2盒装,甘肃生鲜水果,静宁苹果,小胖甄选,2盒装,盒,118.55,160.9,0.2632,1,敦煌,0,2022-11-03,在售
502,GXP-SG-0502,瓜州静宁苹果750ml,甘肃生鲜水果,静宁苹果,小胖甄选,750ml,瓶,27.89,42.5,0.3438,11,瓜州,0,2022-12-25,在售
503,GXP-SG-0503,静宁静宁苹果礼盒装,甘肃生鲜水果,静宁苹果,小胖甄选,礼盒装,盒,34.87,51.2,0.3189,20,静宁,0,2022-06-04,在售
504,GXP-SG-0504,兰州静宁苹果10斤装,甘肃生鲜水果,静宁苹果,胖娃优选,10斤装,箱,90.58,125.4,0.2777,32,兰州,0,2022-06-16,在售
505,GXP-SG-0505,天水静宁苹果500ml,甘肃生鲜水果,静宁苹果,甘肃胖娃娃,500ml,瓶,34.96,55.2,0.3666,9,天水,0,2022-11-25,在售
506,GXP-SG-0506,秦安静宁苹果礼盒装,甘肃生鲜水果,静宁苹果,合作甄选,礼盒装,盒,47.12,62.9,0.2508,44,秦安,0,2022-10-22,在售
507,GXP-SG-0507,静宁静宁苹果整箱,甘肃生鲜水果,静宁苹果,甘小胖,整箱,箱,91.26,151.4,0.3972,33,静宁,0,2023-02-28,在售
508,GXP-SG-0508,瓜州静宁苹果整箱,甘肃生鲜水果,静宁苹果,甘小胖,整箱,箱,47.9,65.8,0.2721,44,瓜州,0,2022-09-07,在售
509,GXP-SG-0509,瓜州静宁苹果750ml,甘肃生鲜水果,静宁苹果,陇原农特,750ml,瓶,79.0,123.8,0.3619,21,瓜州,0,2022-08-09,在售
510,GXP-SG-0510,秦安静宁苹果5kg,甘肃生鲜水果,静宁苹果,陇原农特,5kg,kg,110.14,165.4,0.3341,19,秦安,0,2022-12-16,在售
511,GXP-SG-0511,兰州静宁苹果5kg,甘肃生鲜水果,静宁苹果,胖娃优选,5kg,kg,78.78,119.0,0.338,1,兰州,0,2022-09-21,在售
512,GXP-SG-0512,兰州静宁苹果750ml,甘肃生鲜水果,静宁苹果,甘小胖,750ml,瓶,72.11,109.9,0.3439,5,兰州,0,2022-02-28,在售
513,GXP-SG-0513,静宁静宁苹果礼盒装,甘肃生鲜水果,静宁苹果,甘肃胖娃娃,礼盒装,盒,67.78,109.4,0.3804,53,静宁,1,2023-11-21,在售
514,GXP-SG-0514,兰州静宁苹果10斤装,甘肃生鲜水果,静宁苹果,甘肃胖娃娃,10斤装,箱,101.18,139.2,0.2731,40,兰州,0,2022-09-08,在售
515,GXP-SG-0515,秦安静宁苹果750ml,甘肃生鲜水果,静宁苹果,甘小胖,750ml,瓶,78.01,129.5,0.3976,5,秦安,0,2023-08-12,在售
516,GXP-SG-0516,秦安静宁苹果5连袋,甘肃生鲜水果,静宁苹果,小胖甄选,5连袋,袋,53.45,87.6,0.3898,8,秦安,0,2023-10-16,在售
517,GXP-SG-0517,静宁静宁苹果500g,甘肃生鲜水果,静宁苹果,合作甄选,500g,kg,43.41,67.3,0.355,41,静宁,0,2022-11-20,在售
518,GXP-SG-0518,秦安静宁苹果2盒装,甘肃生鲜水果,静宁苹果,合作甄选,2盒装,盒,58.34,91.7,0.3638,23,秦安,0,2022-07-09,在售
519,GXP-SG-0519,兰州静宁苹果10斤装,甘肃生鲜水果,静宁苹果,小胖甄选,10斤装,箱,84.21,130.5,0.3547,11,兰州,0,2023-06-10,在售
520,GXP-SG-0520,秦安静宁苹果1袋装,甘肃生鲜水果,静宁苹果,陇原农特,1袋装,袋,31.99,46.9,0.318,24,秦安,0,2023-08-30,在售
521,GXP-SG-0521,天水静宁苹果整箱,甘肃生鲜水果,静宁苹果,合作甄选,整箱,箱,52.36,75.3,0.3046,38,天水,0,2022-12-01,在售
522,GXP-SG-0522,秦安静宁苹果500g,甘肃生鲜水果,静宁苹果,胖娃优选,500g,kg,42.25,67.4,0.3731,40,秦安,0,2023-05-24,在售
523,GXP-SG-0523,静宁静宁苹果500g,甘肃生鲜水果,静宁苹果,陇原农特,500g,kg,29.32,43.6,0.3276,17,静宁,0,2023-07-09,在售
524,GXP-SG-0524,静宁静宁苹果1袋装,甘肃生鲜水果,静宁苹果,胖娃优选,1袋装,袋,106.9,149.3,0.284,17,静宁,0,2022-02-11,在售
525,GXP-SG-0525,秦安静宁苹果5斤装,甘肃生鲜水果,静宁苹果,甘肃胖娃娃,5斤装,箱,62.69,104.2,0.3984,34,秦安,0,2023-05-10,在售
526,GXP-SG-0526,瓜州静宁苹果750ml,甘肃生鲜水果,静宁苹果,合作甄选,750ml,瓶,78.0,111.6,0.3011,31,瓜州,0,2022-03-22,在售
527,GXP-SG-0527,静宁静宁苹果500ml,甘肃生鲜水果,静宁苹果,陇原农特,500ml,瓶,85.59,116.1,0.2628,6,静宁,0,2023-05-29,在售
528,GXP-SG-0528,秦安静宁苹果整箱,甘肃生鲜水果,静宁苹果,甘肃胖娃娃,整箱,箱,121.39,166.1,0.2692,32,秦安,0,2022-10-06,在售
529,GXP-SG-0529,瓜州静宁苹果3连袋,甘肃生鲜水果,静宁苹果,陇原农特,3连袋,袋,52.01,81.6,0.3626,37,瓜州,0,2023-08-24,下架
530,GXP-SG-0530,静宁静宁苹果礼盒装,甘肃生鲜水果,静宁苹果,甘小胖,礼盒装,盒,78.45,122.2,0.358,23,静宁,0,2023-05-29,在售
531,GXP-SG-0531,敦煌静宁苹果整箱,甘肃生鲜水果,静宁苹果,胖娃优选,整箱,箱,90.47,145.5,0.3782,17,敦煌,0,2023-01-23,在售
532,GXP-SG-0532,天水静宁苹果3连袋,甘肃生鲜水果,静宁苹果,合作甄选,3连袋,袋,34.67,54.4,0.3627,29,天水,0,2023-04-25,在售
533,GXP-SG-0533,天水静宁苹果2盒装,甘肃生鲜水果,静宁苹果,小胖甄选,2盒装,盒,93.62,150.3,0.3771,42,天水,0,2022-06-14,在售
534,GXP-SG-0534,秦安静宁苹果1kg,甘肃生鲜水果,静宁苹果,合作甄选,1kg,kg,80.97,124.8,0.3512,43,秦安,0,2023-11-19,在售
535,GXP-SG-0535,兰州静宁苹果礼盒装,甘肃生鲜水果,静宁苹果,合作甄选,礼盒装,盒,78.13,107.1,0.2705,7,兰州,0,2022-05-03,在售
536,GXP-SG-0536,静宁静宁苹果1袋装,甘肃生鲜水果,静宁苹果,小胖甄选,1袋装,袋,84.43,118.5,0.2875,36,静宁,0,2022-08-11,在售
537,GXP-SG-0537,兰州静宁苹果500ml,甘肃生鲜水果,静宁苹果,甘肃胖娃娃,500ml,瓶,43.33,64.7,0.3303,19,兰州,0,2022-03-14,在售
538,GXP-SG-0538,瓜州静宁苹果10斤装,甘肃生鲜水果,静宁苹果,陇原农特,10斤装,箱,26.4,40.9,0.3546,10,瓜州,0,2023-09-23,在售
539,GXP-SG-0539,敦煌静宁苹果礼盒装,甘肃生鲜水果,静宁苹果,甘肃胖娃娃,礼盒装,盒,56.2,84.1,0.3318,43,敦煌,0,2023-08-18,在售
540,GXP-SG-0540,瓜州静宁苹果1袋装,甘肃生鲜水果,静宁苹果,小胖甄选,1袋装,袋,53.18,71.6,0.2573,32,瓜州,0,2022-08-06,在售
541,GXP-SG-0541,静宁静宁苹果整箱,甘肃生鲜水果,静宁苹果,合作甄选,整箱,箱,79.57,107.5,0.2598,25,静宁,0,2023-10-17,清仓
542,GXP-SG-0542,敦煌静宁苹果500ml,甘肃生鲜水果,静宁苹果,合作甄选,500ml,瓶,111.35,152.1,0.2679,24,敦煌,0,2023-08-16,在售
543,GXP-SG-0543,瓜州静宁苹果1袋装,甘肃生鲜水果,静宁苹果,小胖甄选,1袋装,袋,98.34,151.9,0.3526,19,瓜州,0,2022-06-08,在售
544,GXP-SG-0544,兰州静宁苹果3连袋,甘肃生鲜水果,静宁苹果,甘小胖,3连袋,袋,90.81,125.9,0.2787,44,兰州,0,2022-02-21,在售
545,GXP-SG-0545,兰州花牛苹果礼盒装,甘肃生鲜水果,花牛苹果,陇原农特,礼盒装,盒,29.57,44.5,0.3354,10,兰州,0,2022-02-07,在售
546,GXP-SG-0546,天水花牛苹果1kg,甘肃生鲜水果,花牛苹果,合作甄选,1kg,kg,47.98,72.6,0.3391,7,天水,0,2023-07-04,清仓
547,GXP-SG-0547,兰州花牛苹果礼盒装,甘肃生鲜水果,花牛苹果,陇原农特,礼盒装,盒,113.54,161.3,0.2961,36,兰州,0,2023-05-15,在售
548,GXP-SG-0548,天水花牛苹果5斤装,甘肃生鲜水果,花牛苹果,合作甄选,5斤装,箱,95.01,147.0,0.3537,27,天水,0,2022-12-13,在售
549,GXP-SG-0549,敦煌花牛苹果10斤装,甘肃生鲜水果,花牛苹果,甘肃胖娃娃,10斤装,箱,53.08,83.7,0.3658,2,敦煌,0,2023-11-23,在售
550,GXP-SG-0550,秦安花牛苹果5连袋,甘肃生鲜水果,花牛苹果,胖娃优选,5连袋,袋,110.39,158.1,0.3018,8,秦安,0,2022-03-30,在售
551,GXP-SG-0551,瓜州花牛苹果500ml,甘肃生鲜水果,花牛苹果,甘小胖,500ml,瓶,94.68,126.6,0.2521,23,瓜州,0,2022-11-02,在售
552,GXP-SG-0552,敦煌花牛苹果1袋装,甘肃生鲜水果,花牛苹果,合作甄选,1袋装,袋,81.77,112.3,0.2719,38,敦煌,0,2022-03-21,在售
553,GXP-SG-0553,兰州花牛苹果500ml,甘肃生鲜水果,花牛苹果,合作甄选,500ml,瓶,69.17,110.3,0.3729,36,兰州,0,2023-02-23,清仓
554,GXP-SG-0554,兰州花牛苹果礼盒装,甘肃生鲜水果,花牛苹果,陇原农特,礼盒装,盒,29.59,44.2,0.3306,41,兰州,0,2023-07-21,在售
555,GXP-SG-0555,静宁花牛苹果1kg,甘肃生鲜水果,花牛苹果,小胖甄选,1kg,kg,74.73,115.0,0.3502,27,静宁,0,2022-11-19,在售
556,GXP-SG-0556,天水花牛苹果礼盒装,甘肃生鲜水果,花牛苹果,小胖甄选,礼盒装,盒,73.71,109.8,0.3287,20,天水,0,2023-04-09,在售
557,GXP-SG-0557,天水花牛苹果5斤装,甘肃生鲜水果,花牛苹果,甘肃胖娃娃,5斤装,箱,96.26,158.4,0.3923,41,天水,0,2022-06-14,在售
558,GXP-SG-0558,瓜州花牛苹果3连袋,甘肃生鲜水果,花牛苹果,甘小胖,3连袋,袋,36.0,56.7,0.365,43,瓜州,0,2022-06-26,在售
559,GXP-SG-0559,静宁花牛苹果礼盒装,甘肃生鲜水果,花牛苹果,小胖甄选,礼盒装,盒,85.11,133.9,0.3644,11,静宁,0,2022-06-18,在售
560,GXP-SG-0560,瓜州花牛苹果2盒装,甘肃生鲜水果,花牛苹果,甘小胖,2盒装,盒,94.9,133.0,0.2865,40,瓜州,0,2023-03-27,在售
561,GXP-SG-0561,秦安花牛苹果5连袋,甘肃生鲜水果,花牛苹果,小胖甄选,5连袋,袋,116.19,157.8,0.2637,9,秦安,0,2023-12-01,在售
562,GXP-SG-0562,瓜州花牛苹果礼盒装,甘肃生鲜水果,花牛苹果,陇原农特,礼盒装,盒,47.56,69.8,0.3186,11,瓜州,0,2023-06-13,在售
563,GXP-SG-0563,瓜州花牛苹果500g,甘肃生鲜水果,花牛苹果,甘肃胖娃娃,500g,kg,37.47,58.5,0.3595,30,瓜州,0,2022-07-18,在售
564,GXP-SG-0564,天水花牛苹果2盒装,甘肃生鲜水果,花牛苹果,胖娃优选,2盒装,盒,47.29,70.6,0.3301,45,天水,0,2023-03-23,在售
565,GXP-SG-0565,静宁花牛苹果1袋装,甘肃生鲜水果,花牛苹果,甘小胖,1袋装,袋,38.57,56.8,0.321,14,静宁,0,2023-05-14,在售
566,GXP-SG-0566,瓜州花牛苹果500ml,甘肃生鲜水果,花牛苹果,甘肃胖娃娃,500ml,瓶,109.25,154.5,0.2929,42,瓜州,0,2022-08-31,在售
567,GXP-SG-0567,天水花牛苹果500g,甘肃生鲜水果,花牛苹果,甘小胖,500g,kg,70.28,94.3,0.2547,39,天水,0,2022-03-10,下架
568,GXP-SG-0568,敦煌花牛苹果礼盒装,甘肃生鲜水果,花牛苹果,陇原农特,礼盒装,盒,97.35,152.3,0.3608,13,敦煌,0,2023-04-05,在售
569,GXP-SG-0569,天水花牛苹果1kg,甘肃生鲜水果,花牛苹果,甘小胖,1kg,kg,93.43,130.6,0.2846,22,天水,0,2022-12-11,清仓
570,GXP-SG-0570,瓜州花牛苹果750ml,甘肃生鲜水果,花牛苹果,小胖甄选,750ml,瓶,86.69,139.0,0.3763,28,瓜州,0,2022-04-22,在售
571,GXP-SG-0571,兰州花牛苹果整箱,甘肃生鲜水果,花牛苹果,小胖甄选,整箱,箱,40.98,64.2,0.3617,4,兰州,0,2023-11-14,在售
572,GXP-SG-0572,静宁花牛苹果礼盒装,甘肃生鲜水果,花牛苹果,陇原农特,礼盒装,盒,109.27,147.3,0.2582,42,静宁,0,2023-07-28,在售
573,GXP-SG-0573,静宁花牛苹果3连袋,甘肃生鲜水果,花牛苹果,小胖甄选,3连袋,袋,66.32,95.6,0.3063,5,静宁,0,2023-08-05,下架
574,GXP-SG-0574,天水花牛苹果750ml,甘肃生鲜水果,花牛苹果,小胖甄选,750ml,瓶,68.71,99.2,0.3074,5,天水,0,2023-08-04,在售
575,GXP-SG-0575,敦煌花牛苹果10斤装,甘肃生鲜水果,花牛苹果,甘小胖,10斤装,箱,60.93,84.0,0.2747,2,敦煌,0,2023-05-25,在售
576,GXP-SG-0576,静宁花牛苹果2盒装,甘肃生鲜水果,花牛苹果,合作甄选,2盒装,盒,81.92,134.8,0.3923,12,静宁,0,2023-10-16,在售
577,GXP-SG-0577,兰州花牛苹果5连袋,甘肃生鲜水果,花牛苹果,胖娃优选,5连袋,袋,65.13,93.7,0.3049,16,兰州,0,2022-04-02,在售
578,GXP-SG-0578,瓜州花牛苹果整箱,甘肃生鲜水果,花牛苹果,甘肃胖娃娃,整箱,箱,84.28,121.9,0.3086,23,瓜州,0,2022-02-20,在售
579,GXP-SG-0579,静宁花牛苹果2盒装,甘肃生鲜水果,花牛苹果,小胖甄选,2盒装,盒,77.67,126.6,0.3865,4,静宁,0,2022-09-30,在售
580,GXP-SG-0580,瓜州花牛苹果礼盒装,甘肃生鲜水果,花牛苹果,小胖甄选,礼盒装,盒,102.27,160.5,0.3628,17,瓜州,0,2023-04-06,在售
581,GXP-SG-0581,天水花牛苹果5斤装,甘肃生鲜水果,花牛苹果,合作甄选,5斤装,箱,84.02,118.0,0.288,19,天水,0,2022-11-16,在售
582,GXP-SG-0582,瓜州花牛苹果10斤装,甘肃生鲜水果,花牛苹果,甘肃胖娃娃,10斤装,箱,96.47,158.1,0.3898,42,瓜州,0,2023-02-06,在售
583,GXP-SG-0583,瓜州花牛苹果1袋装,甘肃生鲜水果,花牛苹果,胖娃优选,1袋装,袋,51.13,70.4,0.2737,24,瓜州,0,2023-04-08,在售
584,GXP-SG-0584,天水花牛苹果整箱,甘肃生鲜水果,花牛苹果,陇原农特,整箱,箱,92.36,142.0,0.3496,35,天水,0,2023-04-07,在售
585,GXP-SG-0585,天水花牛苹果500g,甘肃生鲜水果,花牛苹果,陇原农特,500g,kg,105.22,155.3,0.3225,38,天水,0,2022-06-01,在售
586,GXP-SG-0586,静宁花牛苹果2盒装,甘肃生鲜水果,花牛苹果,甘小胖,2盒装,盒,87.55,136.2,0.3572,10,静宁,0,2022-07-12,在售
587,GXP-SG-0587,敦煌花牛苹果1kg,甘肃生鲜水果,花牛苹果,甘小胖,1kg,kg,31.9,44.7,0.2863,35,敦煌,0,2023-06-19,在售
588,GXP-SG-0588,敦煌花牛苹果2盒装,甘肃生鲜水果,花牛苹果,小胖甄选,2盒装,盒,42.11,57.1,0.2625,15,敦煌,0,2022-06-08,在售
589,GXP-SG-0589,瓜州天水大樱桃500g,甘肃生鲜水果,天水大樱桃,甘肃胖娃娃,500g,kg,73.74,103.6,0.2882,12,瓜州,0,2022-03-15,在售
590,GXP-SG-0590,天水天水大樱桃礼盒装,甘肃生鲜水果,天水大樱桃,甘小胖,礼盒装,盒,84.32,121.8,0.3077,40,天水,0,2023-01-09,在售
591,GXP-SG-0591,敦煌天水大樱桃整箱,甘肃生鲜水果,天水大樱桃,胖娃优选,整箱,箱,44.43,60.2,0.2619,50,敦煌,1,2022-05-10,在售
592,GXP-SG-0592,兰州天水大樱桃2盒装,甘肃生鲜水果,天水大樱桃,小胖甄选,2盒装,盒,42.84,67.3,0.3634,16,兰州,0,2023-04-02,在售
593,GXP-SG-0593,秦安天水大樱桃10斤装,甘肃生鲜水果,天水大樱桃,甘肃胖娃娃,10斤装,箱,80.56,109.5,0.2643,19,秦安,0,2022-05-18,在售
594,GXP-SG-0594,敦煌天水大樱桃5斤装,甘肃生鲜水果,天水大樱桃,陇原农特,5斤装,箱,41.54,67.3,0.3828,39,敦煌,0,2022-06-06,下架
595,GXP-SG-0595,静宁天水大樱桃2盒装,甘肃生鲜水果,天水大樱桃,合作甄选,2盒装,盒,59.54,95.4,0.3759,13,静宁,0,2023-05-14,在售
596,GXP-SG-0596,秦安天水大樱桃500ml,甘肃生鲜水果,天水大樱桃,陇原农特,500ml,瓶,61.83,84.3,0.2665,12,秦安,0,2023-02-06,在售
597,GXP-SG-0597,秦安天水大樱桃750ml,甘肃生鲜水果,天水大樱桃,甘肃胖娃娃,750ml,瓶,45.84,61.2,0.251,26,秦安,0,2022-02-27,在售
598,GXP-SG-0598,天水天水大樱桃500ml,甘肃生鲜水果,天水大樱桃,胖娃优选,500ml,瓶,87.28,119.6,0.2702,23,天水,0,2022-06-05,在售
599,GXP-SG-0599,秦安天水大樱桃礼盒装,甘肃生鲜水果,天水大樱桃,甘小胖,礼盒装,盒,35.15,50.0,0.297,25,秦安,0,2022-04-14,在售
600,GXP-SG-0600,瓜州天水大樱桃500ml,甘肃生鲜水果,天水大樱桃,胖娃优选,500ml,瓶,96.75,143.8,0.3272,25,瓜州,0,2023-06-25,在售
601,GXP-SG-0601,静宁天水大樱桃3连袋,甘肃生鲜水果,天水大樱桃,甘肃胖娃娃,3连袋,袋,102.57,163.4,0.3723,38,静宁,0,2022-07-29,在售
602,GXP-SG-0602,兰州天水大樱桃1kg,甘肃生鲜水果,天水大樱桃,甘肃胖娃娃,1kg,kg,80.16,132.3,0.3941,19,兰州,0,2023-01-10,在售
603,GXP-SG-0603,敦煌天水大樱桃750ml,甘肃生鲜水果,天水大樱桃,甘肃胖娃娃,750ml,瓶,81.08,117.3,0.3088,27,敦煌,0,2022-02-20,下架
604,GXP-SG-0604,秦安天水大樱桃1kg,甘肃生鲜水果,天水大樱桃,合作甄选,1kg,kg,55.55,87.6,0.3659,44,秦安,0,2023-06-22,在售
605,GXP-SG-0605,兰州天水大樱桃5kg,甘肃生鲜水果,天水大樱桃,小胖甄选,5kg,kg,53.16,85.1,0.3753,13,兰州,0,2023-10-02,在售
606,GXP-SG-0606,敦煌天水大樱桃2盒装,甘肃生鲜水果,天水大樱桃,陇原农特,2盒装,盒,70.71,117.0,0.3956,2,敦煌,0,2022-06-07,在售
607,GXP-SG-0607,兰州天水大樱桃750ml,甘肃生鲜水果,天水大樱桃,甘小胖,750ml,瓶,99.04,134.7,0.2647,16,兰州,0,2023-10-23,在售
608,GXP-SG-0608,静宁天水大樱桃5kg,甘肃生鲜水果,天水大樱桃,胖娃优选,5kg,kg,51.06,68.2,0.2513,18,静宁,0,2023-01-03,在售
609,GXP-SG-0609,静宁天水大樱桃整箱,甘肃生鲜水果,天水大樱桃,胖娃优选,整箱,箱,62.06,85.3,0.2725,37,静宁,0,2023-02-26,在售
610,GXP-SG-0610,敦煌天水大樱桃750ml,甘肃生鲜水果,天水大樱桃,合作甄选,750ml,瓶,65.04,88.1,0.2618,4,敦煌,0,2023-11-09,在售
611,GXP-SG-0611,瓜州天水大樱桃750ml,甘肃生鲜水果,天水大樱桃,合作甄选,750ml,瓶,102.99,138.3,0.2553,3,瓜州,0,2022-03-20,在售
612,GXP-SG-0612,兰州天水大樱桃整箱,甘肃生鲜水果,天水大樱桃,甘小胖,整箱,箱,52.58,87.6,0.3998,20,兰州,0,2023-07-22,在售
613,GXP-SG-0613,天水天水大樱桃2kg,甘肃生鲜水果,天水大樱桃,甘肃胖娃娃,2kg,kg,49.36,71.7,0.3116,25,天水,0,2022-06-17,在售
614,GXP-SG-0614,静宁天水大樱桃1袋装,甘肃生鲜水果,天水大樱桃,胖娃优选,1袋装,袋,43.38,70.1,0.3812,9,静宁,0,2023-07-15,在售
615,GXP-SG-0615,瓜州天水大樱桃500ml,甘肃生鲜水果,天水大樱桃,甘肃胖娃娃,500ml,瓶,103.4,156.9,0.341,32,瓜州,0,2022-07-17,在售
616,GXP-SG-0616,天水天水大樱桃礼盒装,甘肃生鲜水果,天水大樱桃,甘肃胖娃娃,礼盒装,盒,95.32,153.3,0.3782,4,天水,0,2022-11-11,在售
617,GXP-SG-0617,兰州天水大樱桃750ml,甘肃生鲜水果,天水大樱桃,甘肃胖娃娃,750ml,瓶,68.78,106.3,0.353,3,兰州,0,2023-06-30,在售
618,GXP-SG-0618,瓜州天水大樱桃5kg,甘肃生鲜水果,天水大樱桃,陇原农特,5kg,kg,66.96,95.1,0.2959,13,瓜州,0,2023-06-17,在售
619,GXP-SG-0619,瓜州天水大樱桃2盒装,甘肃生鲜水果,天水大樱桃,甘小胖,2盒装,盒,92.56,149.2,0.3796,45,瓜州,0,2023-11-16,在售
620,GXP-SG-0620,秦安天水大樱桃5连袋,甘肃生鲜水果,天水大樱桃,甘肃胖娃娃,5连袋,袋,36.09,51.6,0.3005,5,秦安,0,2022-09-25,在售
621,GXP-SG-0621,瓜州天水大樱桃750ml,甘肃生鲜水果,天水大樱桃,胖娃优选,750ml,瓶,63.66,98.3,0.3524,8,瓜州,0,2023-11-22,在售
622,GXP-SG-0622,秦安天水大樱桃500ml,甘肃生鲜水果,天水大樱桃,甘小胖,500ml,瓶,83.19,115.9,0.2822,33,秦安,0,2023-06-04,在售
623,GXP-SG-0623,天水天水大樱桃5斤装,甘肃生鲜水果,天水大樱桃,小胖甄选,5斤装,箱,69.6,99.6,0.3012,2,天水,0,2022-07-10,清仓
624,GXP-SG-0624,瓜州天水大樱桃3连袋,甘肃生鲜水果,天水大樱桃,陇原农特,3连袋,袋,98.53,135.7,0.2739,21,瓜州,0,2023-09-02,清仓
625,GXP-SG-0625,秦安天水大樱桃500ml,甘肃生鲜水果,天水大樱桃,合作甄选,500ml,瓶,35.78,48.6,0.2638,30,秦安,0,2023-04-09,在售
626,GXP-SG-0626,静宁天水大樱桃礼盒装,甘肃生鲜水果,天水大樱桃,胖娃优选,礼盒装,盒,31.56,49.1,0.3572,43,静宁,0,2022-11-21,在售
627,GXP-SG-0627,天水天水大樱桃3连袋,甘肃生鲜水果,天水大樱桃,小胖甄选,3连袋,袋,35.12,58.2,0.3965,27,天水,0,2023-11-29,在售
628,GXP-SG-0628,兰州天水大樱桃礼盒装,甘肃生鲜水果,天水大樱桃,小胖甄选,礼盒装,盒,69.7,94.4,0.2616,18,兰州,0,2022-12-23,在售
629,GXP-SG-0629,秦安天水大樱桃2盒装,甘肃生鲜水果,天水大樱桃,甘小胖,2盒装,盒,79.54,119.8,0.3361,20,秦安,0,2022-05-30,在售
630,GXP-SG-0630,静宁天水大樱桃2kg,甘肃生鲜水果,天水大樱桃,陇原农特,2kg,kg,77.58,119.8,0.3524,41,静宁,0,2023-09-19,在售
631,GXP-SG-0631,敦煌天水大樱桃500g,甘肃生鲜水果,天水大樱桃,小胖甄选,500g,kg,82.05,111.5,0.2641,14,敦煌,0,2023-07-21,在售
632,GXP-SG-0632,静宁天水大樱桃750ml,甘肃生鲜水果,天水大樱桃,陇原农特,750ml,瓶,98.09,144.8,0.3226,10,静宁,0,2022-07-01,在售
633,GXP-SG-0633,敦煌秦安蜜桃750ml,甘肃生鲜水果,秦安蜜桃,甘小胖,750ml,瓶,61.43,92.5,0.3359,17,敦煌,0,2023-09-08,清仓
634,GXP-SG-0634,兰州秦安蜜桃5kg,甘肃生鲜水果,秦安蜜桃,合作甄选,5kg,kg,100.87,164.8,0.3879,40,兰州,0,2022-12-27,在售
635,GXP-SG-0635,天水秦安蜜桃2盒装,甘肃生鲜水果,秦安蜜桃,合作甄选,2盒装,盒,45.22,74.4,0.3922,33,天水,0,2022-12-09,在售
636,GXP-SG-0636,天水秦安蜜桃礼盒装,甘肃生鲜水果,秦安蜜桃,胖娃优选,礼盒装,盒,55.95,86.9,0.3562,42,天水,0,2023-02-10,在售
637,GXP-SG-0637,天水秦安蜜桃750ml,甘肃生鲜水果,秦安蜜桃,胖娃优选,750ml,瓶,40.03,58.7,0.318,32,天水,0,2023-06-03,在售
638,GXP-SG-0638,秦安秦安蜜桃2kg,甘肃生鲜水果,秦安蜜桃,合作甄选,2kg,kg,51.64,76.6,0.3259,5,秦安,0,2022-03-20,在售
639,GXP-SG-0639,瓜州秦安蜜桃500ml,甘肃生鲜水果,秦安蜜桃,陇原农特,500ml,瓶,91.83,127.6,0.2803,11,瓜州,0,2022-02-09,在售
640,GXP-SG-0640,兰州秦安蜜桃5连袋,甘肃生鲜水果,秦安蜜桃,合作甄选,5连袋,袋,97.96,141.5,0.3077,27,兰州,0,2023-07-25,在售
641,GXP-SG-0641,天水秦安蜜桃500g,甘肃生鲜水果,秦安蜜桃,小胖甄选,500g,kg,27.15,40.8,0.3346,11,天水,0,2022-03-24,在售
642,GXP-SG-0642,兰州秦安蜜桃2kg,甘肃生鲜水果,秦安蜜桃,陇原农特,2kg,kg,38.73,56.5,0.3146,28,兰州,0,2023-09-21,在售
643,GXP-SG-0643,敦煌秦安蜜桃750ml,甘肃生鲜水果,秦安蜜桃,胖娃优选,750ml,瓶,58.97,89.4,0.3404,15,敦煌,0,2022-12-15,在售
644,GXP-SG-0644,敦煌秦安蜜桃5斤装,甘肃生鲜水果,秦安蜜桃,陇原农特,5斤装,箱,89.2,120.2,0.2579,35,敦煌,0,2022-06-04,在售
645,GXP-SG-0645,秦安秦安蜜桃10斤装,甘肃生鲜水果,秦安蜜桃,甘肃胖娃娃,10斤装,箱,112.45,162.4,0.3076,37,秦安,0,2023-10-27,在售
646,GXP-SG-0646,敦煌秦安蜜桃礼盒装,甘肃生鲜水果,秦安蜜桃,甘小胖,礼盒装,盒,76.24,106.2,0.2821,60,敦煌,1,2022-11-21,在售
647,GXP-SG-0647,秦安秦安蜜桃1袋装,甘肃生鲜水果,秦安蜜桃,陇原农特,1袋装,袋,67.99,102.2,0.3347,37,秦安,0,2023-06-02,在售
648,GXP-SG-0648,秦安秦安蜜桃10斤装,甘肃生鲜水果,秦安蜜桃,陇原农特,10斤装,箱,99.84,142.5,0.2994,59,秦安,1,2022-06-18,在售
649,GXP-SG-0649,瓜州秦安蜜桃礼盒装,甘肃生鲜水果,秦安蜜桃,胖娃优选,礼盒装,盒,80.11,133.1,0.3981,39,瓜州,0,2023-08-20,在售
650,GXP-SG-0650,瓜州秦安蜜桃2盒装,甘肃生鲜水果,秦安蜜桃,甘肃胖娃娃,2盒装,盒,117.33,163.8,0.2837,1,瓜州,0,2022-02-17,在售
651,GXP-SG-0651,兰州秦安蜜桃500g,甘肃生鲜水果,秦安蜜桃,甘小胖,500g,kg,91.26,134.4,0.321,20,兰州,0,2022-05-13,在售
652,GXP-SG-0652,兰州秦安蜜桃750ml,甘肃生鲜水果,秦安蜜桃,合作甄选,750ml,瓶,42.4,68.1,0.3774,17,兰州,0,2023-10-03,在售
653,GXP-SG-0653,敦煌秦安蜜桃10斤装,甘肃生鲜水果,秦安蜜桃,小胖甄选,10斤装,箱,99.13,154.0,0.3563,25,敦煌,0,2023-06-14,在售
654,GXP-SG-0654,兰州秦安蜜桃5连袋,甘肃生鲜水果,秦安蜜桃,合作甄选,5连袋,袋,73.67,118.0,0.3757,9,兰州,0,2022-06-07,在售
655,GXP-SG-0655,秦安秦安蜜桃5连袋,甘肃生鲜水果,秦安蜜桃,甘肃胖娃娃,5连袋,袋,56.57,87.8,0.3557,3,秦安,0,2022-03-26,在售
656,GXP-SG-0656,秦安秦安蜜桃整箱,甘肃生鲜水果,秦安蜜桃,甘小胖,整箱,箱,52.69,72.8,0.2763,16,秦安,0,2023-11-01,在售
657,GXP-SG-0657,兰州秦安蜜桃750ml,甘肃生鲜水果,秦安蜜桃,甘小胖,750ml,瓶,98.79,137.8,0.2831,43,兰州,0,2022-11-29,在售
658,GXP-SG-0658,天水秦安蜜桃5kg,甘肃生鲜水果,秦安蜜桃,陇原农特,5kg,kg,94.0,151.1,0.3779,15,天水,0,2022-12-15,在售
659,GXP-SG-0659,天水秦安蜜桃整箱,甘肃生鲜水果,秦安蜜桃,甘肃胖娃娃,整箱,箱,56.6,78.3,0.2771,13,天水,0,2023-01-31,在售
660,GXP-SG-0660,兰州秦安蜜桃10斤装,甘肃生鲜水果,秦安蜜桃,甘小胖,10斤装,箱,82.39,125.4,0.343,31,兰州,0,2023-03-21,在售
661,GXP-SG-0661,静宁秦安蜜桃礼盒装,甘肃生鲜水果,秦安蜜桃,胖娃优选,礼盒装,盒,70.94,111.9,0.366,49,静宁,1,2023-09-16,在售
662,GXP-SG-0662,瓜州秦安蜜桃10斤装,甘肃生鲜水果,秦安蜜桃,胖娃优选,10斤装,箱,73.42,100.4,0.2687,18,瓜州,0,2022-07-14,在售
663,GXP-SG-0663,兰州秦安蜜桃500g,甘肃生鲜水果,秦安蜜桃,合作甄选,500g,kg,123.3,167.0,0.2617,45,兰州,0,2022-06-07,在售
664,GXP-SG-0664,敦煌秦安蜜桃500ml,甘肃生鲜水果,秦安蜜桃,小胖甄选,500ml,瓶,87.95,143.8,0.3884,22,敦煌,0,2022-06-07,在售
665,GXP-SG-0665,瓜州秦安蜜桃3连袋,甘肃生鲜水果,秦安蜜桃,甘小胖,3连袋,袋,88.95,128.6,0.3083,13,瓜州,0,2022-10-19,在售
666,GXP-SG-0666,秦安秦安蜜桃1kg,甘肃生鲜水果,秦安蜜桃,小胖甄选,1kg,kg,64.17,96.3,0.3336,28,秦安,0,2022-12-15,在售
667,GXP-SG-0667,秦安秦安蜜桃5连袋,甘肃生鲜水果,秦安蜜桃,甘小胖,5连袋,袋,30.47,43.5,0.2996,35,秦安,0,2022-11-15,在售
668,GXP-SG-0668,兰州秦安蜜桃5斤装,甘肃生鲜水果,秦安蜜桃,陇原农特,5斤装,箱,49.93,81.2,0.3851,15,兰州,0,2022-03-23,在售
669,GXP-SG-0669,秦安秦安蜜桃5连袋,甘肃生鲜水果,秦安蜜桃,甘肃胖娃娃,5连袋,袋,108.3,148.4,0.2702,19,秦安,0,2022-02-17,在售
670,GXP-SG-0670,兰州秦安蜜桃500ml,甘肃生鲜水果,秦安蜜桃,甘小胖,500ml,瓶,91.61,151.3,0.3945,33,兰州,0,2022-06-05,在售
671,GXP-SG-0671,瓜州秦安蜜桃整箱,甘肃生鲜水果,秦安蜜桃,陇原农特,整箱,箱,92.95,130.6,0.2883,16,瓜州,0,2023-06-08,在售
672,GXP-SG-0672,敦煌秦安蜜桃10斤装,甘肃生鲜水果,秦安蜜桃,甘小胖,10斤装,箱,33.59,52.2,0.3565,18,敦煌,0,2023-03-29,在售
673,GXP-SG-0673,秦安秦安蜜桃750ml,甘肃生鲜水果,秦安蜜桃,陇原农特,750ml,瓶,61.5,100.4,0.3875,35,秦安,0,2022-08-06,在售
674,GXP-SG-0674,静宁秦安蜜桃5连袋,甘肃生鲜水果,秦安蜜桃,甘肃胖娃娃,5连袋,袋,54.36,73.7,0.2624,6,静宁,0,2023-11-26,在售
675,GXP-SG-0675,兰州秦安蜜桃5斤装,甘肃生鲜水果,秦安蜜桃,陇原农特,5斤装,箱,102.02,153.5,0.3354,8,兰州,0,2022-10-28,在售
676,GXP-SG-0676,兰州秦安蜜桃2kg,甘肃生鲜水果,秦安蜜桃,甘小胖,2kg,kg,32.05,48.2,0.335,31,兰州,0,2022-11-27,在售
677,GXP-SG-0677,秦安敦煌李广杏5连袋,甘肃生鲜水果,敦煌李广杏,甘肃胖娃娃,5连袋,袋,39.21,53.6,0.2685,33,秦安,0,2023-11-14,在售
678,GXP-SG-0678,天水敦煌李广杏1袋装,甘肃生鲜水果,敦煌李广杏,胖娃优选,1袋装,袋,88.35,145.0,0.3907,23,天水,0,2023-05-29,在售
679,GXP-SG-0679,瓜州敦煌李广杏1袋装,甘肃生鲜水果,敦煌李广杏,胖娃优选,1袋装,袋,73.04,100.5,0.2732,4,瓜州,0,2022-09-11,在售
680,GXP-SG-0680,秦安敦煌李广杏5连袋,甘肃生鲜水果,敦煌李广杏,甘肃胖娃娃,5连袋,袋,72.95,101.6,0.282,5,秦安,0,2023-04-08,在售
681,GXP-SG-0681,敦煌敦煌李广杏2kg,甘肃生鲜水果,敦煌李广杏,小胖甄选,2kg,kg,64.73,105.1,0.3841,10,敦煌,0,2022-02-17,在售
682,GXP-SG-0682,静宁敦煌李广杏3连袋,甘肃生鲜水果,敦煌李广杏,甘肃胖娃娃,3连袋,袋,118.19,160.1,0.2618,35,静宁,0,2023-05-28,在售
683,GXP-SG-0683,静宁敦煌李广杏礼盒装,甘肃生鲜水果,敦煌李广杏,甘肃胖娃娃,礼盒装,盒,47.47,77.5,0.3875,5,静宁,0,2022-12-05,在售
684,GXP-SG-0684,兰州敦煌李广杏750ml,甘肃生鲜水果,敦煌李广杏,合作甄选,750ml,瓶,67.54,96.9,0.303,31,兰州,0,2022-07-29,在售
685,GXP-SG-0685,瓜州敦煌李广杏750ml,甘肃生鲜水果,敦煌李广杏,陇原农特,750ml,瓶,94.45,130.3,0.2751,37,瓜州,0,2023-08-12,在售
686,GXP-SG-0686,瓜州敦煌李广杏礼盒装,甘肃生鲜水果,敦煌李广杏,陇原农特,礼盒装,盒,93.25,148.2,0.3708,31,瓜州,0,2023-07-06,在售
687,GXP-SG-0687,兰州敦煌李广杏1袋装,甘肃生鲜水果,敦煌李广杏,甘肃胖娃娃,1袋装,袋,28.98,44.6,0.3503,2,兰州,0,2022-03-25,在售
688,GXP-SG-0688,瓜州敦煌李广杏5连袋,甘肃生鲜水果,敦煌李广杏,小胖甄选,5连袋,袋,109.41,157.6,0.3058,37,瓜州,0,2022-09-28,在售
689,GXP-SG-0689,兰州敦煌李广杏5kg,甘肃生鲜水果,敦煌李广杏,小胖甄选,5kg,kg,118.19,158.5,0.2543,56,兰州,1,2022-05-01,在售
690,GXP-SG-0690,敦煌敦煌李广杏500ml,甘肃生鲜水果,敦煌李广杏,合作甄选,500ml,瓶,39.19,58.4,0.329,47,敦煌,1,2023-10-17,在售
691,GXP-SG-0691,静宁敦煌李广杏礼盒装,甘肃生鲜水果,敦煌李广杏,胖娃优选,礼盒装,盒,51.46,71.2,0.2772,5,静宁,0,2023-02-04,在售
692,GXP-SG-0692,兰州敦煌李广杏礼盒装,甘肃生鲜水果,敦煌李广杏,甘小胖,礼盒装,盒,84.74,134.9,0.3718,7,兰州,0,2022-12-20,在售
693,GXP-SG-0693,天水敦煌李广杏5kg,甘肃生鲜水果,敦煌李广杏,甘肃胖娃娃,5kg,kg,92.59,143.1,0.353,7,天水,0,2022-06-22,在售
694,GXP-SG-0694,兰州敦煌李广杏5连袋,甘肃生鲜水果,敦煌李广杏,甘小胖,5连袋,袋,89.04,143.1,0.3778,18,兰州,0,2022-04-11,清仓
695,GXP-SG-0695,敦煌敦煌李广杏5连袋,甘肃生鲜水果,敦煌李广杏,小胖甄选,5连袋,袋,83.19,112.2,0.2586,13,敦煌,0,2022-11-15,在售
696,GXP-SG-0696,静宁敦煌李广杏5连袋,甘肃生鲜水果,敦煌李广杏,小胖甄选,5连袋,袋,37.96,55.0,0.3098,32,静宁,0,2022-07-16,清仓
697,GXP-SG-0697,静宁敦煌李广杏5kg,甘肃生鲜水果,敦煌李广杏,合作甄选,5kg,kg,30.14,45.8,0.342,15,静宁,0,2023-10-01,在售
698,GXP-SG-0698,静宁敦煌李广杏5kg,甘肃生鲜水果,敦煌李广杏,胖娃优选,5kg,kg,109.74,158.1,0.3059,10,静宁,0,2023-04-28,在售
699,GXP-SG-0699,静宁敦煌李广杏1袋装,甘肃生鲜水果,敦煌李广杏,甘肃胖娃娃,1袋装,袋,90.36,122.5,0.2624,24,静宁,0,2022-07-09,在售
700,GXP-SG-0700,瓜州敦煌李广杏10斤装,甘肃生鲜水果,敦煌李广杏,小胖甄选,10斤装,箱,57.62,93.4,0.3831,28,瓜州,0,2023-09-20,在售
701,GXP-SG-0701,瓜州敦煌李广杏5连袋,甘肃生鲜水果,敦煌李广杏,甘小胖,5连袋,袋,70.1,105.7,0.3368,22,瓜州,0,2022-07-17,在售
702,GXP-SG-0702,敦煌敦煌李广杏礼盒装,甘肃生鲜水果,敦煌李广杏,甘小胖,礼盒装,盒,123.27,166.8,0.261,2,敦煌,0,2023-03-13,在售
703,GXP-SG-0703,秦安敦煌李广杏5kg,甘肃生鲜水果,敦煌李广杏,小胖甄选,5kg,kg,101.47,165.7,0.3876,3,秦安,0,2022-04-10,在售
704,GXP-SG-0704,瓜州敦煌李广杏整箱,甘肃生鲜水果,敦煌李广杏,甘小胖,整箱,箱,84.12,115.2,0.2698,30,瓜州,0,2022-11-21,在售
705,GXP-SG-0705,瓜州敦煌李广杏3连袋,甘肃生鲜水果,敦煌李广杏,甘肃胖娃娃,3连袋,袋,108.48,161.0,0.3262,33,瓜州,0,2022-04-20,在售
706,GXP-SG-0706,敦煌敦煌李广杏3连袋,甘肃生鲜水果,敦煌李广杏,合作甄选,3连袋,袋,40.6,62.7,0.3524,27,敦煌,0,2023-07-28,在售
707,GXP-SG-0707,兰州敦煌李广杏整箱,甘肃生鲜水果,敦煌李广杏,甘小胖,整箱,箱,90.1,135.9,0.337,24,兰州,0,2023-02-10,在售
708,GXP-SG-0708,瓜州敦煌李广杏2kg,甘肃生鲜水果,敦煌李广杏,合作甄选,2kg,kg,84.83,123.1,0.3109,44,瓜州,0,2023-10-24,在售
709,GXP-SG-0709,敦煌敦煌李广杏2盒装,甘肃生鲜水果,敦煌李广杏,甘小胖,2盒装,盒,77.36,114.1,0.322,20,敦煌,0,2023-06-07,在售
710,GXP-SG-0710,天水敦煌李广杏500ml,甘肃生鲜水果,敦煌李广杏,甘小胖,500ml,瓶,105.14,155.6,0.3243,41,天水,0,2022-07-10,在售
711,GXP-SG-0711,兰州敦煌李广杏2盒装,甘肃生鲜水果,敦煌李广杏,陇原农特,2盒装,盒,97.64,132.9,0.2653,42,兰州,0,2023-10-18,在售
712,GXP-SG-0712,敦煌敦煌李广杏2kg,甘肃生鲜水果,敦煌李广杏,小胖甄选,2kg,kg,76.62,107.7,0.2886,45,敦煌,0,2022-09-16,在售
713,GXP-SG-0713,静宁敦煌李广杏500ml,甘肃生鲜水果,敦煌李广杏,陇原农特,500ml,瓶,99.46,154.3,0.3554,20,静宁,0,2023-08-30,在售
714,GXP-SG-0714,兰州敦煌李广杏500g,甘肃生鲜水果,敦煌李广杏,胖娃优选,500g,kg,108.45,164.6,0.3411,28,兰州,0,2022-06-06,在售
715,GXP-SG-0715,静宁敦煌李广杏5连袋,甘肃生鲜水果,敦煌李广杏,合作甄选,5连袋,袋,43.58,61.7,0.2936,12,静宁,0,2023-06-13,在售
716,GXP-SG-0716,兰州敦煌李广杏3连袋,甘肃生鲜水果,敦煌李广杏,胖娃优选,3连袋,袋,76.9,114.5,0.3284,3,兰州,0,2022-03-07,在售
717,GXP-SG-0717,天水敦煌李广杏500ml,甘肃生鲜水果,敦煌李广杏,合作甄选,500ml,瓶,87.52,142.7,0.3867,35,天水,0,2022-02-05,在售
718,GXP-SG-0718,瓜州敦煌李广杏2盒装,甘肃生鲜水果,敦煌李广杏,合作甄选,2盒装,盒,64.39,91.9,0.2993,19,瓜州,0,2023-11-02,在售
719,GXP-SG-0719,兰州敦煌李广杏2盒装,甘肃生鲜水果,敦煌李广杏,胖娃优选,2盒装,盒,82.71,131.6,0.3715,11,兰州,0,2023-06-08,在售
720,GXP-SG-0720,静宁敦煌李广杏5连袋,甘肃生鲜水果,敦煌李广杏,合作甄选,5连袋,袋,85.01,138.2,0.3849,44,静宁,0,2023-05-22,下架
721,GXP-SG-0721,秦安瓜州蜜瓜整箱,甘肃生鲜水果,瓜州蜜瓜,甘肃胖娃娃,整箱,箱,70.51,105.8,0.3336,8,秦安,0,2023-04-04,在售
722,GXP-SG-0722,兰州瓜州蜜瓜1袋装,甘肃生鲜水果,瓜州蜜瓜,小胖甄选,1袋装,袋,54.27,81.7,0.3357,3,兰州,0,2022-06-24,在售
723,GXP-SG-0723,秦安瓜州蜜瓜3连袋,甘肃生鲜水果,瓜州蜜瓜,小胖甄选,3连袋,袋,77.55,127.8,0.3932,38,秦安,0,2022-07-31,在售
724,GXP-SG-0724,静宁瓜州蜜瓜礼盒装,甘肃生鲜水果,瓜州蜜瓜,甘小胖,礼盒装,盒,55.45,79.6,0.3034,22,静宁,0,2023-07-26,在售
725,GXP-SG-0725,瓜州瓜州蜜瓜礼盒装,甘肃生鲜水果,瓜州蜜瓜,胖娃优选,礼盒装,盒,48.45,64.7,0.2512,9,瓜州,0,2023-04-17,在售
726,GXP-SG-0726,天水瓜州蜜瓜1袋装,甘肃生鲜水果,瓜州蜜瓜,合作甄选,1袋装,袋,61.49,84.9,0.2757,30,天水,0,2022-08-31,在售
727,GXP-SG-0727,秦安瓜州蜜瓜整箱,甘肃生鲜水果,瓜州蜜瓜,小胖甄选,整箱,箱,39.76,58.5,0.3203,17,秦安,0,2023-03-01,在售
728,GXP-SG-0728,瓜州瓜州蜜瓜1袋装,甘肃生鲜水果,瓜州蜜瓜,合作甄选,1袋装,袋,37.02,52.2,0.2909,23,瓜州,0,2023-09-17,在售
729,GXP-SG-0729,兰州瓜州蜜瓜500ml,甘肃生鲜水果,瓜州蜜瓜,甘小胖,500ml,瓶,42.82,64.6,0.3372,41,兰州,0,2023-05-18,在售
730,GXP-SG-0730,天水瓜州蜜瓜整箱,甘肃生鲜水果,瓜州蜜瓜,小胖甄选,整箱,箱,50.91,76.3,0.3327,17,天水,0,2022-05-04,在售
731,GXP-SG-0731,瓜州瓜州蜜瓜1kg,甘肃生鲜水果,瓜州蜜瓜,合作甄选,1kg,kg,56.78,86.8,0.3459,7,瓜州,0,2023-01-02,在售
732,GXP-SG-0732,瓜州瓜州蜜瓜整箱,甘肃生鲜水果,瓜州蜜瓜,甘肃胖娃娃,整箱,箱,41.9,59.0,0.2899,27,瓜州,0,2022-12-30,在售
733,GXP-SG-0733,瓜州瓜州蜜瓜750ml,甘肃生鲜水果,瓜州蜜瓜,陇原农特,750ml,瓶,28.51,47.0,0.3935,15,瓜州,0,2022-05-25,在售
734,GXP-SG-0734,天水瓜州蜜瓜500g,甘肃生鲜水果,瓜州蜜瓜,胖娃优选,500g,kg,31.28,48.1,0.3497,8,天水,0,2023-01-29,在售
735,GXP-SG-0735,敦煌瓜州蜜瓜10斤装,甘肃生鲜水果,瓜州蜜瓜,陇原农特,10斤装,箱,114.84,153.4,0.2514,58,敦煌,1,2022-10-12,在售
736,GXP-SG-0736,瓜州瓜州蜜瓜500ml,甘肃生鲜水果,瓜州蜜瓜,胖娃优选,500ml,瓶,103.29,153.0,0.3249,56,瓜州,1,2023-07-26,在售
737,GXP-SG-0737,静宁瓜州蜜瓜2kg,甘肃生鲜水果,瓜州蜜瓜,甘小胖,2kg,kg,85.17,137.1,0.3788,15,静宁,0,2023-06-03,在售
738,GXP-SG-0738,秦安瓜州蜜瓜3连袋,甘肃生鲜水果,瓜州蜜瓜,陇原农特,3连袋,袋,62.25,87.6,0.2894,45,秦安,0,2022-11-17,在售
739,GXP-SG-0739,敦煌瓜州蜜瓜2盒装,甘肃生鲜水果,瓜州蜜瓜,甘肃胖娃娃,2盒装,盒,41.54,59.5,0.3018,56,敦煌,1,2023-06-19,在售
740,GXP-SG-0740,敦煌瓜州蜜瓜5连袋,甘肃生鲜水果,瓜州蜜瓜,陇原农特,5连袋,袋,40.75,58.2,0.2998,9,敦煌,0,2022-04-17,在售
741,GXP-SG-0741,天水瓜州蜜瓜3连袋,甘肃生鲜水果,瓜州蜜瓜,合作甄选,3连袋,袋,120.54,163.2,0.2614,13,天水,0,2022-06-25,在售
742,GXP-SG-0742,敦煌瓜州蜜瓜5kg,甘肃生鲜水果,瓜州蜜瓜,胖娃优选,5kg,kg,45.03,70.1,0.3576,14,敦煌,0,2022-11-11,在售
743,GXP-SG-0743,兰州瓜州蜜瓜整箱,甘肃生鲜水果,瓜州蜜瓜,甘肃胖娃娃,整箱,箱,30.73,46.0,0.332,18,兰州,0,2023-06-02,在售
744,GXP-SG-0744,天水瓜州蜜瓜500ml,甘肃生鲜水果,瓜州蜜瓜,陇原农特,500ml,瓶,103.72,154.0,0.3265,6,天水,0,2023-05-23,在售
745,GXP-SG-0745,敦煌瓜州蜜瓜1袋装,甘肃生鲜水果,瓜州蜜瓜,甘小胖,1袋装,袋,43.77,67.1,0.3477,28,敦煌,0,2023-07-28,下架
746,GXP-SG-0746,天水瓜州蜜瓜1袋装,甘肃生鲜水果,瓜州蜜瓜,胖娃优选,1袋装,袋,44.59,72.1,0.3815,3,天水,0,2022-11-05,在售
747,GXP-SG-0747,天水瓜州蜜瓜礼盒装,甘肃生鲜水果,瓜州蜜瓜,陇原农特,礼盒装,盒,41.66,57.9,0.2804,27,天水,0,2023-11-18,下架
748,GXP-SG-0748,敦煌瓜州蜜瓜3连袋,甘肃生鲜水果,瓜州蜜瓜,合作甄选,3连袋,袋,61.77,97.6,0.3671,28,敦煌,0,2022-10-23,在售
749,GXP-SG-0749,静宁瓜州蜜瓜2盒装,甘肃生鲜水果,瓜州蜜瓜,胖娃优选,2盒装,盒,86.36,131.7,0.3443,25,静宁,0,2022-12-16,在售
750,GXP-SG-0750,兰州瓜州蜜瓜整箱,甘肃生鲜水果,瓜州蜜瓜,小胖甄选,整箱,箱,102.71,156.1,0.342,28,兰州,0,2023-07-31,在售
751,GXP-SG-0751,敦煌瓜州蜜瓜5连袋,甘肃生鲜水果,瓜州蜜瓜,小胖甄选,5连袋,袋,67.33,105.9,0.3642,10,敦煌,0,2022-11-05,在售
752,GXP-SG-0752,敦煌瓜州蜜瓜整箱,甘肃生鲜水果,瓜州蜜瓜,合作甄选,整箱,箱,29.08,44.7,0.3495,37,敦煌,0,2022-04-18,在售
753,GXP-SG-0753,敦煌瓜州蜜瓜1kg,甘肃生鲜水果,瓜州蜜瓜,陇原农特,1kg,kg,102.21,155.4,0.3423,32,敦煌,0,2023-04-28,在售
754,GXP-SG-0754,瓜州瓜州蜜瓜500g,甘肃生鲜水果,瓜州蜜瓜,甘小胖,500g,kg,53.2,76.2,0.3019,6,瓜州,0,2023-01-01,在售
755,GXP-SG-0755,兰州瓜州蜜瓜1袋装,甘肃生鲜水果,瓜州蜜瓜,甘小胖,1袋装,袋,90.58,137.2,0.3398,44,兰州,0,2023-08-01,在售
756,GXP-SG-0756,敦煌瓜州蜜瓜5斤装,甘肃生鲜水果,瓜州蜜瓜,甘肃胖娃娃,5斤装,箱,67.35,102.1,0.3404,4,敦煌,0,2022-12-17,在售
757,GXP-SG-0757,兰州瓜州蜜瓜500ml,甘肃生鲜水果,瓜州蜜瓜,甘小胖,500ml,瓶,58.97,79.5,0.2583,37,兰州,0,2022-11-12,在售
758,GXP-SG-0758,秦安瓜州蜜瓜5连袋,甘肃生鲜水果,瓜州蜜瓜,小胖甄选,5连袋,袋,63.48,90.5,0.2986,43,秦安,0,2022-04-28,在售
759,GXP-SG-0759,秦安瓜州蜜瓜2盒装,甘肃生鲜水果,瓜州蜜瓜,陇原农特,2盒装,盒,80.19,125.9,0.3631,18,秦安,0,2023-06-21,在售
760,GXP-SG-0760,天水瓜州蜜瓜2kg,甘肃生鲜水果,瓜州蜜瓜,甘小胖,2kg,kg,95.43,143.5,0.335,35,天水,0,2023-04-21,下架
761,GXP-SG-0761,静宁瓜州蜜瓜5连袋,甘肃生鲜水果,瓜州蜜瓜,甘小胖,5连袋,袋,53.19,79.4,0.3301,33,静宁,0,2022-07-02,在售
762,GXP-SG-0762,静宁瓜州蜜瓜整箱,甘肃生鲜水果,瓜州蜜瓜,合作甄选,整箱,箱,41.07,62.6,0.3439,28,静宁,0,2023-05-03,在售
763,GXP-SG-0763,秦安瓜州蜜瓜整箱,甘肃生鲜水果,瓜州蜜瓜,甘小胖,整箱,箱,51.12,84.2,0.3929,2,秦安,0,2022-02-23,在售
764,GXP-SG-0764,静宁瓜州蜜瓜整箱,甘肃生鲜水果,瓜州蜜瓜,小胖甄选,整箱,箱,31.55,48.5,0.3495,41,静宁,0,2022-05-26,在售
765,GXP-SG-0765,敦煌兰州白兰瓜1袋装,甘肃生鲜水果,兰州白兰瓜,小胖甄选,1袋装,袋,105.73,148.0,0.2856,23,敦煌,0,2022-10-28,在售
766,GXP-SG-0766,静宁兰州白兰瓜500g,甘肃生鲜水果,兰州白兰瓜,胖娃优选,500g,kg,91.83,127.5,0.2798,37,静宁,0,2022-10-26,清仓
767,GXP-SG-0767,瓜州兰州白兰瓜5连袋,甘肃生鲜水果,兰州白兰瓜,陇原农特,5连袋,袋,83.67,117.7,0.2891,31,瓜州,0,2022-08-24,在售
768,GXP-SG-0768,瓜州兰州白兰瓜750ml,甘肃生鲜水果,兰州白兰瓜,合作甄选,750ml,瓶,84.5,120.7,0.2999,4,瓜州,0,2023-05-04,在售
769,GXP-SG-0769,静宁兰州白兰瓜5连袋,甘肃生鲜水果,兰州白兰瓜,陇原农特,5连袋,袋,84.42,115.2,0.2672,12,静宁,0,2022-04-24,在售
770,GXP-SG-0770,敦煌兰州白兰瓜2盒装,甘肃生鲜水果,兰州白兰瓜,胖娃优选,2盒装,盒,115.45,160.5,0.2807,31,敦煌,0,2023-07-11,在售
771,GXP-SG-0771,天水兰州白兰瓜5斤装,甘肃生鲜水果,兰州白兰瓜,胖娃优选,5斤装,箱,105.51,141.4,0.2538,30,天水,0,2023-10-10,在售
772,GXP-SG-0772,瓜州兰州白兰瓜500ml,甘肃生鲜水果,兰州白兰瓜,小胖甄选,500ml,瓶,43.99,71.5,0.3847,26,瓜州,0,2023-09-06,在售
773,GXP-SG-0773,静宁兰州白兰瓜2盒装,甘肃生鲜水果,兰州白兰瓜,陇原农特,2盒装,盒,95.94,151.7,0.3676,41,静宁,0,2023-06-14,在售
774,GXP-SG-0774,天水兰州白兰瓜500ml,甘肃生鲜水果,兰州白兰瓜,合作甄选,500ml,瓶,61.58,93.3,0.34,20,天水,0,2022-11-24,在售
775,GXP-SG-0775,兰州兰州白兰瓜3连袋,甘肃生鲜水果,兰州白兰瓜,甘小胖,3连袋,袋,60.03,91.6,0.3447,42,兰州,0,2022-11-18,在售
776,GXP-SG-0776,静宁兰州白兰瓜2kg,甘肃生鲜水果,兰州白兰瓜,甘肃胖娃娃,2kg,kg,80.34,109.3,0.265,7,静宁,0,2022-05-21,下架
777,GXP-SG-0777,天水兰州白兰瓜500g,甘肃生鲜水果,兰州白兰瓜,陇原农特,500g,kg,95.19,130.0,0.2678,19,天水,0,2022-12-18,在售
778,GXP-SG-0778,天水兰州白兰瓜5kg,甘肃生鲜水果,兰州白兰瓜,合作甄选,5kg,kg,103.61,144.7,0.284,7,天水,0,2022-02-05,在售
779,GXP-SG-0779,秦安兰州白兰瓜整箱,甘肃生鲜水果,兰州白兰瓜,甘肃胖娃娃,整箱,箱,96.81,154.1,0.3718,32,秦安,0,2022-10-20,在售
780,GXP-SG-0780,天水兰州白兰瓜礼盒装,甘肃生鲜水果,兰州白兰瓜,甘小胖,礼盒装,盒,91.2,131.3,0.3054,8,天水,0,2022-09-10,在售
781,GXP-SG-0781,瓜州兰州白兰瓜礼盒装,甘肃生鲜水果,兰州白兰瓜,合作甄选,礼盒装,盒,101.32,166.1,0.39,24,瓜州,0,2023-11-28,在售
782,GXP-SG-0782,天水兰州白兰瓜2kg,甘肃生鲜水果,兰州白兰瓜,合作甄选,2kg,kg,28.76,41.9,0.3137,37,天水,0,2023-10-04,在售
783,GXP-SG-0783,天水兰州白兰瓜500g,甘肃生鲜水果,兰州白兰瓜,合作甄选,500g,kg,106.3,165.3,0.3569,29,天水,0,2023-03-11,清仓
784,GXP-SG-0784,瓜州兰州白兰瓜5连袋,甘肃生鲜水果,兰州白兰瓜,胖娃优选,5连袋,袋,67.86,106.0,0.3598,45,瓜州,0,2022-06-12,在售
785,GXP-SG-0785,天水兰州白兰瓜5连袋,甘肃生鲜水果,兰州白兰瓜,甘小胖,5连袋,袋,43.13,71.3,0.3951,53,天水,1,2023-02-08,在售
786,GXP-SG-0786,秦安兰州白兰瓜5kg,甘肃生鲜水果,兰州白兰瓜,胖娃优选,5kg,kg,99.28,140.2,0.2919,23,秦安,0,2022-09-14,在售
787,GXP-SG-0787,敦煌兰州白兰瓜5斤装,甘肃生鲜水果,兰州白兰瓜,合作甄选,5斤装,箱,40.2,61.7,0.3484,42,敦煌,0,2022-10-26,在售
788,GXP-SG-0788,秦安兰州白兰瓜1袋装,甘肃生鲜水果,兰州白兰瓜,甘小胖,1袋装,袋,33.06,54.8,0.3968,24,秦安,0,2022-08-14,在售
789,GXP-SG-0789,静宁兰州白兰瓜2kg,甘肃生鲜水果,兰州白兰瓜,甘肃胖娃娃,2kg,kg,39.2,55.5,0.2937,32,静宁,0,2023-08-24,在售
790,GXP-SG-0790,瓜州兰州白兰瓜500g,甘肃生鲜水果,兰州白兰瓜,甘小胖,500g,kg,67.18,110.8,0.3937,1,瓜州,0,2023-04-26,在售
791,GXP-SG-0791,秦安兰州白兰瓜礼盒装,甘肃生鲜水果,兰州白兰瓜,胖娃优选,礼盒装,盒,30.82,50.0,0.3837,2,秦安,0,2023-01-16,在售
792,GXP-SG-0792,敦煌兰州白兰瓜2盒装,甘肃生鲜水果,兰州白兰瓜,甘肃胖娃娃,2盒装,盒,61.95,93.3,0.336,9,敦煌,0,2022-05-12,在售
793,GXP-SG-0793,瓜州兰州白兰瓜礼盒装,甘肃生鲜水果,兰州白兰瓜,甘小胖,礼盒装,盒,88.24,124.2,0.2895,6,瓜州,0,2022-02-27,清仓
794,GXP-SG-0794,秦安兰州白兰瓜10斤装,甘肃生鲜水果,兰州白兰瓜,甘肃胖娃娃,10斤装,箱,38.04,51.2,0.2571,19,秦安,0,2023-07-04,在售
795,GXP-SG-0795,静宁兰州白兰瓜整箱,甘肃生鲜水果,兰州白兰瓜,甘小胖,整箱,箱,65.48,91.9,0.2875,39,静宁,0,2022-06-11,在售
796,GXP-SG-0796,秦安兰州白兰瓜1袋装,甘肃生鲜水果,兰州白兰瓜,小胖甄选,1袋装,袋,29.03,46.5,0.3757,17,秦安,0,2022-03-04,在售
797,GXP-SG-0797,秦安兰州白兰瓜5kg,甘肃生鲜水果,兰州白兰瓜,陇原农特,5kg,kg,57.43,95.2,0.3967,19,秦安,0,2023-07-05,在售
798,GXP-SG-0798,天水兰州白兰瓜5连袋,甘肃生鲜水果,兰州白兰瓜,合作甄选,5连袋,袋,90.76,143.5,0.3675,17,天水,0,2022-05-04,在售
799,GXP-SG-0799,瓜州兰州白兰瓜10斤装,甘肃生鲜水果,兰州白兰瓜,胖娃优选,10斤装,箱,35.24,47.5,0.2581,45,瓜州,0,2022-08-31,在售
800,GXP-SG-0800,秦安兰州白兰瓜10斤装,甘肃生鲜水果,兰州白兰瓜,甘肃胖娃娃,10斤装,箱,92.81,126.2,0.2646,31,秦安,0,2023-10-28,在售
801,GXP-SG-0801,秦安兰州白兰瓜3连袋,甘肃生鲜水果,兰州白兰瓜,小胖甄选,3连袋,袋,61.6,98.8,0.3765,15,秦安,0,2023-05-21,在售
802,GXP-SG-0802,静宁兰州白兰瓜整箱,甘肃生鲜水果,兰州白兰瓜,甘小胖,整箱,箱,25.97,41.5,0.3743,34,静宁,0,2022-02-18,在售
803,GXP-SG-0803,秦安兰州白兰瓜2盒装,甘肃生鲜水果,兰州白兰瓜,小胖甄选,2盒装,盒,53.64,75.2,0.2867,32,秦安,0,2023-05-02,在售
804,GXP-SG-0804,天水兰州白兰瓜礼盒装,甘肃生鲜水果,兰州白兰瓜,合作甄选,礼盒装,盒,58.94,86.1,0.3154,30,天水,0,2023-04-10,在售
805,GXP-SG-0805,天水兰州白兰瓜10斤装,甘肃生鲜水果,兰州白兰瓜,合作甄选,10斤装,箱,56.78,89.6,0.3663,15,天水,0,2022-02-24,在售
806,GXP-SG-0806,兰州兰州白兰瓜2盒装,甘肃生鲜水果,兰州白兰瓜,甘小胖,2盒装,盒,83.89,124.3,0.3251,30,兰州,0,2023-06-26,在售
807,GXP-SG-0807,天水兰州白兰瓜750ml,甘肃生鲜水果,兰州白兰瓜,合作甄选,750ml,瓶,71.87,100.7,0.2863,58,天水,1,2023-04-17,在售
808,GXP-SG-0808,静宁兰州白兰瓜5连袋,甘肃生鲜水果,兰州白兰瓜,甘肃胖娃娃,5连袋,袋,32.2,53.2,0.3947,18,静宁,0,2022-08-08,在售
809,GXP-SG-0809,秦安河西葡萄500g,甘肃生鲜水果,河西葡萄,胖娃优选,500g,kg,57.01,89.9,0.3659,43,秦安,0,2023-05-18,在售
810,GXP-SG-0810,瓜州河西葡萄5kg,甘肃生鲜水果,河西葡萄,陇原农特,5kg,kg,87.28,118.1,0.261,45,瓜州,0,2023-07-21,在售
811,GXP-SG-0811,静宁河西葡萄2盒装,甘肃生鲜水果,河西葡萄,甘肃胖娃娃,2盒装,盒,71.1,95.9,0.2586,14,静宁,0,2023-08-04,在售
812,GXP-SG-0812,静宁河西葡萄1袋装,甘肃生鲜水果,河西葡萄,胖娃优选,1袋装,袋,41.39,57.6,0.2814,34,静宁,0,2022-10-26,在售
813,GXP-SG-0813,兰州河西葡萄礼盒装,甘肃生鲜水果,河西葡萄,合作甄选,礼盒装,盒,95.4,130.5,0.269,15,兰州,0,2022-07-06,在售
814,GXP-SG-0814,敦煌河西葡萄1袋装,甘肃生鲜水果,河西葡萄,胖娃优选,1袋装,袋,89.07,137.5,0.3522,32,敦煌,0,2022-12-01,在售
815,GXP-SG-0815,兰州河西葡萄500ml,甘肃生鲜水果,河西葡萄,小胖甄选,500ml,瓶,108.17,158.6,0.318,37,兰州,0,2022-02-15,在售
816,GXP-SG-0816,瓜州河西葡萄5kg,甘肃生鲜水果,河西葡萄,甘小胖,5kg,kg,40.59,65.4,0.3794,11,瓜州,0,2023-11-10,在售
817,GXP-SG-0817,兰州河西葡萄5连袋,甘肃生鲜水果,河西葡萄,小胖甄选,5连袋,袋,94.8,146.2,0.3516,55,兰州,1,2023-10-25,在售
818,GXP-SG-0818,秦安河西葡萄500ml,甘肃生鲜水果,河西葡萄,小胖甄选,500ml,瓶,37.36,52.9,0.2937,9,秦安,0,2022-05-21,在售
819,GXP-SG-0819,兰州河西葡萄5kg,甘肃生鲜水果,河西葡萄,小胖甄选,5kg,kg,44.07,62.5,0.2949,35,兰州,0,2023-04-09,在售
820,GXP-SG-0820,天水河西葡萄整箱,甘肃生鲜水果,河西葡萄,甘小胖,整箱,箱,60.15,81.4,0.2611,54,天水,1,2022-10-16,在售
821,GXP-SG-0821,瓜州河西葡萄500g,甘肃生鲜水果,河西葡萄,甘小胖,500g,kg,83.35,125.3,0.3348,29,瓜州,0,2023-10-11,在售
822,GXP-SG-0822,兰州河西葡萄1袋装,甘肃生鲜水果,河西葡萄,小胖甄选,1袋装,袋,79.9,119.0,0.3286,41,兰州,0,2022-09-05,在售
823,GXP-SG-0823,敦煌河西葡萄3连袋,甘肃生鲜水果,河西葡萄,合作甄选,3连袋,袋,65.66,108.8,0.3965,35,敦煌,0,2023-07-26,在售
824,GXP-SG-0824,静宁河西葡萄礼盒装,甘肃生鲜水果,河西葡萄,合作甄选,礼盒装,盒,57.34,80.6,0.2886,28,静宁,0,2023-08-16,下架
825,GXP-SG-0825,敦煌河西葡萄1袋装,甘肃生鲜水果,河西葡萄,小胖甄选,1袋装,袋,44.95,64.2,0.2999,11,敦煌,0,2023-05-30,在售
826,GXP-SG-0826,天水河西葡萄1袋装,甘肃生鲜水果,河西葡萄,胖娃优选,1袋装,袋,70.43,116.3,0.3944,19,天水,0,2022-02-05,在售
827,GXP-SG-0827,静宁河西葡萄2盒装,甘肃生鲜水果,河西葡萄,甘肃胖娃娃,2盒装,盒,47.45,76.1,0.3765,40,静宁,0,2023-09-10,清仓
828,GXP-SG-0828,天水河西葡萄礼盒装,甘肃生鲜水果,河西葡萄,甘小胖,礼盒装,盒,51.29,82.1,0.3753,19,天水,0,2023-06-14,清仓
829,GXP-SG-0829,瓜州河西葡萄500g,甘肃生鲜水果,河西葡萄,小胖甄选,500g,kg,58.5,89.4,0.3456,38,瓜州,0,2022-03-25,在售
830,GXP-SG-0830,敦煌河西葡萄10斤装,甘肃生鲜水果,河西葡萄,陇原农特,10斤装,箱,66.04,106.2,0.3782,24,敦煌,0,2023-05-01,在售
831,GXP-SG-0831,兰州河西葡萄10斤装,甘肃生鲜水果,河西葡萄,陇原农特,10斤装,箱,66.21,102.4,0.3534,1,兰州,0,2022-10-10,在售
832,GXP-SG-0832,兰州河西葡萄礼盒装,甘肃生鲜水果,河西葡萄,陇原农特,礼盒装,盒,112.24,157.6,0.2878,31,兰州,0,2022-09-26,在售
833,GXP-SG-0833,秦安河西葡萄礼盒装,甘肃生鲜水果,河西葡萄,胖娃优选,礼盒装,盒,58.09,93.0,0.3754,14,秦安,0,2023-03-27,在售
834,GXP-SG-0834,兰州河西葡萄礼盒装,甘肃生鲜水果,河西葡萄,胖娃优选,礼盒装,盒,28.14,46.1,0.3896,37,兰州,0,2022-07-11,在售
835,GXP-SG-0835,静宁河西葡萄5kg,甘肃生鲜水果,河西葡萄,小胖甄选,5kg,kg,59.62,79.7,0.252,33,静宁,0,2023-05-27,在售
836,GXP-SG-0836,瓜州河西葡萄1袋装,甘肃生鲜水果,河西葡萄,合作甄选,1袋装,袋,50.67,71.4,0.2904,34,瓜州,0,2022-09-10,下架
837,GXP-SG-0837,敦煌河西葡萄1kg,甘肃生鲜水果,河西葡萄,合作甄选,1kg,kg,111.67,157.2,0.2896,10,敦煌,0,2023-09-03,在售
838,GXP-SG-0838,敦煌河西葡萄750ml,甘肃生鲜水果,河西葡萄,甘小胖,750ml,瓶,58.58,94.9,0.3827,7,敦煌,0,2023-01-15,在售
839,GXP-SG-0839,天水河西葡萄5连袋,甘肃生鲜水果,河西葡萄,胖娃优选,5连袋,袋,89.28,137.4,0.3502,14,天水,0,2023-01-30,在售
840,GXP-SG-0840,天水河西葡萄2盒装,甘肃生鲜水果,河西葡萄,陇原农特,2盒装,盒,69.84,115.5,0.3953,6,天水,0,2022-05-09,在售
841,GXP-SG-0841,敦煌河西葡萄5kg,甘肃生鲜水果,河西葡萄,胖娃优选,5kg,kg,60.65,96.0,0.3682,30,敦煌,0,2023-04-05,在售
842,GXP-SG-0842,天水河西葡萄5斤装,甘肃生鲜水果,河西葡萄,陇原农特,5斤装,箱,105.68,158.9,0.3349,1,天水,0,2023-01-31,在售
843,GXP-SG-0843,敦煌河西葡萄2kg,甘肃生鲜水果,河西葡萄,陇原农特,2kg,kg,39.71,58.9,0.3258,9,敦煌,0,2023-07-02,在售
844,GXP-SG-0844,秦安河西葡萄500ml,甘肃生鲜水果,河西葡萄,合作甄选,500ml,瓶,85.55,133.8,0.3606,4,秦安,0,2022-09-25,在售
845,GXP-SG-0845,敦煌河西葡萄2kg,甘肃生鲜水果,河西葡萄,甘小胖,2kg,kg,81.21,109.2,0.2563,6,敦煌,0,2023-02-07,在售
846,GXP-SG-0846,敦煌河西葡萄750ml,甘肃生鲜水果,河西葡萄,甘肃胖娃娃,750ml,瓶,63.11,87.2,0.2763,28,敦煌,0,2023-10-15,下架
847,GXP-SG-0847,兰州河西葡萄10斤装,甘肃生鲜水果,河西葡萄,合作甄选,10斤装,箱,118.25,160.9,0.2651,23,兰州,0,2023-06-04,在售
848,GXP-SG-0848,天水河西葡萄1kg,甘肃生鲜水果,河西葡萄,小胖甄选,1kg,kg,103.41,146.7,0.2951,29,天水,0,2022-10-08,清仓
849,GXP-SG-0849,静宁河西葡萄1kg,甘肃生鲜水果,河西葡萄,小胖甄选,1kg,kg,67.86,105.9,0.3592,8,静宁,0,2022-12-25,在售
850,GXP-SG-0850,敦煌河西葡萄750ml,甘肃生鲜水果,河西葡萄,甘小胖,750ml,瓶,105.95,160.9,0.3415,26,敦煌,0,2023-03-17,在售
851,GXP-SG-0851,天水河西葡萄3连袋,甘肃生鲜水果,河西葡萄,合作甄选,3连袋,袋,117.31,163.3,0.2816,42,天水,0,2023-11-07,在售
852,GXP-SG-0852,瓜州河西葡萄2kg,甘肃生鲜水果,河西葡萄,甘小胖,2kg,kg,86.46,126.0,0.3138,10,瓜州,0,2022-03-05,在售
853,GXP-SG-0853,瓜州软儿梨整箱,甘肃生鲜水果,软儿梨,小胖甄选,整箱,箱,73.07,111.7,0.3458,28,瓜州,0,2022-09-08,在售
854,GXP-SG-0854,秦安软儿梨3连袋,甘肃生鲜水果,软儿梨,陇原农特,3连袋,袋,77.83,119.2,0.3471,45,秦安,0,2022-09-16,在售
855,GXP-SG-0855,静宁软儿梨10斤装,甘肃生鲜水果,软儿梨,陇原农特,10斤装,箱,58.65,84.2,0.3035,18,静宁,0,2022-05-12,在售
856,GXP-SG-0856,天水软儿梨750ml,甘肃生鲜水果,软儿梨,陇原农特,750ml,瓶,45.25,72.3,0.3741,22,天水,0,2022-11-23,在售
857,GXP-SG-0857,敦煌软儿梨3连袋,甘肃生鲜水果,软儿梨,合作甄选,3连袋,袋,95.53,146.5,0.3479,35,敦煌,0,2022-04-07,在售
858,GXP-SG-0858,敦煌软儿梨750ml,甘肃生鲜水果,软儿梨,甘小胖,750ml,瓶,63.6,102.8,0.3813,56,敦煌,1,2023-05-07,在售
859,GXP-SG-0859,静宁软儿梨10斤装,甘肃生鲜水果,软儿梨,合作甄选,10斤装,箱,106.38,150.9,0.295,45,静宁,0,2023-06-04,在售
860,GXP-SG-0860,静宁软儿梨1kg,甘肃生鲜水果,软儿梨,合作甄选,1kg,kg,48.98,70.4,0.3042,19,静宁,0,2023-01-14,在售
861,GXP-SG-0861,兰州软儿梨750ml,甘肃生鲜水果,软儿梨,合作甄选,750ml,瓶,48.91,78.2,0.3745,31,兰州,0,2023-06-14,在售
862,GXP-SG-0862,敦煌软儿梨10斤装,甘肃生鲜水果,软儿梨,胖娃优选,10斤装,箱,50.47,79.5,0.3651,2,敦煌,0,2023-04-28,在售
863,GXP-SG-0863,兰州软儿梨礼盒装,甘肃生鲜水果,软儿梨,甘小胖,礼盒装,盒,47.26,77.4,0.3894,29,兰州,0,2023-10-11,在售
864,GXP-SG-0864,秦安软儿梨3连袋,甘肃生鲜水果,软儿梨,合作甄选,3连袋,袋,38.43,54.6,0.2961,16,秦安,0,2022-06-11,在售
865,GXP-SG-0865,静宁软儿梨2盒装,甘肃生鲜水果,软儿梨,甘小胖,2盒装,盒,89.63,142.0,0.3688,17,静宁,0,2022-02-05,在售
866,GXP-SG-0866,瓜州软儿梨5kg,甘肃生鲜水果,软儿梨,合作甄选,5kg,kg,102.31,156.1,0.3446,5,瓜州,0,2022-12-01,在售
867,GXP-SG-0867,静宁软儿梨3连袋,甘肃生鲜水果,软儿梨,胖娃优选,3连袋,袋,96.64,156.3,0.3817,18,静宁,0,2023-11-01,在售
868,GXP-SG-0868,兰州软儿梨礼盒装,甘肃生鲜水果,软儿梨,胖娃优选,礼盒装,盒,41.66,63.8,0.3471,43,兰州,0,2023-05-06,在售
869,GXP-SG-0869,天水软儿梨750ml,甘肃生鲜水果,软儿梨,胖娃优选,750ml,瓶,30.0,43.9,0.3167,16,天水,0,2023-11-15,在售
870,GXP-SG-0870,秦安软儿梨2盒装,甘肃生鲜水果,软儿梨,小胖甄选,2盒装,盒,93.5,138.5,0.3249,40,秦安,0,2022-04-13,在售
871,GXP-SG-0871,瓜州软儿梨1kg,甘肃生鲜水果,软儿梨,合作甄选,1kg,kg,72.34,106.8,0.3227,46,瓜州,1,2022-07-18,在售
872,GXP-SG-0872,瓜州软儿梨5连袋,甘肃生鲜水果,软儿梨,甘肃胖娃娃,5连袋,袋,93.62,143.5,0.3476,11,瓜州,0,2022-04-27,在售
873,GXP-SG-0873,敦煌软儿梨500g,甘肃生鲜水果,软儿梨,胖娃优选,500g,kg,30.3,48.0,0.3688,29,敦煌,0,2022-03-04,在售
874,GXP-SG-0874,天水软儿梨10斤装,甘肃生鲜水果,软儿梨,陇原农特,10斤装,箱,87.03,136.3,0.3615,14,天水,0,2022-09-03,在售
875,GXP-SG-0875,敦煌软儿梨500g,甘肃生鲜水果,软儿梨,陇原农特,500g,kg,104.54,156.8,0.3333,22,敦煌,0,2022-05-26,在售
876,GXP-SG-0876,兰州软儿梨500ml,甘肃生鲜水果,软儿梨,甘小胖,500ml,瓶,62.97,84.6,0.2557,28,兰州,0,2022-09-20,在售
877,GXP-SG-0877,敦煌软儿梨5斤装,甘肃生鲜水果,软儿梨,甘小胖,5斤装,箱,40.31,54.5,0.2604,19,敦煌,0,2023-06-06,在售
878,GXP-SG-0878,天水软儿梨5kg,甘肃生鲜水果,软儿梨,胖娃优选,5kg,kg,101.51,159.1,0.362,28,天水,0,2023-06-02,在售
879,GXP-SG-0879,秦安软儿梨礼盒装,甘肃生鲜水果,软儿梨,甘肃胖娃娃,礼盒装,盒,100.4,154.6,0.3506,41,秦安,0,2023-11-27,在售
880,GXP-SG-0880,瓜州软儿梨礼盒装,甘肃生鲜水果,软儿梨,甘小胖,礼盒装,盒,99.13,147.6,0.3284,18,瓜州,0,2022-06-17,在售
881,GXP-SG-0881,静宁软儿梨礼盒装,甘肃生鲜水果,软儿梨,合作甄选,礼盒装,盒,112.22,151.1,0.2573,37,静宁,0,2023-09-01,在售
882,GXP-SG-0882,秦安软儿梨5连袋,甘肃生鲜水果,软儿梨,甘小胖,5连袋,袋,71.03,104.5,0.3203,3,秦安,0,2022-06-07,在售
883,GXP-SG-0883,敦煌软儿梨750ml,甘肃生鲜水果,软儿梨,甘小胖,750ml,瓶,33.54,52.7,0.3635,22,敦煌,0,2023-09-04,清仓
884,GXP-SG-0884,天水软儿梨5斤装,甘肃生鲜水果,软儿梨,胖娃优选,5斤装,箱,106.29,152.3,0.3021,4,天水,0,2023-08-12,在售
885,GXP-SG-0885,瓜州软儿梨整箱,甘肃生鲜水果,软儿梨,小胖甄选,整箱,箱,41.62,66.8,0.377,14,瓜州,0,2023-11-28,在售
886,GXP-SG-0886,瓜州软儿梨750ml,甘肃生鲜水果,软儿梨,小胖甄选,750ml,瓶,82.25,113.0,0.2721,7,瓜州,0,2023-04-19,在售
887,GXP-SG-0887,天水软儿梨5斤装,甘肃生鲜水果,软儿梨,甘小胖,5斤装,箱,56.16,78.7,0.2864,15,天水,0,2022-09-06,在售
888,GXP-SG-0888,天水软儿梨礼盒装,甘肃生鲜水果,软儿梨,胖娃优选,礼盒装,盒,108.27,148.9,0.2729,13,天水,0,2023-05-23,在售
889,GXP-SG-0889,静宁软儿梨500ml,甘肃生鲜水果,软儿梨,合作甄选,500ml,瓶,75.88,115.3,0.3419,45,静宁,0,2023-07-09,在售
890,GXP-SG-0890,秦安软儿梨10斤装,甘肃生鲜水果,软儿梨,甘小胖,10斤装,箱,86.81,142.8,0.3921,29,秦安,0,2022-06-16,在售
891,GXP-SG-0891,兰州软儿梨2盒装,甘肃生鲜水果,软儿梨,甘肃胖娃娃,2盒装,盒,101.31,145.6,0.3042,2,兰州,0,2023-04-07,在售
892,GXP-SG-0892,敦煌软儿梨10斤装,甘肃生鲜水果,软儿梨,小胖甄选,10斤装,箱,76.59,116.6,0.3431,6,敦煌,0,2022-04-10,在售
893,GXP-SG-0893,静宁软儿梨2盒装,甘肃生鲜水果,软儿梨,甘小胖,2盒装,盒,106.84,167.3,0.3614,12,静宁,0,2022-05-30,在售
894,GXP-SG-0894,天水软儿梨2盒装,甘肃生鲜水果,软儿梨,甘小胖,2盒装,盒,51.06,71.1,0.2819,18,天水,0,2023-02-26,在售
895,GXP-SG-0895,静宁软儿梨礼盒装,甘肃生鲜水果,软儿梨,合作甄选,礼盒装,盒,38.85,62.6,0.3794,27,静宁,0,2022-07-14,在售
896,GXP-SG-0896,秦安软儿梨5连袋,甘肃生鲜水果,软儿梨,陇原农特,5连袋,袋,76.41,103.4,0.261,41,秦安,0,2022-02-11,在售
897,GXP-SG-0897,兰州籽瓜10斤装,甘肃生鲜水果,籽瓜,胖娃优选,10斤装,箱,104.43,141.1,0.2599,1,兰州,0,2022-10-22,在售
898,GXP-SG-0898,天水籽瓜5连袋,甘肃生鲜水果,籽瓜,甘小胖,5连袋,袋,43.25,58.6,0.2619,4,天水,0,2022-03-23,在售
899,GXP-SG-0899,天水籽瓜500g,甘肃生鲜水果,籽瓜,甘肃胖娃娃,500g,kg,41.33,62.6,0.3398,35,天水,0,2023-11-18,在售
900,GXP-SG-0900,兰州籽瓜5连袋,甘肃生鲜水果,籽瓜,甘肃胖娃娃,5连袋,袋,79.49,127.0,0.3741,16,兰州,0,2022-11-04,在售
901,GXP-SG-0901,秦安籽瓜2盒装,甘肃生鲜水果,籽瓜,小胖甄选,2盒装,盒,65.25,94.7,0.311,26,秦安,0,2022-11-25,在售
902,GXP-SG-0902,兰州籽瓜2盒装,甘肃生鲜水果,籽瓜,陇原农特,2盒装,盒,33.08,51.6,0.359,37,兰州,0,2022-11-22,在售
903,GXP-SG-0903,瓜州籽瓜礼盒装,甘肃生鲜水果,籽瓜,胖娃优选,礼盒装,盒,27.32,43.2,0.3675,5,瓜州,0,2022-06-06,在售
904,GXP-SG-0904,天水籽瓜750ml,甘肃生鲜水果,籽瓜,胖娃优选,750ml,瓶,101.01,135.9,0.2567,9,天水,0,2022-08-25,在售
905,GXP-SG-0905,瓜州籽瓜2kg,甘肃生鲜水果,籽瓜,小胖甄选,2kg,kg,37.13,52.5,0.2927,22,瓜州,0,2023-07-30,在售
906,GXP-SG-0906,秦安籽瓜10斤装,甘肃生鲜水果,籽瓜,陇原农特,10斤装,箱,124.39,167.1,0.2556,44,秦安,0,2023-06-01,在售
907,GXP-SG-0907,敦煌籽瓜750ml,甘肃生鲜水果,籽瓜,甘小胖,750ml,瓶,53.22,72.0,0.2609,21,敦煌,0,2022-07-22,清仓
908,GXP-SG-0908,兰州籽瓜500g,甘肃生鲜水果,籽瓜,小胖甄选,500g,kg,67.96,98.6,0.3107,22,兰州,0,2022-12-30,在售
909,GXP-SG-0909,天水籽瓜2盒装,甘肃生鲜水果,籽瓜,合作甄选,2盒装,盒,43.49,69.9,0.3778,42,天水,0,2022-03-24,在售
910,GXP-SG-0910,瓜州籽瓜5斤装,甘肃生鲜水果,籽瓜,陇原农特,5斤装,箱,43.0,61.7,0.303,19,瓜州,0,2023-08-08,在售
911,GXP-SG-0911,秦安籽瓜5斤装,甘肃生鲜水果,籽瓜,甘肃胖娃娃,5斤装,箱,29.73,41.4,0.2819,33,秦安,0,2023-01-03,在售
912,GXP-SG-0912,瓜州籽瓜500ml,甘肃生鲜水果,籽瓜,胖娃优选,500ml,瓶,66.85,92.7,0.2789,16,瓜州,0,2023-07-07,在售
913,GXP-SG-0913,静宁籽瓜10斤装,甘肃生鲜水果,籽瓜,小胖甄选,10斤装,箱,101.38,165.2,0.3863,35,静宁,0,2023-09-12,清仓
914,GXP-SG-0914,兰州籽瓜5kg,甘肃生鲜水果,籽瓜,陇原农特,5kg,kg,90.35,124.0,0.2714,47,兰州,1,2023-04-30,在售
915,GXP-SG-0915,天水籽瓜2kg,甘肃生鲜水果,籽瓜,甘肃胖娃娃,2kg,kg,54.09,73.9,0.2681,13,天水,0,2023-08-04,在售
916,GXP-SG-0916,秦安籽瓜750ml,甘肃生鲜水果,籽瓜,陇原农特,750ml,瓶,28.95,46.4,0.376,6,秦安,0,2023-06-03,在售
917,GXP-SG-0917,天水籽瓜1kg,甘肃生鲜水果,籽瓜,胖娃优选,1kg,kg,92.1,125.0,0.2632,28,天水,0,2023-03-31,在售
918,GXP-SG-0918,静宁籽瓜1袋装,甘肃生鲜水果,籽瓜,胖娃优选,1袋装,袋,99.96,151.0,0.338,38,静宁,0,2023-06-15,在售
919,GXP-SG-0919,静宁籽瓜1kg,甘肃生鲜水果,籽瓜,合作甄选,1kg,kg,26.94,44.4,0.3933,36,静宁,0,2022-10-30,在售
920,GXP-SG-0920,敦煌籽瓜750ml,甘肃生鲜水果,籽瓜,甘肃胖娃娃,750ml,瓶,62.28,98.7,0.369,9,敦煌,0,2023-11-07,在售
921,GXP-SG-0921,敦煌籽瓜5连袋,甘肃生鲜水果,籽瓜,陇原农特,5连袋,袋,77.67,118.1,0.3423,3,敦煌,0,2023-08-15,在售
922,GXP-SG-0922,天水籽瓜2盒装,甘肃生鲜水果,籽瓜,陇原农特,2盒装,盒,38.44,52.0,0.2608,25,天水,0,2022-04-09,在售
923,GXP-SG-0923,瓜州籽瓜1kg,甘肃生鲜水果,籽瓜,小胖甄选,1kg,kg,96.91,134.8,0.2811,27,瓜州,0,2022-08-28,在售
924,GXP-SG-0924,敦煌籽瓜整箱,甘肃生鲜水果,籽瓜,陇原农特,整箱,箱,105.9,141.6,0.2521,31,敦煌,0,2023-06-20,在售
925,GXP-SG-0925,兰州籽瓜5kg,甘肃生鲜水果,籽瓜,胖娃优选,5kg,kg,98.2,155.6,0.3689,7,兰州,0,2023-05-01,在售
926,GXP-SG-0926,兰州籽瓜3连袋,甘肃生鲜水果,籽瓜,合作甄选,3连袋,袋,60.45,83.8,0.2786,2,兰州,0,2022-09-30,在售
927,GXP-SG-0927,天水籽瓜整箱,甘肃生鲜水果,籽瓜,陇原农特,整箱,箱,85.88,121.2,0.2914,52,天水,1,2023-10-07,在售
928,GXP-SG-0928,静宁籽瓜1袋装,甘肃生鲜水果,籽瓜,小胖甄选,1袋装,袋,72.26,114.4,0.3684,43,静宁,0,2023-05-05,在售
929,GXP-SG-0929,兰州籽瓜5斤装,甘肃生鲜水果,籽瓜,小胖甄选,5斤装,箱,67.45,91.0,0.2588,28,兰州,0,2023-10-12,在售
930,GXP-SG-0930,瓜州籽瓜500ml,甘肃生鲜水果,籽瓜,甘肃胖娃娃,500ml,瓶,99.06,146.5,0.3238,44,瓜州,0,2023-05-12,在售
931,GXP-SG-0931,天水籽瓜500g,甘肃生鲜水果,籽瓜,合作甄选,500g,kg,27.52,40.2,0.3155,1,天水,0,2023-07-23,在售
932,GXP-SG-0932,静宁籽瓜5斤装,甘肃生鲜水果,籽瓜,小胖甄选,5斤装,箱,40.66,66.1,0.3848,27,静宁,0,2023-10-27,在售
933,GXP-SG-0933,静宁籽瓜500ml,甘肃生鲜水果,籽瓜,陇原农特,500ml,瓶,53.03,84.1,0.3695,40,静宁,0,2023-02-09,在售
934,GXP-SG-0934,瓜州籽瓜5斤装,甘肃生鲜水果,籽瓜,小胖甄选,5斤装,箱,57.06,77.0,0.259,15,瓜州,0,2023-10-16,在售
935,GXP-SG-0935,兰州籽瓜2盒装,甘肃生鲜水果,籽瓜,甘肃胖娃娃,2盒装,盒,60.72,81.1,0.2513,30,兰州,0,2022-09-14,在售
936,GXP-SG-0936,静宁籽瓜5kg,甘肃生鲜水果,籽瓜,甘肃胖娃娃,5kg,kg,63.88,88.1,0.2749,20,静宁,0,2023-06-02,在售
937,GXP-SG-0937,兰州籽瓜3连袋,甘肃生鲜水果,籽瓜,小胖甄选,3连袋,袋,47.9,71.7,0.332,33,兰州,0,2022-06-30,在售
938,GXP-SG-0938,敦煌籽瓜10斤装,甘肃生鲜水果,籽瓜,小胖甄选,10斤装,箱,79.68,106.8,0.2539,6,敦煌,0,2023-05-19,在售
939,GXP-SG-0939,兰州籽瓜750ml,甘肃生鲜水果,籽瓜,甘肃胖娃娃,750ml,瓶,94.73,143.1,0.338,5,兰州,0,2022-09-12,在售
940,GXP-SG-0940,瓜州籽瓜2盒装,甘肃生鲜水果,籽瓜,合作甄选,2盒装,盒,106.57,164.9,0.3537,33,瓜州,0,2023-05-30,在售
941,GXP-XC-0941,兰州周边定西黄心土豆500ml,高原夏菜及土豆,定西黄心土豆,陇原农特,500ml,瓶,42.07,56.0,0.2488,6,兰州周边,0,2022-09-22,在售
942,GXP-XC-0942,定西定西黄心土豆5连袋,高原夏菜及土豆,定西黄心土豆,陇原农特,5连袋,袋,34.3,48.5,0.2928,26,定西,0,2022-10-23,在售
943,GXP-XC-0943,定西定西黄心土豆5连袋,高原夏菜及土豆,定西黄心土豆,小胖甄选,5连袋,袋,28.02,37.8,0.2587,8,定西,0,2022-09-02,在售
944,GXP-XC-0944,张掖定西黄心土豆1kg,高原夏菜及土豆,定西黄心土豆,陇原农特,1kg,kg,14.59,19.1,0.2359,5,张掖,0,2023-02-26,在售
945,GXP-XC-0945,兰州周边定西黄心土豆500g,高原夏菜及土豆,定西黄心土豆,甘小胖,500g,kg,15.63,19.3,0.1903,28,兰州周边,0,2023-04-04,在售
946,GXP-XC-0946,兰州周边定西黄心土豆1袋装,高原夏菜及土豆,定西黄心土豆,甘肃胖娃娃,1袋装,袋,28.09,36.7,0.2347,43,兰州周边,0,2023-01-29,在售
947,GXP-XC-0947,榆中定西黄心土豆1kg,高原夏菜及土豆,定西黄心土豆,陇原农特,1kg,kg,35.34,48.7,0.2743,8,榆中,0,2022-04-01,在售
948,GXP-XC-0948,兰州周边定西黄心土豆3连袋,高原夏菜及土豆,定西黄心土豆,小胖甄选,3连袋,袋,32.76,40.7,0.195,38,兰州周边,0,2022-05-08,在售
949,GXP-XC-0949,张掖定西黄心土豆1袋装,高原夏菜及土豆,定西黄心土豆,陇原农特,1袋装,袋,16.9,20.7,0.1838,56,张掖,1,2022-10-18,清仓
950,GXP-XC-0950,定西定西黄心土豆整箱,高原夏菜及土豆,定西黄心土豆,陇原农特,整箱,箱,37.84,47.3,0.2001,5,定西,0,2022-12-10,在售
951,GXP-XC-0951,兰州周边定西黄心土豆500g,高原夏菜及土豆,定西黄心土豆,陇原农特,500g,kg,25.68,34.6,0.2579,33,兰州周边,0,2023-07-13,在售
952,GXP-XC-0952,张掖定西黄心土豆1袋装,高原夏菜及土豆,定西黄心土豆,陇原农特,1袋装,袋,15.89,22.5,0.2938,3,张掖,0,2023-10-13,在售
953,GXP-XC-0953,定西定西黄心土豆整箱,高原夏菜及土豆,定西黄心土豆,甘小胖,整箱,箱,27.85,40.5,0.3124,1,定西,0,2022-05-19,在售
954,GXP-XC-0954,兰州周边定西黄心土豆整箱,高原夏菜及土豆,定西黄心土豆,合作甄选,整箱,箱,41.08,58.8,0.3014,10,兰州周边,0,2022-10-10,在售
955,GXP-XC-0955,定西定西黄心土豆10斤装,高原夏菜及土豆,定西黄心土豆,陇原农特,10斤装,箱,29.97,42.9,0.3015,20,定西,0,2023-07-22,在售
956,GXP-XC-0956,张掖定西黄心土豆750ml,高原夏菜及土豆,定西黄心土豆,甘小胖,750ml,瓶,22.63,32.9,0.3121,20,张掖,0,2022-02-20,清仓
957,GXP-XC-0957,张掖定西黄心土豆1kg,高原夏菜及土豆,定西黄心土豆,胖娃优选,1kg,kg,19.39,26.7,0.2739,36,张掖,0,2023-07-25,在售
958,GXP-XC-0958,榆中定西黄心土豆10斤装,高原夏菜及土豆,定西黄心土豆,甘肃胖娃娃,10斤装,箱,41.67,55.5,0.2492,39,榆中,0,2022-11-17,在售
959,GXP-XC-0959,兰州周边定西黄心土豆5连袋,高原夏菜及土豆,定西黄心土豆,甘肃胖娃娃,5连袋,袋,32.79,45.4,0.2778,60,兰州周边,1,2022-12-02,在售
960,GXP-XC-0960,兰州周边定西黄心土豆5kg,高原夏菜及土豆,定西黄心土豆,胖娃优选,5kg,kg,25.09,33.5,0.2509,14,兰州周边,0,2023-10-18,在售
961,GXP-XC-0961,定西定西黄心土豆500ml,高原夏菜及土豆,定西黄心土豆,小胖甄选,500ml,瓶,33.64,44.8,0.2492,7,定西,0,2022-06-08,在售
962,GXP-XC-0962,张掖定西黄心土豆500g,高原夏菜及土豆,定西黄心土豆,胖娃优选,500g,kg,18.53,26.9,0.311,37,张掖,0,2023-06-06,在售
963,GXP-XC-0963,兰州周边定西黄心土豆500ml,高原夏菜及土豆,定西黄心土豆,甘肃胖娃娃,500ml,瓶,22.73,29.0,0.2162,49,兰州周边,1,2023-03-28,在售
964,GXP-XC-0964,张掖定西黄心土豆10斤装,高原夏菜及土豆,定西黄心土豆,胖娃优选,10斤装,箱,20.33,27.7,0.2659,3,张掖,0,2022-05-18,在售
965,GXP-XC-0965,兰州周边定西黄心土豆750ml,高原夏菜及土豆,定西黄心土豆,合作甄选,750ml,瓶,24.87,35.5,0.2993,52,兰州周边,1,2022-09-18,在售
966,GXP-XC-0966,定西定西黄心土豆750ml,高原夏菜及土豆,定西黄心土豆,陇原农特,750ml,瓶,26.82,38.5,0.3035,27,定西,0,2023-05-10,在售
967,GXP-XC-0967,张掖定西黄心土豆500ml,高原夏菜及土豆,定西黄心土豆,小胖甄选,500ml,瓶,27.33,36.1,0.2428,35,张掖,0,2023-11-03,在售
968,GXP-XC-0968,定西定西黄心土豆3连袋,高原夏菜及土豆,定西黄心土豆,小胖甄选,3连袋,袋,23.41,33.2,0.2948,6,定西,0,2023-04-27,在售
969,GXP-XC-0969,榆中定西黄心土豆1kg,高原夏菜及土豆,定西黄心土豆,合作甄选,1kg,kg,25.45,36.2,0.297,35,榆中,0,2022-07-06,在售
970,GXP-XC-0970,兰州周边定西黄心土豆5kg,高原夏菜及土豆,定西黄心土豆,陇原农特,5kg,kg,21.04,27.5,0.235,43,兰州周边,0,2023-04-23,在售
971,GXP-XC-0971,榆中定西黄心土豆5kg,高原夏菜及土豆,定西黄心土豆,胖娃优选,5kg,kg,16.74,23.6,0.2905,19,榆中,0,2022-11-20,在售
972,GXP-XC-0972,张掖定西黄心土豆5斤装,高原夏菜及土豆,定西黄心土豆,甘小胖,5斤装,箱,15.94,22.3,0.2853,24,张掖,0,2022-06-24,在售
973,GXP-XC-0973,兰州周边定西黄心土豆500ml,高原夏菜及土豆,定西黄心土豆,小胖甄选,500ml,瓶,30.14,41.0,0.2648,47,兰州周边,1,2022-09-29,在售
974,GXP-XC-0974,榆中定西黄心土豆2盒装,高原夏菜及土豆,定西黄心土豆,小胖甄选,2盒装,盒,34.79,43.1,0.1927,24,榆中,0,2023-09-11,在售
975,GXP-XC-0975,定西定西黄心土豆3连袋,高原夏菜及土豆,定西黄心土豆,陇原农特,3连袋,袋,18.17,25.2,0.2791,38,定西,0,2022-07-09,在售
976,GXP-XC-0976,榆中定西黄心土豆1袋装,高原夏菜及土豆,定西黄心土豆,陇原农特,1袋装,袋,37.7,54.0,0.3019,14,榆中,0,2022-09-07,在售
977,GXP-XC-0977,定西荷兰土豆礼盒装,高原夏菜及土豆,荷兰土豆,小胖甄选,礼盒装,盒,30.17,42.0,0.2817,16,定西,0,2023-08-03,在售
978,GXP-XC-0978,兰州周边荷兰土豆整箱,高原夏菜及土豆,荷兰土豆,甘肃胖娃娃,整箱,箱,28.81,37.3,0.2277,59,兰州周边,1,2023-04-30,在售
979,GXP-XC-0979,榆中荷兰土豆2盒装,高原夏菜及土豆,荷兰土豆,合作甄选,2盒装,盒,32.74,41.9,0.2187,10,榆中,0,2022-08-30,在售
980,GXP-XC-0980,榆中荷兰土豆礼盒装,高原夏菜及土豆,荷兰土豆,甘肃胖娃娃,礼盒装,盒,36.51,45.1,0.1904,24,榆中,0,2022-05-02,在售
981,GXP-XC-0981,张掖荷兰土豆1袋装,高原夏菜及土豆,荷兰土豆,甘肃胖娃娃,1袋装,袋,30.72,39.3,0.2182,43,张掖,0,2022-04-09,下架
982,GXP-XC-0982,张掖荷兰土豆2盒装,高原夏菜及土豆,荷兰土豆,甘小胖,2盒装,盒,39.47,53.3,0.2594,13,张掖,0,2023-10-04,在售
983,GXP-XC-0983,兰州周边荷兰土豆5kg,高原夏菜及土豆,荷兰土豆,合作甄选,5kg,kg,18.49,25.0,0.2604,40,兰州周边,0,2022-08-18,下架
984,GXP-XC-0984,兰州周边荷兰土豆整箱,高原夏菜及土豆,荷兰土豆,甘小胖,整箱,箱,25.24,34.9,0.2767,17,兰州周边,0,2022-12-31,在售
985,GXP-XC-0985,榆中荷兰土豆500g,高原夏菜及土豆,荷兰土豆,合作甄选,500g,kg,39.51,49.7,0.2051,48,榆中,1,2023-02-05,在售
986,GXP-XC-0986,兰州周边荷兰土豆3连袋,高原夏菜及土豆,荷兰土豆,甘小胖,3连袋,袋,15.65,22.8,0.3137,32,兰州周边,0,2023-02-28,在售
987,GXP-XC-0987,兰州周边荷兰土豆500ml,高原夏菜及土豆,荷兰土豆,合作甄选,500ml,瓶,37.64,50.0,0.2472,25,兰州周边,0,2023-06-11,在售
988,GXP-XC-0988,兰州周边荷兰土豆整箱,高原夏菜及土豆,荷兰土豆,陇原农特,整箱,箱,35.92,47.6,0.2453,51,兰州周边,1,2023-05-02,在售
989,GXP-XC-0989,兰州周边荷兰土豆500ml,高原夏菜及土豆,荷兰土豆,合作甄选,500ml,瓶,24.83,34.8,0.2866,36,兰州周边,0,2022-12-03,在售
990,GXP-XC-0990,兰州周边荷兰土豆500ml,高原夏菜及土豆,荷兰土豆,合作甄选,500ml,瓶,29.17,42.3,0.3104,42,兰州周边,0,2023-05-08,在售
991,GXP-XC-0991,定西荷兰土豆500ml,高原夏菜及土豆,荷兰土豆,小胖甄选,500ml,瓶,35.67,48.0,0.2568,13,定西,0,2022-05-29,在售
992,GXP-XC-0992,定西荷兰土豆2盒装,高原夏菜及土豆,荷兰土豆,胖娃优选,2盒装,盒,25.18,32.4,0.2228,4,定西,0,2022-05-29,在售
993,GXP-XC-0993,张掖荷兰土豆750ml,高原夏菜及土豆,荷兰土豆,甘肃胖娃娃,750ml,瓶,38.65,55.3,0.301,9,张掖,0,2022-08-29,在售
994,GXP-XC-0994,榆中荷兰土豆1kg,高原夏菜及土豆,荷兰土豆,甘小胖,1kg,kg,26.22,32.4,0.1908,25,榆中,0,2023-07-22,在售
995,GXP-XC-0995,张掖荷兰土豆整箱,高原夏菜及土豆,荷兰土豆,陇原农特,整箱,箱,37.79,52.4,0.2789,35,张掖,0,2023-07-16,在售
996,GXP-XC-0996,榆中荷兰土豆2盒装,高原夏菜及土豆,荷兰土豆,甘肃胖娃娃,2盒装,盒,31.0,44.9,0.3096,21,榆中,0,2022-07-25,在售
997,GXP-XC-0997,兰州周边荷兰土豆2盒装,高原夏菜及土豆,荷兰土豆,胖娃优选,2盒装,盒,15.88,21.5,0.2616,14,兰州周边,0,2023-03-31,在售
998,GXP-XC-0998,兰州周边荷兰土豆500g,高原夏菜及土豆,荷兰土豆,合作甄选,500g,kg,39.44,54.7,0.2789,22,兰州周边,0,2023-01-22,在售
999,GXP-XC-0999,榆中荷兰土豆5斤装,高原夏菜及土豆,荷兰土豆,小胖甄选,5斤装,箱,20.19,27.3,0.2604,1,榆中,0,2022-07-17,在售
1000,GXP-XC-1000,榆中荷兰土豆1袋装,高原夏菜及土豆,荷兰土豆,小胖甄选,1袋装,袋,42.67,55.6,0.2326,23,榆中,0,2022-08-03,在售
