user_id,nickname,gender,age,province,city_tier,register_date,source,is_fan,member_level
1,ptao13,男,18,上海,3,2023-09-29,短视频橱窗,1,普通
2,guiyingjia72,男,36,甘肃,4,2023-04-25,直播间,0,普通
3,xia9414,女,44,青海,2,2023-01-15,商城搜索,0,普通
4,taowen84,女,33, GANSU,4,2023-01-21,直播间,1,普通
5,wangxiuying40,女,33,北京,1,2022-09-09,直播间,1,普通
6,qianwei85,男,30,山东,4,2023-06-29,直播间,0,普通
7,lisong70,女,20,陕西,4,2023-05-06,直播间,0,银卡
8,limao15,男,33,山东,2,2023-04-09,短视频橱窗,1,普通
9,wanyong40,女,35,浙江,4,2022-07-10,老客推荐,1,普通
10,lizhou19,男,20,北京,1,2023-01-18,直播间,1,黑卡
11,xiulanqin30,男,23,甘肃,4,2023-06-23,直播间,0,银卡
12,xiuying5589,女,49,湖北,4,2023-11-02,短视频橱窗,0,普通
13,houxiulan74,女,48,甘肃,5,2022-06-24,短视频橱窗,0,普通
14,naqin78,男,46,上海,4,2023-11-19,老客推荐,1,普通
15,chaozhong26,男,45,河南,3,2023-01-20,直播间,0,普通
16,nliang13,女,47,甘肃省,3,2022-09-16,直播间,0,普通
17,fangduan65,女,40,四川,3,2022-07-14,短视频橱窗,1,普通
18,jietao57,女,34,甘肃,4,2023-09-07,老客推荐,1,银卡
19,dingli14,女,42,北京,5,2023-10-01,商城搜索,1,普通
20,li1268,女,35,甘肃,4,2023-04-07,直播间,1,普通
21,fangcao73,男,32,甘肃,2,2023-06-17,商城搜索,1,普通
22,ping7427,女,51,甘肃,5,2023-12-12,老客推荐,0,普通
23,dqian95,女,45,甘肃,5,2023-07-12,直播间,1,普通
24,ywu36,女,29,北京,3,2023-02-07,直播间,1,黑卡
25,taowan26,女,31,甘肃,4,2022-12-14,短视频橱窗,0,普通
26,xionggang91,女,35,甘肃,5,2023-01-12,商城搜索,1,普通
27,wujing53,女,34,甘肃,5,2023-05-29,商城搜索,1,普通
28,xiuyingye68,男,50,湖北,4,2022-12-26,直播间,1,银卡
29,ping0720,女,38,山东,4,2023-01-10,直播间,0,银卡
30,ashi51,女,34,江苏,3,2023-10-22,老客推荐,0,普通
31,zhonggang86,女,56,甘肃,4,2023-10-15,直播间,1,金卡
32,jing7162,女,31,重庆,3,2023-10-05,直播间,1,普通
33,jinna62,女,42,山东,5,2023-08-17,直播间,0,银卡
34,lqiu60,女,18,甘肃,5,2023-10-05,直播间,1,银卡
35,jxiao97,女,28,陕西,5,2023-10-11,直播间,0,普通
36,ajia59,男,23,山东,5,2023-02-13,直播间,1,银卡
37,wei7966,女,37,青海,5,2023-08-19,直播间,1,银卡
38,chaozhao62,女,31,甘肃,4,2022-11-16,短视频橱窗,1,银卡
39,szou34,女,36,陕西,4,2022-08-26,短视频橱窗,1,普通
40,iyan95,男,31,甘肃,2,2023-10-19,商城搜索,1,银卡
41,wshen27,女,31,浙江,2,2023-03-25,直播间,1,普通
42,chao4734,男,33,重庆,2,2023-07-22,直播间,0,普通
43,jiewang46,女,30,新疆,4,2023-05-24,直播间,1,普通
44,yshen50,男,22,河南,5,2022-07-19,直播间,0,普通
45,eyuan54,男,31,浙江,2,2023-11-05,短视频橱窗,0,黑卡
46,fang5495,男,46,甘肃,3,2023-12-01,直播间,1,普通
47,qiangdu71,男,59,上海,2,2023-02-09,直播间,0,普通
48,ucui16,女,18,北京,4,2022-09-24,商城搜索,0,黑卡
49,hujuan27,女,29,四川,3,2023-01-18,商城搜索,0,普通
50,jiezou22,男,45,甘肃,4,2023-10-03,老客推荐,1,普通
51,songli70,男,48,重庆,5,2023-02-11,短视频橱窗,1,银卡
52,xiulan5430,女,43,青海,4,2023-11-30,直播间,1,黑卡
53,bdeng11,男,25,湖北,5,2022-09-07,直播间,1,普通
54,rsu35,女,43,福建,3,2023-11-20,老客推荐,1,普通
55,bzhou13,女,34,上海,1,2023-10-03,短视频橱窗,0,普通
56,xiuying7475,女,30,湖北,3,2023-02-18,直播间,1,金卡
57,lei3792,女,44,四川,2,2022-07-10,直播间,0,银卡
58,lxia49,女,45,北京,2,2022-12-22,商城搜索,1,金卡
59,jun9698,女,48,北京,4,2023-04-15,直播间,0,金卡
60,juanhao53,女,22,福建,5,2023-03-08,短视频橱窗,0,黑卡
61,xiulanpeng48,男,25,陕西,2,2022-12-12,直播间,1,金卡
62,wei9436,男,46,四川,2,2022-07-30,直播间,0,普通
63,yanzheng51,女,38,甘肃,5,2023-05-21,直播间,0,普通
64,xiuying0473,女,53,河南,4,2023-01-05,直播间,1,银卡
65,juanzhong43,男,28,重庆,4,2022-07-14,短视频橱窗,0,银卡
66,lei0289,女,40,甘肃,2,2023-01-03,直播间,1,普通
67,xiuyingtan90,男,45,河南,3,2023-02-03,商城搜索,1,普通
68,fang5694,女,43,广东,5,2022-12-28,老客推荐,1,银卡
69,cfeng60,女,30,湖北,4,2023-09-19,直播间,1,金卡
70,nbai65,女,38,山东,3,2023-08-27,直播间,1,金卡
71,taoxue57,女,52,山东,3,2022-07-17,直播间,1,普通
72,ylong43,女,34,陕西,3,2023-07-19,老客推荐,1,普通
73,qiang8251,男,49,湖北,5,2023-04-24,老客推荐,0,普通
74,xiuyingcao19,女,49,新疆,4,2023-03-25,短视频橱窗,1,金卡
75,hejun97,女,31,青海,5,2022-08-02,商城搜索,0,普通
76,tangxiuying78,男,38,重庆,5,2023-06-08,直播间,1,金卡
77,chaoqiu12,女,34,江苏,1,2023-10-16,短视频橱窗,0,普通
78,hyan91,女,34,浙江,3,2022-08-23,短视频橱窗,0,普通
79,pengjuan26,女,59,浙江,5,2022-11-21,短视频橱窗,1,银卡
80,ming7212,女,40,甘肃,5,2023-03-13,短视频橱窗,1,普通
81,xyang47,女,32,北京,1,2022-11-13,直播间,1,普通
82,bgao37,男,35,浙江,1,2023-12-28,直播间,0,普通
83,minshao22,女,33,甘肃,4,2023-12-05,老客推荐,0,普通
84,yong0442,女,40,江苏,4,2022-12-18,直播间,1,普通
85,gchang43,男,23,甘肃,4,2023-06-20,直播间,0,黑卡
86,yanye72,女,50,广东,5,2022-08-15,商城搜索,0,普通
87,wkang23,女,37,江苏,3,2022-07-02,直播间,0,普通
88,lei1965,男,36,福建,3,2022-08-06,直播间,1,金卡
89,xiangxiulan48,女,53,北京,2,2023-02-19,直播间,1,普通
90,jiajing85,女,22,浙江,3,2022-07-18,直播间,1,普通
91,fli41,女,48,陕西,3,2023-08-29,直播间,1,黑卡
92,fang9120,男,41,甘肃,5,2023-10-05,老客推荐,0,金卡
93,lixia61,女,32,甘肃,5,2023-10-30,短视频橱窗,1,普通
94,gliu15,男,32,甘肃,4,2023-10-19,短视频橱窗,1,普通
95,jie2973,女,40,甘肃,2,2023-08-27,商城搜索,1,普通
96,laijie35,男,18,上海,4,2023-09-23,直播间,1,银卡
97,zoutao89,男,55,河南,1,2022-07-21,老客推荐,1,黑卡
98,xiulanxu48,女,44,浙江,5,2022-06-15,短视频橱窗,0,普通
99,liuyan56,女,62,甘肃,4,2023-11-09,短视频橱窗,0,普通
100,zouwei35,女,37,青海,4,2023-03-02,老客推荐,1,普通
101,caili44,女,41,浙江,3,2023-12-16,短视频橱窗,1,普通
102,jzhang17,男,35,甘肃,5,2022-08-07,直播间,0,普通
103,leijin17,女,39,河南,4,2023-02-16,直播间,1,金卡
104,lduan11,男,32,甘肃,4,2022-06-22,商城搜索,0,金卡
105,shenxiulan53,女,34,福建,3,2023-03-24,短视频橱窗,1,普通
106,lzhao24,女,36,北京,2,2023-03-13,直播间,1,普通
107,lei6248,男,28,北京,1,2023-09-30,直播间,1,普通
108,yang0443,女,22,福建,3,2022-11-19,直播间,0,银卡
109,jing1210,男,65,甘肃,4,2023-05-11,商城搜索,0,金卡
110,kxiao25,女,50,浙江,3,2022-12-04,直播间,1,银卡
111,guiying8814,男,49,四川,4,2023-12-21,老客推荐,0,普通
112,zhangqiang25,男,44,广东,2,2022-10-05,直播间,1,普通
113,wangxiuying63,女,38,上海,3,2022-09-27,老客推荐,0,普通
114,minshen58,女,18,江苏,1,2022-10-04,直播间,1,普通
115,zhu17,女,27,甘肃,4,2023-01-05,短视频橱窗,1,普通
116,sunjie89,男,42,广东,1,2023-06-10,直播间,1,银卡
117,yong0463,男,27,北京,1,2022-12-22,短视频橱窗,0,金卡
118,leiguiying65,男,25,甘肃,4,2023-12-30,短视频橱窗,1,普通
119,weikong83,男,35,陕西,4,2022-12-11,直播间,0,普通
120,mchen87,女,39,甘肃,2,2023-07-13,短视频橱窗,1,普通
121,vhe80,男,25,北京,4,2023-03-16,老客推荐,1,普通
122,xiaogang31,女,52,甘肃,1,2022-08-26,老客推荐,1,普通
123,vwei37,男,35,四川,4,2023-09-08,直播间,0,普通
124,dingyong58,女,38,浙江,1,2022-10-02,短视频橱窗,0,普通
125,xiuyingsong48,女,26,甘肃,2,2022-11-27,直播间,1,银卡
126,iyang30,男,30,浙江,5,2023-03-12,商城搜索,1,普通
127,mincai72,女,37,江苏,2,2022-11-26,直播间,0,银卡
128,jun7990,男,43,山东,5,2023-09-19,直播间,1,银卡
129,yanwan12,女,29,四川,4,2023-01-22,短视频橱窗,1,金卡
130,qiangzou91,女,48,湖北,3,2023-02-20,商城搜索,0,银卡
131,qtao21,女,30,浙江,5,2022-09-25,短视频橱窗,0,普通
132,na0268,男,61,北京,5,2023-11-09,短视频橱窗,1,金卡
133,hangang86,男,47,甘肃,2,2022-09-24,商城搜索,1,银卡
134,blei41,女,45,甘肃,3,2023-08-07,老客推荐,1,普通
135,qianfang84,男,36,甘肃,2,2022-11-09,老客推荐,1,普通
136,duxia33,男,34,山东,3,2023-02-02,老客推荐,1,普通
137,mingmao23,女,18,浙江,4,2023-06-03,老客推荐,0,金卡
138,gang6910,女,53,四川,2,2023-04-11,直播间,0,黑卡
139,jie4271,女,30,河南,1,2022-08-29,商城搜索,1,普通
140,dkang98,男,37,甘肃,2,2023-05-02,短视频橱窗,0,普通
141,tangli30,男,34,上海,2,2023-01-19,直播间,1,银卡
142,yongcao96,男,46,陕西,1,2022-09-04,直播间,0,金卡
143,yanzhao30,女,30,上海,2,2023-06-28,商城搜索,1,普通
144,dxiong22,男,38,上海,4,2023-11-22,短视频橱窗,0,普通
145,mye77,女,50,甘肃,2,2022-12-14,短视频橱窗,0,普通
146,cxia97,女,50,甘肃,3,2023-07-19,直播间,0,银卡
147,taoxue12,女,32,甘肃,4,2023-03-27,直播间,1,普通
148,na9347,男,54,广东,3,2023-07-20,直播间,0,银卡
149,yongpan80,女,51,青海,5,2023-05-26,老客推荐,1,普通
150,yan3267,女,32,广东,3,2023-09-27,商城搜索,0,普通
151,ngu34,女,38,河南,2,2023-04-15,商城搜索,1,普通
152,juan5845,女,43,甘肃,3,2023-08-14,商城搜索,0,银卡
153,fpan29,男,37,四川,4,2023-11-26,短视频橱窗,0,普通
154,wei4619,女,34,广东,5,2023-11-29,商城搜索,1,银卡
155,zsu42,女,18,陕西,1,2023-08-30,短视频橱窗,0,普通
156,weigu35,女,27,四川,3,2022-09-07,老客推荐,1,普通
157,lding68,女,18,甘肃,4,2022-09-18,直播间,1,银卡
158,gangshen87,女,39,甘肃,2,2023-07-22,短视频橱窗,1,银卡
159,yangren43,女,31,浙江,4,2023-02-10,直播间,1,银卡
160,yaoyong54,男,23,陕西,1,2023-12-13,直播间,1,银卡
161,qlu49,女,43,青海,5,2023-09-17,商城搜索,0,普通
162,xiuyingwan20,男,35,广东,5,2022-09-15,老客推荐,1,金卡
163,renyang44,女,29,四川,5,2023-07-20,短视频橱窗,0,银卡
164,qiang1142,女,63,河南,2,2023-12-23,直播间,0,普通
165,tianjing49,女,43,江苏,3,2023-03-20,短视频橱窗,0,普通
166,ping5541,男,23,福建,2,2023-11-23,直播间,0,银卡
167,jie7138,男,18,山东,4,2023-12-10,短视频橱窗,1,普通
168,yangzhang57,女,30,湖北,2,2022-10-10,短视频橱窗,1,普通
169,ozhao83,男,40,福建,2,2023-01-04,直播间,1,银卡
170,mtao64,男,48,上海,3,2022-08-05,直播间,0,银卡
171,pingxue13,女,45,广东,2,2023-06-26,短视频橱窗,0,金卡
172,caijie39,女,48,江苏,5,2023-04-15,直播间,1,金卡
173,ganggao77,女,57,甘肃,3,2023-01-27,老客推荐,1,普通
174,changjun40,女,38,甘肃,4,2023-08-28,商城搜索,1,普通
175,xyin71,男,44,重庆,3,2023-10-18,商城搜索,1,普通
176,sfeng25,女,23,青海,2,2023-03-07,老客推荐,1,普通
177,skong89,女,20,北京,4,2023-01-24,短视频橱窗,0,普通
178,weilei41,女,41,四川,4,2023-11-17,直播间,1,普通
179,daigang78,女,18,广东,3,2023-05-25,直播间,0,普通
180,ojin21,男,46,上海,2,2022-11-16,短视频橱窗,1,普通
181,dulei19,女,18,上海,1,2022-10-24,直播间,1,普通
182,guiying3860,女,53,陕西,2,2023-02-04,短视频橱窗,0,普通
183,jyi87,女,32,福建,2,2022-12-12,直播间,1,银卡
184,nayan95,女,65,甘肃,4,2022-11-01,直播间,1,普通
185,jingtan74,女,54,湖北,3,2022-11-29,短视频橱窗,1,普通
186,tao9529,女,33,甘肃,2,2023-04-26,商城搜索,1,普通
187,yanlin67,女,34,江苏,4,2023-04-22,直播间,1,普通
188,jie7490,女,34,甘肃,4,2023-05-25,直播间,1,普通
189,weijin92,男,23,新疆,3,2023-04-30,短视频橱窗,1,普通
190,cchen30,女,37,新疆,4,2023-11-13,短视频橱窗,0,普通
191,yan6679,女,34,新疆,4,2023-08-01,短视频橱窗,0,银卡
192,lidai14,女,42,上海,4,2022-11-13,商城搜索,0,银卡
193,xiuying4097,男,50,福建,4,2023-04-02,短视频橱窗,0,银卡
194,mliao37,男,51,上海,4,2023-04-30,商城搜索,1,普通
195,xiulan3445,男,26,四川,3,2023-06-30,直播间,1,银卡
196,duanqiang58,女,34,河南,4,2022-11-17,短视频橱窗,0,普通
197,ymeng53,女,52,甘肃,4,2023-07-31,老客推荐,1,金卡
198,gtang93,女,38,陕西,1,2023-09-17,直播间,0,普通
199,panyong89,女,42,甘肃,4,2023-12-16,老客推荐,0,银卡
200,luyang35,女,46,广东,5,2023-01-07,直播间,1,普通
201,chaopeng38,女,44,青海,4,2023-10-28,老客推荐,1,普通
202,qiangmeng49,女,45,广东,4,2022-11-16,直播间,1,普通
203,yan5753,男,31,上海,2,2023-05-20,商城搜索,1,普通
204,gangqian89,男,38,浙江,4,2023-08-24,商城搜索,1,普通
205,ming7753,女,21,甘肃,4,2023-11-13,直播间,1,普通
206,xianglei31,女,28,新疆,5,2023-09-16,老客推荐,1,普通
207,chao3360,男,54,福建,1,2022-08-01,直播间,0,银卡
208,sxue77,女,22,山东,3,2023-04-17,直播间,0,黑卡
209,juntan73,女,32,四川,5,2023-02-02,直播间,1,普通
210,yong0646,女,41,福建,5,2023-04-15,短视频橱窗,0,普通
211,juanmo98,女,48,四川,3,2023-01-26,直播间,0,普通
212,yangliu49,女,43,河南,5,2022-12-15,直播间,0,普通
213,qiang2538,女,40,浙江,2,2023-01-22,老客推荐,1,银卡
214,fang3195,女,31,江苏,5,2022-10-03,直播间,1,普通
215,na1381,女,37,甘肃,4,2022-09-28,商城搜索,1,普通
216,qiang8769,男,38,陕西,2,2022-08-18,老客推荐,0,银卡
217,yan2766,女,31,甘肃,3,2023-06-15,直播间,0,银卡
218,hfeng69,男,18,河南,5,2023-11-24,短视频橱窗,1,普通
219,renming78,男,32,山东,5,2023-09-04,商城搜索,1,普通
220,yongyuan45,男,32,甘肃,1,2022-08-14,短视频橱窗,0,金卡
221,cqiu32,女,20,山东,5,2023-02-01,商城搜索,0,金卡
222,yanjin98,女,40,广东,3,2023-10-21,老客推荐,0,普通
223,chaoshen31,男,52,江苏,3,2022-07-08,直播间,0,银卡
224,kdeng23,女,65,甘肃,5,2022-09-14,直播间,1,金卡
225,chengqiang65,男,50,北京,5,2023-01-25,商城搜索,1,普通
226,mlu55,男,33,上海,4,2023-04-11,短视频橱窗,0,普通
227,qiangzhou61,男,32,重庆,3,2023-07-23,直播间,1,普通
228,guiying8422,女,28,甘肃,4,2023-07-24,直播间,1,金卡
229,weizhou85,女,36,甘肃,3,2023-04-15,短视频橱窗,0,金卡
230,leifan92,女,24,上海,3,2023-04-29,短视频橱窗,1,普通
231,liaogang37,男,38,四川,3,2023-05-28,短视频橱窗,1,银卡
232,zhangxiulan41,女,34,浙江,2,2022-11-19,直播间,0,金卡
233,ofang57,女,49,甘肃,2,2022-11-06,直播间,1,普通
234,shiwei70,男,44,福建,4,2023-01-03,直播间,0,金卡
235,ygu35,女,48,山东,4,2023-08-31,短视频橱窗,1,普通
236,weiyan36,女,42,甘肃,4,2023-01-14,直播间,1,普通
237,ftan63,女,23,甘肃,2,2022-11-24,直播间,1,普通
238,pingren86,女,42,甘肃,5,2023-10-30,老客推荐,0,普通
239,wei3292,女,57,广东,4,2023-10-25,直播间,0,普通
240,yanqin52,女,58,陕西,4,2022-09-08,直播间,0,普通
241,kgu17,女,23,四川,3,2022-12-28,直播间,0,普通
242,xieqiang68,女,53,新疆,5,2023-08-24,短视频橱窗,0,普通
243,yzou22,女,30,甘肃,3,2023-08-11,直播间,0,普通
244,jye51,女,34,河南,5,2023-05-16,短视频橱窗,1,普通
245,idong95,女,33,四川,3,2023-02-27,商城搜索,0,普通
246,jing7474,女,36,福建,3,2023-05-22,直播间,1,普通
247,qiangwan41,女,31,甘肃,4,2023-05-31,直播间,1,金卡
248,moxiulan50,女,55,甘肃,3,2022-06-12,直播间,1,普通
249,weilin16,女,26,河南,3,2022-12-06,商城搜索,1,普通
250,xia7975,女,52,江苏,2,2023-01-28,短视频橱窗,0,银卡
251,chenna98,女,29,广东,5,2023-07-27,直播间,1,普通
252,hanping54,男,18,广东,3,2022-11-30,直播间,1,银卡
253,jinggao74,女,44,甘肃,5,2022-06-12,老客推荐,1,普通
254,uwan26,男,34,甘肃,2,2022-06-13,直播间,1,普通
255,wenfang70,女,49,陕西,5,2023-02-09,直播间,0,普通
256,shenjie20,女,36,陕西,5,2023-09-27,老客推荐,1,银卡
257,dengyang40,男,42,甘肃,4,2022-07-26,直播间,1,普通
258,vgao81,男,33,甘肃,1,2023-03-11,商城搜索,1,普通
259,rkong89,女,28,甘肃,3,2022-12-20,直播间,0,普通
260,jun2263,男,33,河南,4,2022-07-15,直播间,0,普通
261,renjie24,女,51,湖北,2,2023-05-23,商城搜索,1,银卡
262,yong7295,女,41,浙江,4,2023-07-07,商城搜索,1,银卡
263,gang8789,男,42,甘肃,3,2023-02-20,直播间,0,普通
264,chao3415,女,41,甘肃,3,2023-06-08,商城搜索,1,普通
265,xiulan4789,男,44,甘肃,3,2023-07-13,短视频橱窗,1,金卡
266,qiangshen10,女,35,浙江,3,2023-04-29,直播间,0,普通
267,changming80,女,35,浙江,4,2023-06-19,商城搜索,1,银卡
268,azou63,男,34,江苏,3,2022-08-06,商城搜索,1,普通
269,yonglu56,女,52,江苏,4,2023-07-18,老客推荐,1,普通
270,gchen17,男,43,河南,2,2023-03-21,直播间,0,普通
271,leijie62,男,42,湖北,3,2023-06-28,直播间,0,银卡
272,jingjiang60,男,45,新疆,2,2023-06-29,直播间,0,普通
273,jhan97,女,24,广东,2,2023-01-31,商城搜索,1,普通
274,msu75,女,0,上海,2,2023-08-16,短视频橱窗,0,金卡
275,panjuan96,女,57,河南,1,2022-08-23,商城搜索,1,普通
276,mojie49,男,37,江苏,4,2022-10-27,短视频橱窗,0,普通
277,jie4816,女,39,甘肃,4,2023-02-06,短视频橱窗,0,普通
278,mxue50,女,30,甘肃,4,2023-01-16,短视频橱窗,0,普通
279,chao2087,女,39,甘肃,3,2023-05-18,直播间,1,银卡
280,weilong25,男,52,陕西,3,2023-09-26,商城搜索,0,银卡
281,xia8865,男,51,甘肃,5,2022-12-16,商城搜索,1,银卡
282,hufang98,女,63,甘肃,4,2023-12-21,老客推荐,0,普通
283,xiulan6879,女,22,上海,1,2023-12-29,直播间,1,普通
284,uxiong53,男,30,北京,5,2023-10-28,直播间,1,普通
285,yang2286,女,26,甘肃省,5,2022-12-24,直播间,1,普通
286,qqiu31,女,61,甘肃,3,2022-06-26,直播间,1,普通
287,tao6464,女,36,北京,2,2022-09-29,商城搜索,1,普通
288,yye14,男,34,四川,3,2023-06-28,直播间,1,普通
289,limo52,女,54,甘肃,5,2023-04-18,短视频橱窗,1,普通
290,xia4368,女,41,浙江,2,2023-06-30,直播间,1,普通
291,taoqin20,女,44,甘肃,1,2023-02-16,直播间,0,普通
292,pmo19,女,40,新疆,1,2023-09-13,短视频橱窗,1,银卡
293,yuanchao23,男,42,广东,1,2023-12-10,商城搜索,0,普通
294,jinjing92,男,19,广东,3,2023-01-29,短视频橱窗,0,普通
295,vhan23,男,48,四川,4,2023-12-06,商城搜索,1,普通
296,kangyan97,男,49,江苏,3,2023-08-03,直播间,0,金卡
297,ping2042,男,31,浙江,3,2023-08-20,短视频橱窗,1,普通
298,kongqiang86,女,21,北京,5,2023-07-09,老客推荐,1,普通
299,gongjuan68,女,28,湖北,1,2023-10-17,老客推荐,1,金卡
300,juan7559,女,49,陕西,5,2023-08-18,直播间,1,银卡
301,jie9211,女,34,陕西,4,2023-04-27,老客推荐,1,普通
302,xietao70,女,40,甘肃,4,2022-06-27,短视频橱窗,0,金卡
303,jieyi98,女,28,江苏,5,2023-06-28,直播间,0,黑卡
304,liaofang73,女,36,甘肃,5,2023-03-05,商城搜索,1,普通
305,ming7853,男,46,陕西,3,2023-12-02,老客推荐,0,普通
306,taogong26,女,31,河南,5,2023-04-23,短视频橱窗,1,金卡
307,jqiao92,女,34,上海,4,2023-04-14,短视频橱窗,1,普通
308,leidai34,女,46,陕西,1,2022-08-27,直播间,1,普通
309,jing0876,女,35,四川,4,2023-10-03,直播间,1,银卡
310,zhongyan66,女,35,甘肃,2,2022-08-29,商城搜索,1,普通
311,daiming26,男,50,甘肃,5,2022-06-27,老客推荐,1,银卡
312,yangdeng14,男,42,四川,3,2022-08-16,老客推荐,0,普通
313,wei2758,男,59,四川,4,2023-03-19,老客推荐,1,普通
314,shenyan85,男,24,江苏,3,2023-11-13,商城搜索,0,银卡
315,nliang62,女,35,甘肃,3,2023-11-13,直播间,1,普通
316,xyao55,女,44,甘肃,3,2023-12-01,直播间,1,普通
317,mengyan92,男,32,湖北,4,2023-12-06,老客推荐,0,金卡
318,xiulan6165,男,24,甘肃,4,2023-10-13,老客推荐,1,银卡
319,yang5816,女,43,山东,4,2023-09-15,老客推荐,1,普通
320,mingguo84,女,46,江苏,2,2022-09-05,直播间,1,普通
321,jiesun36,女,29,四川,1,2023-07-07,短视频橱窗,1,银卡
322,tao9153,女,44,重庆,2,2023-07-02,商城搜索,0,金卡
323,yaoxia57,男,29,江苏,1,2022-07-31,直播间,1,普通
324,qiangtan58,女,32,陕西,3,2023-01-18,老客推荐,0,普通
325,mzeng90,1,45,甘肃,1,2023-06-04,短视频橱窗,0,银卡
326,liuna98,女,48,甘肃,3,2023-01-17,短视频橱窗,1,普通
327,tlai29,男,37,山东,4,2022-09-02,直播间,0,普通
328,gang7138,男,28,甘肃,3,2023-02-20,短视频橱窗,0,银卡
329,sumin84,女,36,浙江,3,2023-03-24,短视频橱窗,1,金卡
330,yongcao51,女,44,山东,5,2022-11-17,老客推荐,0,普通
331,rwang70,男,39,江苏,2,2022-06-23,商城搜索,1,银卡
332,mengmin22,女,40,河南,5,2022-12-04,直播间,1,普通
333,xiapeng70,女,42,江苏,2,2022-11-20,老客推荐,1,银卡
334,zhengxiuying47,女,37,陕西,3,2022-06-14,直播间,1,普通
335,yangwan48,女,50,甘肃,3,2022-09-21,直播间,1,金卡
336,qiangxu93,男,23,陕西,2,2023-04-03,直播间,0,金卡
337,kongli92,女,51,湖北,5,2022-08-06,直播间,0,普通
338,jie6538,女,21,四川,5,2023-08-08,老客推荐,1,普通
339,blin78,女,29,广东,1,2022-11-10,商城搜索,0,银卡
340,bmeng35,女,44,甘肃,4,2022-12-13,老客推荐,1,普通
341,juanxiong75,女,28,甘肃,3,2023-04-02,直播间,0,普通
342,szhang31,女,25,山东,4,2022-11-08,直播间,1,普通
343,pqian22,女,45,河南,2,2023-01-17,短视频橱窗,1,普通
344,wuxiuying63,女,52,甘肃,3,2023-09-26,商城搜索,0,普通
345,lei3010,男,37,甘肃,5,2023-07-04,老客推荐,0,普通
346,yangxiong97,女,38,江苏,2,2022-07-13,短视频橱窗,1,银卡
347,leifang30,女,46,浙江,1,2022-12-26,直播间,0,普通
348,caofang34,女,21,甘肃,5,2023-02-11,老客推荐,0,普通
349,duantao12,女,42,北京,4,2023-07-07,直播间,0,普通
350,xiulanmao15,女,41,甘肃,4,2022-08-22,直播间,0,普通
351,vzheng39,男,47,四川,4,2023-10-25,直播间,1,普通
352,qiangqin43,女,33,广东,4,2023-06-10,短视频橱窗,1,黑卡
353,jingcai98,男,41,甘肃,1,2023-08-26,商城搜索,1,银卡
354,shenjing21,女,35,甘肃,4,2022-11-03,直播间,1,普通
355,qyao12,女,44,新疆,4,2023-05-30,直播间,1,黑卡
356,ohou61,男,34,重庆,5,2022-09-19,直播间,1,银卡
357,czhong39,女,28,广东,3,2022-12-14,老客推荐,1,普通
358,zhaojuan43,男,41,四川,4,2023-04-12,短视频橱窗,0,银卡
359,li9644,女,48,福建,4,2023-05-19,短视频橱窗,1,银卡
360,ming1787,男,18,湖北,4,2022-07-26,直播间,1,银卡
361,jundong91,女,41,甘肃,4,2022-10-14,直播间,0,黑卡
362,songtao74,男,56,河南,5,2022-11-23,直播间,1,普通
363,taoguiying43,男,38,江苏,3,2022-10-16,直播间,0,银卡
364,rfeng86,女,31,甘肃,4,2022-07-16,直播间,0,普通
365,aguo38,女,51,甘肃,3,2022-08-14,直播间,1,金卡
366,yang4466,女,28,湖北,2,2023-09-06,老客推荐,0,普通
367,tangna36,女,39,江苏,4,2023-12-26,短视频橱窗,0,普通
368,zhougang87,女,44,山东,3,2023-10-07,商城搜索,0,银卡
369,mxiong16,女,34,甘肃,3,2023-07-28,直播间,1,普通
370,duanmin10,女,24,甘肃,3,2022-12-13,商城搜索,1,普通
371,ming3180,女,36,山东,3,2023-09-09,直播间,0,金卡
372,zhuwei79,女,44,甘肃,3,2022-06-12,直播间,1,普通
373,junyu26,男,18,甘肃,4,2022-06-22,直播间,1,普通
374,fangluo89,男,35,河南,2,2022-07-20,直播间,0,普通
375,qiaoguiying24,女,22,甘肃,3,2022-10-17,直播间,0,黑卡
376,fang0261,女,33,甘肃,3,2023-02-24,老客推荐,1,金卡
377,nalong73,男,37,甘肃,4,2022-07-31,直播间,0,普通
378,rzhang31,女,37,甘肃,5,2023-05-05,直播间,0,银卡
379,rdong17,男,36,湖北,3,2023-11-03,直播间,1,普通
380,caoxiulan63,女,29,河南,4,2023-04-24,直播间,0,银卡
381,weitao59,女,43,上海,3,2023-06-01,直播间,0,金卡
382,xieyan62,女,39,广东,2,2023-12-30,直播间,1,普通
383,wchang62,男,48,浙江,2,2023-09-13,直播间,1,银卡
384,junwan14,男,24,四川,4,2023-07-19,商城搜索,0,银卡
385,na7292,男,31,北京,4,2022-08-18,老客推荐,0,银卡
386,qlu16,女,29,广东,2,2023-07-31,直播间,0,普通
387,xiuyingtan86,男,40,陕西,3,2022-07-08,老客推荐,1,普通
388,xiulan2638,女,60,陕西,1,2023-05-31,短视频橱窗,0,普通
389,yexiuying56,女,55,四川,3,2023-08-17,老客推荐,0,普通
390,li0658,女,42,甘肃,5,2022-10-08,商城搜索,1,银卡
391,yan3054,女,20,江苏,3,2023-05-11,短视频橱窗,0,普通
392,vtang15,女,46,湖北,3,2023-11-04,直播间,0,普通
393,sunxiulan87,女,50,甘肃,2,2022-08-03,直播间,1,银卡
394,yuwei22,女,42,甘肃,2,2023-10-03,商城搜索,0,黑卡
395,junjin46,女,43,甘肃,4,2022-07-14,商城搜索,1,金卡
396,fanxiuying10,男,59,湖北,4,2023-07-17,商城搜索,1,普通
397,ming7465,男,43,陕西,4,2022-08-04,老客推荐,0,银卡
398,pgong18,女,26,甘肃,2,2022-11-30,直播间,0,普通
399,afan42,男,28,广东,4,2023-06-19,短视频橱窗,1,普通
400,tangyong81,女,40,甘肃,3,2022-12-31,商城搜索,1,普通
401,gujun93,女,38,江苏,5,2022-08-30,短视频橱窗,0,普通
402,jxiao97,女,43,浙江,5,2023-06-12,直播间,0,银卡
403,xia6763,女,43,四川,3,2023-05-16,老客推荐,0,银卡
404,jiejia63,男,18,甘肃,4,2022-06-25,直播间,0,黑卡
405,wanwei33,女,33,江苏,1,2022-12-12,老客推荐,0,普通
406,yang6929,女,42,北京,2,2022-11-08,直播间,0,普通
407,lixiao38,女,30,湖北,2,2022-12-22,商城搜索,1,普通
408,oqiu78,男,42,甘肃,5,2022-12-31,商城搜索,1,普通
409,xiulan7725,男,40,浙江,3,2023-10-28,短视频橱窗,0,普通
410,yujuan48,女,54,甘肃,3,2023-12-20,直播间,0,普通
411,mingchang38,女,31,甘肃,1,2023-06-02,直播间,0,银卡
412,xyao23,男,39,甘肃,3,2022-07-14,短视频橱窗,1,金卡
413,sungang26,男,35,甘肃,2,2023-05-21,直播间,0,普通
414,fangtan73,女,46,福建,2,2023-11-28,商城搜索,1,普通
415,renfang83,女,51,北京,5,2023-07-14,直播间,1,普通
416,yixia73,男,42,江苏,4,2023-08-17,短视频橱窗,1,普通
417,fangjie46,男,20,山东,4,2023-09-22,商城搜索,1,普通
418,qiang8368,男,41,广东,3,2022-08-29,老客推荐,1,普通
419,ozheng96,女,57,湖北,2,2023-03-05,直播间,1,普通
420,chaoyang42,女,36,河南,5,2023-12-06,直播间,1,普通
421,kdu92,女,33,甘肃,1,2022-11-21,短视频橱窗,0,银卡
422,xiuyingma59,男,29,甘肃,2,2023-03-12,直播间,1,普通
423,taoming62,男,38,福建,3,2022-09-17,商城搜索,0,银卡
424,qiaojing31,男,44,广东,4,2022-08-30,老客推荐,0,普通
425,thou83,男,45,河南,3,2022-08-26,短视频橱窗,0,金卡
426,yan4229,女,41,浙江,3,2022-11-20,短视频橱窗,1,普通
427,juan5543,男,38,广东,2,2023-05-05,商城搜索,0,普通
428,panchao56,女,28,江苏,2,2023-05-25,直播间,0,普通
429,xiulan0812,女,23,福建,3,2023-03-29,短视频橱窗,0,普通
430,haomin64,女,37,北京,2,2022-11-21,直播间,1,普通
431,qianghuang30,男,47,陕西,4,2023-10-14,老客推荐,1,金卡
432,weikang43,男,40,浙江,3,2022-07-29,短视频橱窗,0,金卡
433,fang7486,女,33,甘肃,4,2023-10-08,直播间,1,普通
434,liuyong25,女,38,北京,2,2022-12-02,短视频橱窗,1,金卡
435,pxiang42,男,37,甘肃,1,2022-08-09,商城搜索,1,普通
436,xiuying9335,女,37,广东,4,2022-09-11,直播间,0,普通
437,jun5868,女,22,甘肃,3,2022-07-19,直播间,1,普通
438,chenjie30,女,52,山东,3,2023-05-17,直播间,1,普通
439,konggang59,男,18,江苏,3,2022-09-04,直播间,1,普通
440,yan4126,女,49,浙江,2,2023-02-04,商城搜索,1,黑卡
441,phao25,女,32,四川,3,2023-03-14,老客推荐,1,普通
442,chao6358,男,44,甘肃,4,2022-06-22,商城搜索,1,金卡
443,junlu61,女,34,上海,3,2022-11-23,直播间,1,银卡
444,yangxiong65,女,31,甘肃,3,2023-12-27,老客推荐,1,普通
445,min3852,男,32,甘肃,4,2022-10-29,短视频橱窗,1,普通
446,leiluo84,女,27,甘肃,3,2023-03-12,商城搜索,0,普通
447,gang9135,女,32,甘肃,4,2023-05-23,老客推荐,1,普通
448,nli10,男,32,广东,5,2023-08-07,商城搜索,0,普通
449,caixiuying50,女,33,四川,4,2022-09-05,直播间,0,普通
450,gliu24,女,50,浙江,1,2023-03-03,直播间,0,普通
451,fjin11,女,51,广东,3,2023-07-18,老客推荐,1,普通
452,guiyingxia86,女,38,北京,4,2022-09-20,老客推荐,0,普通
453,chenna98,男,18,山东,1,2023-12-24,直播间,1,普通
454,ema78,男,36,甘肃,5,2022-06-28,直播间,0,普通
455,yongren40,女,44,甘肃,2,2023-09-22,直播间,0,普通
456,guiyingfu59,男,59,青海,4,2022-11-01,老客推荐,1,金卡
457,fumin84,女,45,上海,3,2023-11-02,直播间,1,普通
458,hanna31,男,52,河南,5,2022-11-28,商城搜索,1,普通
459,moxiulan23,女,31,甘肃,5,2023-01-03,直播间,1,普通
460,yang0020,女,49,甘肃,3,2022-09-08,短视频橱窗,1,普通
461,changli92,男,35,甘肃,5,2023-10-08,直播间,0,普通
462,xiulanzou51,男,28,山东,3,2023-10-17,直播间,1,普通
463,lisun53,女,36,北京,3,2022-11-13,直播间,1,普通
464,moqiang94,女,22,广东,3,2023-10-11,直播间,1,金卡
465,yongmao81,男,34,甘肃,3,2022-07-09,短视频橱窗,0,普通
466,zouli28,女,29,广东,4,2022-06-30,短视频橱窗,0,金卡
467,stao32,男,35,江苏,2,2023-08-10,直播间,1,普通
468,renyan20,女,43,湖北,4,2023-12-04,老客推荐,0,金卡
469,xiafang20,女,30,青海,3,2023-06-26,直播间,1,金卡
470,min6162,男,33,青海,4,2023-08-11,直播间,1,金卡
471,weihuang26,男,41,甘肃,3,2023-11-20,商城搜索,1,银卡
472,vwei78,男,52,北京,4,2022-08-02,短视频橱窗,1,黑卡
473,songxia32,女,29,四川,3,2022-09-19,短视频橱窗,1,普通
474,pinggong33,女,41,湖北,5,2023-12-07,短视频橱窗,0,银卡
475,ahou70,男,44,江苏,4,2022-09-26,直播间,0,普通
476,xsong31,女,43,青海,5,2023-03-30,商城搜索,1,普通
477,pkong91,女,39,甘肃,4,2023-08-29,老客推荐,1,普通
478,xia8047,女,55,广东,5,2023-03-06,直播间,1,普通
479,tao1557,男,26,甘肃,2,2023-03-28,直播间,1,普通
480,weijun61,女,65,广东,5,2023-03-27,直播间,1,普通
481,hshi28,女,33,陕西,2,2023-12-23,直播间,1,普通
482,cxia86,女,22,甘肃,3,2023-12-02,商城搜索,1,金卡
483,sbai54,男,40,四川,2,2023-09-12,直播间,1,普通
484,fengna26,男,32,上海,4,2023-01-11,短视频橱窗,1,普通
485,leibai94,男,29,甘肃,2,2022-12-20,直播间,1,普通
486,lsun70,女,41,重庆,3,2023-09-29,直播间,0,普通
487,gduan71,女,49,广东,4,2023-07-06,直播间,1,普通
488,junmao64,女,38,四川,4,2023-06-08,短视频橱窗,1,银卡
489,hyan94,男,19,湖北,4,2022-09-15,短视频橱窗,0,普通
490,zengjuan41,女,20,河南,3,2022-09-01,直播间,1,普通
491,xieming21,女,35,广东,5,2023-01-27,直播间,1,普通
492,pmao68,男,47,北京,5,2022-09-04,直播间,0,普通
493,jiangjie75,女,22,青海,3,2022-08-03,商城搜索,0,普通
494,guiying4198,男,29,福建,4,2022-09-23,短视频橱窗,1,普通
495,zhangjuan46,女,25,广东,4,2023-05-23,老客推荐,1,普通
496,ming9368,女,45,福建,3,2023-03-27,商城搜索,1,金卡
497,xiongyong73,女,36,上海,2,2023-03-03,直播间,0,普通
498,xshen42,女,49,甘肃,3,2022-08-16,直播间,1,金卡
499,zengyan69,女,24,河南,2,2023-02-15,短视频橱窗,1,普通
500,juanxie23,男,34,北京,3,2023-05-10,短视频橱窗,1,黑卡
501,guoping93,女,45,浙江,4,2022-09-09,老客推荐,1,普通
502,gyuan44,男,45,山东,4,2023-02-20,老客推荐,0,普通
503,xiangxia78,女,49,甘肃,4,2023-08-09,直播间,1,普通
504,taoqiu24,女,40,上海,3,2023-05-19,直播间,0,普通
505,yanggao22,男,40,江苏,5,2022-07-17,直播间,1,金卡
506,xiulanqiao38,男,52,重庆,4,2022-10-28,短视频橱窗,1,金卡
507,longjuan28,男,45,广东,5,2022-07-20,商城搜索,0,普通
508,hanjie92,女,46,上海,4,2022-10-19,直播间,0,普通
509,zhaona92,男,35,四川,2,2022-07-28,直播间,0,普通
510,daili43,女,18,青海,5,2022-07-26,老客推荐,0,金卡
511,qiang4579,男,40,浙江,4,2023-05-10,直播间,0,普通
512,yong4431,女,53,陕西,3,2023-10-01,短视频橱窗,1,普通
513,jingwan78,男,54,上海,4,2023-08-28,直播间,0,银卡
514,thuang50,男,42,河南,1,2023-02-26,短视频橱窗,1,金卡
515,qiang1434,男,40,重庆,5,2022-12-01,商城搜索,0,普通
516,whan10,女,41,四川,2,2022-08-11,商城搜索,0,银卡
517,mshao29,女,36,甘肃,4,2023-05-05,直播间,0,普通
518,xhou64,女,33,湖北,4,2023-08-31,直播间,0,普通
519,ixie13,女,56,四川,5,2023-06-21,直播间,1,普通
520,shaoli37,男,33,重庆,3,2022-11-28,直播间,1,普通
521,gulei94,女,41,四川,2,2022-12-01,商城搜索,1,普通
522,fang3168,男,31,四川,1,2023-05-01,商城搜索,0,普通
523,luoxia90,男,41,陕西,3,2023-03-14,短视频橱窗,1,银卡
524,rxie35,女,27,山东,3,2023-01-06,直播间,0,银卡
525,juan0087,男,39,甘肃,3,2023-11-15,商城搜索,1,金卡
526,gujun45,女,49,广东,5,2022-06-19,商城搜索,0,普通
527,fangxia44,男,48,甘肃,1,2023-03-10,直播间,0,普通
528,jie9221,女,41,山东,1,2022-08-19,商城搜索,1,银卡
529,maowei65,女,31,甘肃,3,2023-05-14,直播间,1,银卡
530,xuli24,女,43,山东,3,2023-07-07,直播间,1,普通
531,weixu85,男,45,四川,1,2022-07-15,直播间,0,普通
532,huyong32,男,37,陕西,2,2022-06-25,直播间,0,银卡
533,taohan69,女,38,山东,4,2023-09-13,短视频橱窗,1,银卡
534,jiali45,女,18,浙江,3,2023-10-20,老客推荐,1,银卡
535,maoming24,女,31,上海,4,2023-01-07,老客推荐,1,普通
536,dhe16,女,36,甘肃,4,2023-01-19,商城搜索,1,普通
537,xiulanfang91,男,45,甘肃,5,2023-11-09,商城搜索,0,金卡
538,chao0590,男,45,山东,1,2022-10-26,老客推荐,0,普通
539,yanglai43,女,48,江苏,4,2022-07-21,短视频橱窗,1,银卡
540,zhanggang17,女,39,北京,1,2022-11-02,直播间,0,金卡
541,icheng97,女,60,甘肃,2,2023-01-06,直播间,1,普通
542,dxue17,女,58,广东,5,2022-07-16,直播间,1,普通
543,clu43,女,45,甘肃,4,2022-06-11,直播间,0,普通
544,chenjuan82,男,38,甘肃,2,2022-11-27,短视频橱窗,0,普通
545,li2986,女,41,甘肃,4,2022-10-16,商城搜索,0,普通
546,xiahu81,女,41,浙江,3,2023-02-19,短视频橱窗,0,普通
547,luoyong50,男,37,新疆,4,2022-07-06,商城搜索,1,普通
548,yongmao14,女,18,湖北,5,2023-01-16,直播间,0,银卡
549,rlong35,男,47,甘肃,4,2023-04-20,直播间,1,金卡
550,gaowei67,女,29,甘肃,4,2022-06-12,短视频橱窗,1,金卡
551,fangluo60,女,37,重庆,2,2023-04-20,商城搜索,0,普通
552,xulei59,女,55,陕西,4,2023-02-19,短视频橱窗,1,普通
553,xiulan8752,男,50,上海,2,2022-07-16,短视频橱窗,1,银卡
554,guiyingfan40,女,53,甘肃,3,2022-12-02,直播间,0,普通
555,qianping58,女,54,浙江,2,2023-02-13,直播间,0,银卡
556,jie3012,女,24,上海,2,2023-02-15,短视频橱窗,1,银卡
557,sluo74,女,25,甘肃,4,2022-06-28,短视频橱窗,0,普通
558,elin21,男,31,甘肃,4,2023-10-20,短视频橱窗,1,普通
559,xia0263,男,40,江苏,2,2023-02-13,商城搜索,1,普通
560,xsong52,男,20,甘肃,5,2023-12-11,直播间,0,普通
561,juanzhu33,男,18,福建,2,2023-06-15,直播间,1,普通
562,xiulanguo31,女,38,甘肃,5,2023-03-18,商城搜索,1,普通
563,chaokang33,女,44,新疆,5,2023-01-15,老客推荐,0,银卡
564,chao7895,女,28,山东,2,2022-12-06,直播间,1,银卡
565,sgong61,男,41,广东,1,2023-09-21,短视频橱窗,0,普通
566,fanglei95,女,37,上海,4,2023-08-11,短视频橱窗,0,普通
567,hli76,女,18,甘肃,5,2022-12-10,短视频橱窗,1,普通
568,rliang72,女,42,广东,1,2023-09-29,老客推荐,1,普通
569,liuchao32,女,49,广东,4,2022-11-16,直播间,0,普通
570,ping8160,女,54,北京,4,2023-02-05,直播间,1,银卡
571,pmo82,女,48,陕西,2,2022-10-24,商城搜索,1,金卡
572,fyu11,男,39,浙江,5,2023-04-20,直播间,1,普通
573,yangjuan42,女,41,福建,5,2022-08-16,老客推荐,1,普通
574,tangming51,女,39,甘肃,4,2022-09-07,商城搜索,1,普通
575,yuantao34,男,49,重庆,1,2023-04-27,商城搜索,1,普通
576,jun9324,女,37,陕西,4,2023-07-13,直播间,1,普通
577,jun2949,女,49,重庆,3,2022-08-31,直播间,1,银卡
578,rxiong56,女,42,浙江,5,2022-09-22,直播间,0,银卡
579,tao7524,女,31,湖北,4,2023-08-03,老客推荐,1,普通
580,oyi98,女,28,甘肃,3,2023-01-05,直播间,0,普通
581,llai98,男,39,河南,2,2023-10-19,商城搜索,1,普通
582,yiyan93,女,28,北京,1,2022-12-20,直播间,0,金卡
583,xsong46,女,36,重庆,1,2023-06-24,直播间,1,银卡
584,minshen80,女,51,甘肃,2,2022-10-14,直播间,0,普通
585,ming3750,女,23,江苏,2,2023-05-18,商城搜索,0,银卡
586,qianfang55,女,29,山东,2,2023-02-07,直播间,1,金卡
587,tfeng60,女,45,重庆,3,2023-03-29,商城搜索,0,普通
588,juan1270,女,21,陕西,1,2022-12-15,直播间,0,银卡
589,yuchao12,女,41,甘肃,5,2023-11-04,老客推荐,1,银卡
590,zshao27,男,23,甘肃,5,2023-03-14,直播间,1,金卡
591,taoxue35,女,32,甘肃,4,2022-07-22,直播间,0,普通
592,guiying5766,女,63,江苏,4,2023-07-29,直播间,0,金卡
593,wei1815,男,45,甘肃,5,2023-03-12,直播间,0,金卡
594,yang4069,女,34,上海,5,2023-04-28,短视频橱窗,0,普通
595,rchen86,女,44,北京,3,2023-05-28,老客推荐,0,金卡
596,juntian91,女,35,江苏,4,2022-09-23,直播间,1,普通
597,ulin67,女,29,重庆,4,2023-02-28,短视频橱窗,0,金卡
598,yang8267,女,26,甘肃,4,2023-02-25,直播间,1,普通
599,yanyong12,女,34,山东,1,2023-08-20,商城搜索,1,黑卡
600,usun36,女,34,甘肃,4,2023-10-30,直播间,1,普通
601,minsu47,男,38,陕西,3,2023-02-21,短视频橱窗,1,银卡
602,jieliang73,女,48,浙江,4,2023-11-05,直播间,0,普通
603,cfan62,男,45,甘肃,2,2023-12-17,直播间,0,金卡
604,min7351,女,42,甘肃,2,2023-09-28,短视频橱窗,1,银卡
605,maoxiuying92,女,35,甘肃,4,2022-12-31,商城搜索,0,银卡
606,jingfang96,女,34,新疆,5,2023-03-26,直播间,1,普通
607,epeng40,女,28,四川,2,2023-11-06,直播间,1,普通
608,zzheng30,男,34,福建,1,2023-06-16,直播间,1,普通
609,jiekang64,女,47,江苏,4,2022-08-07,短视频橱窗,1,普通
610,yan0888,男,40,河南,5,2022-11-25,短视频橱窗,1,普通
611,efang85,女,32,广东,5,2023-10-27,直播间,0,普通
612,kongyang73,女,37,山东,3,2022-07-14,直播间,0,黑卡
613,jing7366,男,35,青海,2,2022-12-06,短视频橱窗,0,普通
614,maoguiying30,女,36,北京,2,2023-07-25,直播间,0,金卡
615,zouxiulan93,女,58,甘肃,4,2022-12-07,短视频橱窗,1,银卡
616,yang3549,女,40,浙江,5,2022-07-17,直播间,1,银卡
617,wangyang81,女,37,河南,3,2023-02-02,商城搜索,1,黑卡
618,weiyan77,男,47,甘肃,4,2022-09-17,短视频橱窗,0,普通
619,jinfang82,女,43,甘肃,4,2023-11-05,短视频橱窗,1,银卡
620,tao7743,女,44,新疆,2,2022-07-09,商城搜索,0,普通
621,yxu12,女,60,广东,1,2023-12-09,短视频橱窗,1,普通
622,chaoyao29,女,58,浙江,4,2022-12-13,短视频橱窗,1,普通
623,min1013,男,18,湖北,3,2023-10-30,直播间,1,金卡
624,haoming18,男,37,山东,5,2022-08-04,直播间,0,普通
625,chenxiulan38,男,43,浙江,3,2023-08-11,短视频橱窗,1,普通
626,guiyingpeng40,女,30,上海,2,2023-07-27,直播间,0,普通
627,yong0836,女,28,新疆,3,2023-08-20,直播间,1,普通
628,uguo80,男,33,甘肃,5,2023-11-19,直播间,0,普通
629,jing3612,男,45,山东,3,2023-11-03,直播间,0,普通
630,yongjin37,女,25,四川,1,2022-11-07,直播间,1,银卡
631,chaofan19,男,49,河南,3,2023-06-15,直播间,0,普通
632,chengguiying69,女,35,甘肃,4,2023-06-14,直播间,1,普通
633,renli92,男,36,四川,2,2023-12-03,直播间,0,银卡
634,liaoyang51,女,41,四川,3,2022-08-23,商城搜索,0,普通
635,xiuying8793,女,61,浙江,5,2022-09-30,老客推荐,0,普通
636,fang7452,女,48,新疆,4,2023-10-02,短视频橱窗,0,普通
637,tao4968,男,32,江苏,1,2022-09-21,直播间,0,银卡
638,zhao10,女,42,四川,4,2023-11-08,商城搜索,1,金卡
639,guiyingyi35,男,41,浙江,2,2023-09-15,商城搜索,1,普通
640,guiying0789,女,32,广东,5,2023-05-05,短视频橱窗,0,普通
641,minyao12,男,57,福建,3,2023-08-23,直播间,0,普通
642,duyang94,男,46,湖北,2,2023-04-26,直播间,0,金卡
643,xia0037,男,59,甘肃,3,2022-10-30,直播间,1,黑卡
644,hbai55,女,42,四川,2,2023-12-16,老客推荐,1,普通
645,fanghao53,男,18,甘肃,2,2022-12-16,短视频橱窗,1,银卡
646,chao3042,女,46,陕西,3,2023-08-19,老客推荐,1,黑卡
647,guiyingfan27,女,32,湖北,5,2023-08-30,直播间,1,普通
648,hyang93,女,37,甘肃 ,2,2023-05-06,短视频橱窗,0,普通
649,daimin17,女,46,甘肃,1,2023-07-15,老客推荐,1,普通
650,jun1826,女,38,江苏,2,2023-06-26,短视频橱窗,0,普通
651,chao6224,男,25,新疆,4,2023-06-18,商城搜索,1,普通
652,cliu14,女,42,四川,3,2023-03-18,直播间,0,银卡
653,junyi20,男,35,甘肃,5,2023-03-22,短视频橱窗,0,普通
654,laiyang89,女,46,山东,4,2023-08-20,直播间,1,普通
655,xiuyingwei50,女,47,河南,3,2023-01-15,直播间,1,普通
656,shaoyan35,女,47,北京,1,2023-03-06,直播间,0,普通
657,yongdu17,男,46,广东,4,2023-02-07,直播间,1,普通
658,jing5844,男,34,河南,3,2023-01-20,直播间,1,银卡
659,minmeng48,女,56,甘肃,3,2023-02-26,短视频橱窗,0,普通
660,li9077,女,30,甘肃,4,2022-12-11,短视频橱窗,1,金卡
661,ming2482,女,23,四川,5,2023-03-24,直播间,1,普通
662,ppan80,女,41,甘肃,5,2023-10-04,短视频橱窗,1,普通
663,wangqiang66,女,26,新疆,3,2022-09-25,短视频橱窗,0,普通
664,odu36,女,33,广东,3,2023-04-23,短视频橱窗,1,普通
665,mingding77,男,48,甘肃,3,2023-12-31,直播间,1,普通
666,minfu95,女,27,山东,5,2022-08-12,老客推荐,0,金卡
667,achen56,女,37,甘肃,3,2023-04-05,短视频橱窗,1,普通
668,xia5797,男,52,甘肃,3,2023-11-07,直播间,1,普通
669,xzhong95,男,28,甘肃,3,2023-12-04,直播间,0,银卡
670,na1039,女,0,甘肃,3,2023-04-28,短视频橱窗,0,金卡
671,xiuyingxiong72,女,31,广东,3,2022-10-09,直播间,0,银卡
672,xiachen34,男,32,四川,4,2023-06-02,短视频橱窗,1,普通
673,swu91,男,18,河南,4,2023-11-05,直播间,0,普通
674,wbai26,男,31,甘肃,2,2023-12-05,短视频橱窗,0,金卡
675,juan7846,男,53,陕西,3,2023-10-29,直播间,1,普通
676,qhe28,男,43,浙江,2,2022-09-10,直播间,1,银卡
677,ygao80,女,48,甘肃,3,2023-09-30,商城搜索,1,普通
678,xiulan8237,女,54,江苏,2,2022-09-29,老客推荐,0,普通
679,lei5025,女,18,甘肃,3,2023-09-20,商城搜索,0,金卡
680,jielai33,男,41,山东,3,2023-09-22,直播间,0,银卡
681,xia3964,女,50,湖北,1,2022-11-15,直播间,0,金卡
682,sunwei48,女,21,北京,3,2022-07-18,商城搜索,0,普通
683,wei3328,男,33,甘肃,5,2022-07-21,短视频橱窗,0,普通
684,mafang16,女,20,湖北,3,2022-09-20,商城搜索,1,普通
685,ganglei15,男,54,四川,4,2022-06-19,老客推荐,1,银卡
686,mmeng25,女,18,湖北,5,2022-09-05,老客推荐,1,银卡
687,bxie45,女,53,陕西,1,2022-06-14,直播间,1,普通
688,shaomin13,男,45,江苏,3,2023-01-24,直播间,1,普通
689,wenyan95,女,37,广东,3,2022-07-11,短视频橱窗,1,普通
690,yongyan13,女,49,江苏,4,2022-11-01,直播间,0,普通
691,guiying5942,女,44,陕西,4,2022-07-11,老客推荐,1,普通
692,wenqiang80,女,62,广东,5,2022-11-25,老客推荐,1,银卡
693,xiongjing13,女,47,陕西,5,2023-10-05,直播间,1,普通
694,yanyi57,女,37,甘肃,5,2023-03-16,直播间,0,黑卡
695,blong28,女,42,湖北,2,2022-06-13,商城搜索,1,银卡
696,rzhong44,男,40,北京,4,2022-09-10,短视频橱窗,1,普通
697,taohao51,女,33,江苏,3,2023-07-31,直播间,0,普通
698,yang5977,男,27,浙江,2,2023-10-15,直播间,1,普通
699,xia6073,女,36,湖北,5,2022-11-10,直播间,0,普通
700,qpan31,女,36,江苏,4,2022-12-06,直播间,1,普通
701,jun4576,女,65,甘肃,5,2023-09-10,短视频橱窗,1,普通
702,hanming37,男,41,广东,4,2022-10-03,直播间,0,普通
703,qkang85,女,27,四川,4,2023-04-17,直播间,1,银卡
704,zhongjie55,男,48,北京,2,2023-12-16,短视频橱窗,0,普通
705,gang1912,男,25,甘肃,4,2023-03-19,商城搜索,0,金卡
706,longping91,女,35,甘肃,4,2022-10-02,直播间,0,普通
707,dma33,男,45,北京,3,2023-06-19,直播间,0,金卡
708,gaojing59,男,37,山东,2,2022-11-03,老客推荐,0,普通
709,kangjuan32,男,18,青海,4,2022-06-23,直播间,0,黑卡
710,gujuan16,女,40,浙江,5,2023-05-25,直播间,0,银卡
711,xxu32,男,53,浙江,1,2023-01-29,商城搜索,1,普通
712,xiaoyong16,女,21,四川,1,2022-07-23,直播间,0,金卡
713,qiangluo13,女,37,北京,3,2023-06-13,直播间,1,金卡
714,xiulan7941,女,33,甘肃,4,2023-12-04,直播间,1,普通
715,pingxiao78,女,34,陕西,3,2022-08-29,直播间,0,普通
716,axiao69,女,28,江苏,4,2022-09-29,直播间,1,黑卡
717,taogao97,女,45,广东,4,2023-11-30,直播间,0,黑卡
718,ganglai61,女,30,湖北,2,2023-08-22,短视频橱窗,1,银卡
719,longfang15,女,37,甘肃,1,2022-09-04,直播间,0,普通
720,juanyang28,女,33,甘肃,2,2023-09-12,商城搜索,1,普通
721,min1431,女,30,福建,5,2022-11-10,短视频橱窗,0,普通
722,jiefan34,女,21,湖北,1,2023-08-22,老客推荐,0,普通
723,baiqiang94,男,32,福建,3,2022-09-03,直播间,0,金卡
724,jiagang96,女,47,甘肃,3,2023-08-10,短视频橱窗,1,普通
725,hujie23,女,18,陕西,3,2022-12-12,直播间,1,普通
726,qiangxu40,女,37,青海,1,2023-04-12,短视频橱窗,1,普通
727,dlin82,女,31,青海,3,2022-07-14,直播间,0,普通
728,qinping67,女,29,山东,4,2022-07-20,直播间,1,银卡
729,minqin20,男,44,甘肃,3,2022-06-18,直播间,1,普通
730,yangduan80,男,30,广东,5,2023-09-24,直播间,0,普通
731,caochao50,女,40,浙江,4,2023-08-27,商城搜索,0,普通
732,wangxiuying55,男,27,北京,4,2023-08-24,直播间,0,普通
733,xzou29,男,31,陕西,4,2023-01-13,短视频橱窗,0,普通
734,ozheng39,女,26,陕西,5,2023-12-08,直播间,1,银卡
735,jie5793,女,57,北京,4,2023-12-22,直播间,0,金卡
736,xiajie60,女,34,甘肃,1,2023-02-16,商城搜索,0,普通
737,mxiang70,男,18,甘肃,3,2023-11-16,直播间,1,普通
738,jun8180,女,43,陕西,4,2023-03-20,老客推荐,0,普通
739,jie8317,女,56,陕西,5,2023-01-06,直播间,1,普通
740,vguo25,女,41,甘肃,4,2023-10-02,直播间,1,普通
741,wengang91,男,41,甘肃,1,2022-10-17,短视频橱窗,1,银卡
742,chao0487,男,56,甘肃,2,2023-10-29,直播间,1,普通
743,olai92,女,37,江苏,4,2023-05-27,直播间,0,普通
744,guiying5721,女,41,甘肃,4,2023-06-17,直播间,1,普通
745,jiangjun85,女,26,福建,4,2023-07-30,直播间,0,普通
746,weiyan64,女,39,甘肃,4,2023-08-15,直播间,1,普通
747,zouqiang23,男,62,甘肃,4,2023-07-05,短视频橱窗,1,普通
748,nhao17,女,24,甘肃,5,2023-09-20,直播间,0,普通
749,kongming34,女,29,甘肃,2,2023-09-07,短视频橱窗,1,普通
750,xiachao64,女,39,甘肃,3,2023-05-28,短视频橱窗,0,普通
751,cdeng94,女,44,广东,4,2023-05-01,商城搜索,0,普通
752,juan3587,女,44,甘肃,3,2022-10-19,直播间,0,普通
753,jiafang93,男,61,湖北,3,2023-05-06,商城搜索,1,普通
754,gugang51,女,23,甘肃,3,2022-10-04,老客推荐,0,普通
755,iwen56,女,48,上海,5,2023-03-14,商城搜索,1,普通
756,xia8331,女,18,陕西,1,2023-04-01,短视频橱窗,0,金卡
757,fang9098,女,59,甘肃,5,2023-08-15,直播间,1,普通
758,jiehuang95,女,-5,甘肃,3,2023-04-12,短视频橱窗,0,银卡
759,yong1228,女,35,湖北,4,2022-06-28,短视频橱窗,1,普通
760,leiwei34,女,33,甘肃,5,2023-04-01,商城搜索,0,银卡
761,guiying1710,女,39,北京,2,2023-04-30,直播间,1,普通
762,dfang31,女,41,湖北,5,2023-12-04,短视频橱窗,1,金卡
763,changyang75,男,36,甘肃,2,2022-12-20,短视频橱窗,0,普通
764,lei0171,男,23,甘肃,2,2023-03-21,直播间,0,金卡
765,idong83,男,52,四川,2,2023-10-08,直播间,1,普通
766,wyin50,男,44,上海,2,2022-10-29,直播间,1,普通
767,hgong53,女,32,新疆,5,2023-05-30,直播间,1,普通
768,qli61,男,36,浙江,3,2023-03-07,直播间,1,普通
769,chengmin78,女,29,甘肃,2,2023-05-12,老客推荐,0,普通
770,dyan23,女,52,甘肃,3,2022-06-28,短视频橱窗,0,银卡
771,yang3364,女,42,甘肃,1,2023-11-11,直播间,1,银卡
772,gliang79,女,35,北京,4,2023-06-29,直播间,1,银卡
773,ozhong80,女,35,甘肃,3,2022-07-29,短视频橱窗,0,银卡
774,qinjie70,女,43,重庆,4,2023-02-07,直播间,1,普通
775,nameng45,男,49,河南,5,2022-12-13,商城搜索,1,普通
776,ilin95,女,35,甘肃,1,2023-01-22,老客推荐,0,普通
777,pkang80,女,51,四川,2,2022-10-22,短视频橱窗,0,银卡
778,yinxia15,男,48,重庆,4,2022-11-19,直播间,0,普通
779,na4824,男,42,福建,1,2023-04-10,直播间,0,普通
780,houxiulan91,女,27,甘肃,4,2023-07-20,商城搜索,0,普通
781,xiulanhuang45,女,18,陕西,1,2023-01-03,直播间,1,普通
782,ichen48,女,29,甘肃,4,2022-10-24,直播间,0,普通
783,wcai27,男,29,上海,3,2023-08-30,老客推荐,0,普通
784,scheng98,女,40,河南,3,2023-08-14,直播间,1,普通
785,wei6994,女,28,山东,4,2023-05-06,短视频橱窗,1,银卡
786,mjiang65,男,46,甘肃,2,2023-03-16,商城搜索,0,金卡
787,gangmo60,女,45,山东,2,2023-09-08,短视频橱窗,1,普通
788,tao9879,女,39,甘肃,3,2023-08-04,直播间,0,普通
789,isun49,男,36,湖北,5,2022-12-21,直播间,0,普通
790,xuejuan67,女,53,甘肃,1,2022-12-03,直播间,1,金卡
791,ming7815,女,46,陕西,4,2023-07-30,直播间,1,普通
792,yongli35,女,31,甘肃,1,2023-09-30,短视频橱窗,0,金卡
793,jhao74,男,56,甘肃,4,2023-07-28,商城搜索,1,金卡
794,vhan67,女,24,甘肃,3,2023-04-18,商城搜索,1,普通
795,liaomin23,男,35,甘肃,3,2022-06-16,短视频橱窗,1,普通
796,xia8461,男,28,江苏,4,2023-09-14,商城搜索,0,普通
797,yan2420,女,56,四川,4,2022-08-21,直播间,0,普通
798,uhan80,女,60,青海,2,2023-06-07,直播间,0,普通
799,chaoshi54,男,22,福建,3,2023-11-13,直播间,0,银卡
800,yanliang33,女,35,四川,1,2023-10-26,直播间,0,普通
801,qzhu96,男,51,江苏,4,2023-01-30,短视频橱窗,1,普通
802,wenwei27,男,40,甘肃,4,2023-02-28,直播间,1,普通
803,lei2261,男,30,甘肃,2,2022-07-14,直播间,0,普通
804,yongjin10,女,37,新疆,4,2023-06-21,直播间,0,金卡
805,nwu65,女,22,陕西,3,2022-08-24,短视频橱窗,0,普通
806,wuwei44,女,36,陕西,2,2023-12-26,短视频橱窗,1,普通
807,weishen62,女,41,甘肃,5,2023-08-20,短视频橱窗,0,普通
808,lei6119,女,58,四川,5,2022-12-16,直播间,0,银卡
809,songyong59,男,52,浙江,5,2022-07-05,直播间,0,金卡
810,eyi81,女,26,山东,5,2023-10-19,直播间,0,普通
811,taowei16,女,34,湖北,2,2023-02-17,直播间,1,普通
812,sunli96,女,36,上海,3,2022-10-07,直播间,0,普通
813,jing1459,男,46,新疆,5,2023-01-21,短视频橱窗,1,金卡
814,eliao41,女,55,重庆,2,2022-12-29,商城搜索,0,普通
815,jing2492,男,37,甘肃,1,2022-06-11,直播间,1,普通
816,na0134,女,45,甘肃,2,2023-07-18,短视频橱窗,1,普通
817,ycui60,女,27,陕西,2,2023-06-06,老客推荐,1,普通
818,fang0615,女,40,甘肃,4,2023-01-15,商城搜索,1,金卡
819,dongqiang34,女,33,浙江,3,2023-01-01,商城搜索,1,普通
820,qdeng26,男,43,甘肃,3,2023-10-13,直播间,0,黑卡
821,duanyang70,女,20,四川,2,2023-06-20,短视频橱窗,1,银卡
822,oluo20,女,51,陕西,3,2022-09-21,直播间,1,金卡
823,naliang61,女,29,湖北,5,2023-03-06,短视频橱窗,1,普通
824,qiang9121,男,29,甘肃,4,2023-11-01,直播间,0,金卡
825,pliu93,女,19,广东,3,2022-11-25,老客推荐,0,黑卡
826,yuna73,男,52,四川,2,2023-04-10,老客推荐,1,普通
827,liangguiying78,女,34,江苏,3,2023-05-22,直播间,1,普通
828,leimao77,女,23,甘肃,2,2022-09-22,短视频橱窗,0,普通
829,ming0388,男,35,浙江,4,2023-11-05,直播间,1,普通
830,asong73,女,37,甘肃,4,2023-06-22,直播间,1,普通
831,yanghou49,女,37,甘肃,4,2023-03-02,老客推荐,1,普通
832,hhe93,男,39,河南,1,2023-06-01,直播间,0,普通
833,taojiang58,男,55,甘肃,4,2022-06-11,直播间,0,普通
834,jlin16,女,54,重庆,2,2023-01-09,直播间,0,银卡
835,na5136,女,43,福建,3,2023-07-17,直播间,1,银卡
836,tkang79,女,36,浙江,4,2022-09-27,商城搜索,1,普通
837,zhaoping52,男,18,江苏,3,2022-11-07,商城搜索,0,普通
838,mingzheng13,男,43,北京,5,2023-10-08,直播间,0,普通
839,houjuan73,女,39,甘肃,1,2023-07-16,商城搜索,1,普通
840,xiuying2582,男,22,江苏,4,2023-11-09,商城搜索,0,普通
841,shina98,女,42,甘肃,2,2022-09-15,直播间,1,普通
842,chaoduan65,女,28,上海,5,2023-03-22,商城搜索,1,银卡
843,xshao48,男,32,甘肃,1,2023-06-09,商城搜索,1,普通
844,xiulanhu70,男,47,甘肃,3,2022-08-29,短视频橱窗,1,银卡
845,xiulanzhou40,女,27,四川,4,2022-12-31,老客推荐,1,金卡
846,yuangang41,女,52,河南,1,2022-10-28,直播间,0,银卡
847,yongzeng74,男,38,陕西,4,2023-09-04,商城搜索,0,普通
848,houwei68,女,41,甘肃,2,2022-09-01,直播间,1,金卡
849,fluo44,女,33,甘肃,4,2022-11-27,直播间,0,银卡
850,leixie51,男,18,广东,2,2023-04-20,商城搜索,0,普通
851,xiulan7418,男,42,广东,4,2023-06-25,老客推荐,1,金卡
852,menggang86,女,61,甘肃,2,2023-12-25,直播间,0,黑卡
853,whuang53,女,60,北京,3,2022-08-28,直播间,1,普通
854,yongliang57,男,18,四川,4,2023-01-06,短视频橱窗,1,普通
855,gongmin80,男,50,重庆,3,2022-09-27,直播间,0,普通
856,chaowan60,女,23,甘肃,5,2023-05-08,短视频橱窗,1,普通
857,ugao52,男,30,北京,3,2023-07-09,商城搜索,0,普通
858,liliu93,男,34,广东,4,2023-03-15,短视频橱窗,1,普通
859,guyan91,女,20,广东,4,2023-06-10,直播间,1,普通
860,vwen12,女,38,甘肃,4,2023-09-14,短视频橱窗,0,普通
861,ysu19,女,45,湖北,2,2023-11-02,直播间,1,银卡
862,na3264,女,37,四川,4,2023-12-30,短视频橱窗,1,普通
863,fzhong52,女,46,甘肃,4,2023-09-22,短视频橱窗,0,普通
864,xiuying1266,女,46,山东,3,2023-08-22,短视频橱窗,1,普通
865,mlai38,女,22,甘肃,3,2022-09-04,商城搜索,0,普通
866,mingchen16,男,34,北京,5,2023-07-27,短视频橱窗,0,普通
867,zcheng53,女,32,甘肃,3,2023-02-26,直播间,1,普通
868,jingzhou52,女,42,甘肃,3,2022-08-06,商城搜索,0,普通
869,qiangyi72,女,38,山东,2,2023-01-10,老客推荐,0,金卡
870,yangzhao31,女,48,甘肃,4,2023-04-03,商城搜索,1,银卡
871,utian42,男,37,广东,4,2023-03-17,直播间,1,普通
872,litan45,男,22,甘肃,1,2022-08-23,直播间,1,普通
873,weiren63,男,37,广东,4,2023-06-23,直播间,1,普通
874,tao5215,女,38,福建,2,2023-03-13,短视频橱窗,1,普通
875,hxiong87,男,58,山东,2,2023-12-29,直播间,0,金卡
876,pingkong91,男,39,青海,3,2023-04-22,直播间,0,普通
877,moxiulan46,女,30,江苏,1,2023-01-21,老客推荐,1,普通
878,li5735,男,20,河南,3,2023-10-21,商城搜索,1,普通
879,hgu67,女,39,浙江,1,2022-11-05,短视频橱窗,0,普通
880,wpan19,男,33,浙江,3,2022-07-20,商城搜索,0,普通
881,xiulan5980,男,41,四川,1,2022-08-28,商城搜索,1,普通
882,xiuying2687,男,39,陕西,3,2022-11-10,直播间,1,黑卡
883,jing6961,男,36,湖北,5,2023-03-17,短视频橱窗,1,金卡
884,zhuwei48,女,30,江苏,1,2022-12-04,短视频橱窗,1,普通
885,duanjie13,女,43,广东,1,2023-07-09,老客推荐,1,普通
886,jiajun93,女,40,甘肃,1,2022-10-18,商城搜索,1,普通
887,thuang70,女,29,青海,4,2023-12-07,短视频橱窗,0,普通
888,fhu72,女,49,陕西,3,2023-04-30,直播间,1,普通
889,pingwen58,女,51,福建,4,2022-12-14,直播间,1,银卡
890,dhao46,男,37,陕西,4,2022-07-23,商城搜索,0,银卡
891,min1956,男,40,四川,3,2023-04-26,直播间,0,普通
892,li3145,女,29,甘肃,3,2022-12-27,直播间,1,普通
893,gangyin68,男,19,甘肃,5,2023-03-20,短视频橱窗,1,普通
894,yangkong81,女,29,陕西,4,2022-10-20,直播间,0,普通
895,juncui57,女,39,甘肃,3,2022-08-13,短视频橱窗,0,普通
896,gkong98,男,31,青海,4,2023-03-01,短视频橱窗,1,金卡
897,zoujing43,男,47,山东,4,2022-08-22,老客推荐,0,普通
898,zhongjie59,女,40,福建,5,2022-07-10,短视频橱窗,1,普通
899,guiyingqian48,女,42,福建,4,2023-10-07,直播间,0,普通
900,guxia56,男,27,浙江,2,2022-10-17,直播间,0,金卡
901,juangu13,男,30,河南,2,2022-08-26,直播间,0,普通
902,ming8114,女,18,广东,4,2023-03-24,直播间,0,普通
903,songjie40,女,44,甘肃,3,2022-09-21,老客推荐,0,普通
904,xuqiang26,男,29,湖北,2,2022-08-06,老客推荐,0,普通
905,guiying5067,女,41,江苏,4,2023-07-30,直播间,1,普通
906,chaocai18,女,35,青海,3,2022-09-20,直播间,0,银卡
907,qyan41,男,49,陕西,4,2022-10-18,直播间,1,普通
908,hshen93,女,23,浙江,4,2023-08-04,商城搜索,0,普通
909,yang8323,女,44,广东,1,2023-04-28,商城搜索,0,普通
910,qianjing68,女,45,广东,5,2022-10-25,老客推荐,1,普通
911,yang4677,女,18,甘肃,2,2022-09-10,直播间,0,普通
912,juanwu34,女,60,甘肃,2,2023-07-09,商城搜索,1,银卡
913,ptian92,女,19,甘肃,1,2023-05-06,直播间,1,金卡
914,guxia15,女,37,甘肃,1,2022-12-07,商城搜索,1,普通
915,yan2214,女,41,北京,4,2022-09-23,直播间,1,金卡
916,yanjiang30,女,27,陕西,4,2023-06-30,直播间,1,普通
917,tao9545,女,20,湖北,1,2023-06-10,直播间,0,银卡
918,tlai25,女,34,甘肃,5,2023-03-10,商城搜索,0,普通
919,uzheng97,女,48,湖北,3,2023-06-06,短视频橱窗,1,金卡
920,pfu87,女,48,陕西,2,2023-02-26,短视频橱窗,1,银卡
921,leiqiao18,男,60,甘肃,4,2023-01-21,短视频橱窗,1,普通
922,qiangzhang52,女,48,四川,3,2022-12-04,直播间,0,普通
923,chenjing36,女,48,甘肃,4,2023-10-14,直播间,0,银卡
924,mingzhong20,女,51,山东,4,2022-07-28,直播间,1,银卡
925,yangxiao34,女,36,甘肃,4,2023-04-10,直播间,0,普通
926,xiuyingfeng67,男,34,青海,3,2023-07-22,短视频橱窗,1,普通
927,wei3723,男,46,福建,4,2023-02-07,短视频橱窗,1,普通
928,ming5789,女,65,山东,2,2022-06-18,直播间,0,普通
929,huanggang58,女,39,北京,5,2023-06-27,短视频橱窗,1,普通
930,qiang9362,女,46,甘肃,4,2023-05-08,商城搜索,0,银卡
931,weili92,女,28,广东,4,2023-09-21,短视频橱窗,1,普通
932,chaoyuan76,男,39,甘肃,1,2022-11-06,短视频橱窗,1,普通
933,gzhao69,女,48,广东,5,2023-11-25,直播间,1,普通
934,fangzheng25,女,29,重庆,5,2023-08-09,短视频橱窗,1,银卡
935,yinming60,男,55,甘肃,4,2023-10-24,短视频橱窗,1,普通
936,min4264,男,63,上海,2,2023-01-13,直播间,0,银卡
937,mindeng79,女,40,甘肃,5,2023-02-02,直播间,0,金卡
938,qchen20,男,56,四川,2,2023-03-02,直播间,1,银卡
939,li4076,女,22,甘肃,1,2023-10-16,直播间,1,黑卡
940,lma84,男,46,重庆,1,2022-08-04,直播间,0,银卡
941,weiwen43,女,32,甘肃,2,2022-12-15,短视频橱窗,0,金卡
942,yong1060,女,31,山东,4,2023-03-30,直播间,0,普通
943,pengfang80,女,18,浙江,4,2023-04-14,直播间,1,普通
944,hjia76,男,56,广东,2,2022-07-13,短视频橱窗,1,普通
945,sunjun29,女,28,新疆,3,2023-08-15,商城搜索,0,普通
946,jing5056,男,43,浙江,3,2022-08-16,短视频橱窗,1,金卡
947,na5144,女,42,甘肃,4,2023-08-02,直播间,1,普通
948,liren17,女,45,湖北,5,2023-09-04,直播间,1,普通
949,jieliu47,男,45,新疆,3,2022-08-26,商城搜索,1,金卡
950,natang57,男,45,甘肃,5,2023-02-10,直播间,0,普通
951,glong64,女,25,甘肃,5,2023-05-08,直播间,0,普通
952,jing7430,女,34,陕西,1,2023-08-18,直播间,0,银卡
953,jingguo96,女,37,山东,4,2022-12-10,短视频橱窗,1,普通
954,qianyan59,女,35,北京,5,2023-05-30,直播间,0,银卡
955,pingmo91,女,53,甘肃,1,2023-07-14,商城搜索,1,银卡
956,luna51,女,57,新疆,3,2023-05-29,短视频橱窗,1,普通
957,yong3355,女,48,甘肃,3,2022-08-01,直播间,0,普通
958,xiaoyang75,女,44,浙江,1,2023-08-22,老客推荐,0,普通
959,jing5234,女,38,四川,4,2022-08-16,短视频橱窗,1,普通
960,fangqiu16,男,0,北京,1,2022-06-17,短视频橱窗,1,普通
961,juanfan98,男,47,甘肃,2,2022-07-10,直播间,0,普通
962,yshen62,男,29,上海,5,2022-09-17,直播间,1,普通
963,shili60,女,30,广东,4,2022-11-19,商城搜索,1,普通
964,jun5394,男,49,河南,3,2022-10-23,老客推荐,0,普通
965,zhongyan21,女,30,甘肃 ,3,2023-05-03,老客推荐,1,普通
966,nxu29,女,48,甘肃,2,2023-09-28,直播间,0,普通
967,xiulanjiang64,女,34,浙江,1,2022-06-25,直播间,1,普通
968,wpeng16,男,48,四川,5,2023-07-04,直播间,1,金卡
969,thuang38,女,28,甘肃,2,2022-06-25,老客推荐,1,普通
970,qiang9591,男,47,陕西,3,2023-06-29,商城搜索,1,普通
971,zhongjie61,女,49,四川,2,2022-06-15,直播间,0,银卡
972,yewei43,女,26,北京,2,2023-02-05,短视频橱窗,1,普通
973,fangmin14,男,57,河南,2,2022-10-10,短视频橱窗,0,普通
974,jiedai52,女,36,甘肃,4,2023-06-19,直播间,1,普通
975,qiangfan67,女,33,甘肃,4,2023-05-13,直播间,1,金卡
976,jun9080,女,28,甘肃,5,2023-05-06,短视频橱窗,0,普通
977,gzou14,女,34,陕西,1,2023-01-06,商城搜索,1,普通
978,lei7058,女,31,四川,4,2023-08-12,直播间,1,金卡
979,tangguiying35,女,43,甘肃,3,2023-07-29,直播间,0,普通
980,lwu60,女,26,甘肃,3,2023-09-24,直播间,1,普通
981,yan7920,男,36,福建,4,2022-12-05,短视频橱窗,1,普通
982,rjiang24,女,53,河南,4,2023-10-29,直播间,0,普通
983,yong7454,男,23,甘肃,3,2023-03-28,直播间,1,普通
984,schang54,女,55,福建,3,2022-11-02,短视频橱窗,1,普通
985,kyuan52,女,42,四川,2,2023-02-04,直播间,1,普通
986,dingxia80,女,42,福建,5,2023-10-20,直播间,0,普通
987,fangwu45,女,29,青海,4,2023-03-28,直播间,1,普通
988,yangyan37,男,29,陕西,1,2022-07-04,商城搜索,1,普通
989,qiaoyong40,女,37,甘肃,4,2023-11-30,老客推荐,0,普通
990,pingsong81,男,42,新疆,1,2023-02-28,短视频橱窗,0,普通
991,fang6821,女,46,上海,2,2023-07-24,老客推荐,1,普通
992,pinghe78,女,18,四川,5,2023-12-15,商城搜索,0,金卡
993,gyao49,女,59,河南,3,2022-12-05,直播间,1,普通
994,baigang89,女,51,北京,2,2022-06-30,直播间,1,银卡
995,hujuan19,女,37,浙江,3,2023-11-27,老客推荐,0,普通
996,qxue73,男,59,甘肃,5,2022-08-03,商城搜索,0,金卡
997,guiyingyan88,女,35,甘肃,2,2022-07-27,短视频橱窗,1,普通
998,suchao30,男,40,甘肃,1,2023-01-21,商城搜索,1,普通
999,sunjuan20,女,25,青海,3,2023-11-26,直播间,0,普通
1000,wei3184,女,42,山东,4,2023-10-13,商城搜索,1,普通
