session_id,live_date,start_time,duration_min,theme,is_festival,total_exposure,total_enter,total_stay,total_interact,total_order_placed,total_paid,gmv,new_followers,sku_cnt,anchor,main_category
1,2024-01-02,19:30,85,助农专场,0,73864,8000,2120,479,13,11,1686.17,167,54,主播阿甘,干货山珍
2,2024-01-03,20:00,71,助农专场,0,131731,12675,3287,493,34,31,4172.08,425,46,主播阿甘,高原夏菜及土豆
3,2024-01-03,18:30,80,宽粉工厂专场,0,87772,9180,3724,1153,31,27,3774.78,191,46,主播小胖(负责人),定西宽粉及薯制品
4,2024-01-04,18:30,67,宽粉工厂专场,0,32397,3746,1439,415,13,12,755.59,88,37,主播小胖(负责人),定西宽粉及薯制品
5,2024-01-05,15:30,63,常态化带货,0,18687,1595,643,138,28,26,3767.89,71,69,主播小花,蜂产品
6,2024-01-06,18:30,86,助农专场,0,122206,13368,5743,1396,26,24,3240.38,442,47,主播小陇,甘肃生鲜水果
7,2024-01-07,18:30,85,助农专场,0,144279,16037,5490,891,9,8,1484.7,198,29,主播小陇,肉禽蛋品
8,2024-01-07,20:00,77,宽粉工厂专场,0,62385,7021,2195,367,13,12,3257.61,115,64,主播小胖(负责人),定西宽粉及薯制品
9,2024-01-08,15:30,65,宽粉工厂专场,0,82994,7576,2558,776,52,47,7549.27,129,43,主播阿甘,定西宽粉及薯制品
10,2024-01-10,18:30,89,助农专场,0,145427,15274,4057,915,45,40,4916.56,422,75,主播小胖(负责人),甘肃生鲜水果
11,2024-01-10,19:30,72,助农专场,0,67053,7981,2867,998,15,13,2811.41,157,59,主播小陇,高原夏菜及土豆
12,2024-01-11,19:00,57,常态化带货,0,30169,3223,867,144,53,48,6730.03,84,32,主播小陇,药食同源
13,2024-01-12,19:30,56,常态化带货,0,51294,5331,2000,490,47,42,9260.9,98,60,主播小胖(负责人),甘肃生鲜水果
14,2024-01-15,19:00,56,常态化带货,0,31005,2539,958,145,34,30,5038.88,42,35,主播小花,甘肃生鲜水果
15,2024-01-15,14:00,73,助农专场,0,95577,9658,2731,742,23,20,4643.03,382,56,主播小胖(负责人),高原夏菜及土豆
16,2024-01-18,20:00,88,节庆大促,1,137756,13781,5374,1542,18,16,2404.39,227,40,主播小陇,干货山珍
17,2024-01-19,18:30,66,宽粉工厂专场,0,48968,4484,1981,544,18,16,1549.67,146,42,主播小胖(负责人),定西宽粉及薯制品
18,2024-01-19,20:00,61,常态化带货,0,24046,2786,1237,389,23,20,2109.25,60,77,主播小胖(负责人),肉禽蛋品
19,2024-01-21,15:30,61,常态化带货,0,21296,1711,617,174,46,43,9147.44,63,48,主播小花,小杂粮粮油
20,2024-01-21,18:30,66,常态化带货,0,66784,6283,2108,333,28,25,2876.23,225,52,主播小陇,干货山珍
21,2024-01-22,19:00,64,常态化带货,0,90131,8952,3531,1061,15,13,2590.29,336,32,主播小胖(负责人),甘肃生鲜水果
22,2024-01-24,15:30,69,常态化带货,0,47059,4924,2094,730,31,28,5173.67,79,38,主播小花,甘肃生鲜水果
23,2024-01-26,19:00,68,常态化带货,0,30326,3200,1016,175,41,36,8014.78,58,37,主播阿甘,预包装速食
24,2024-01-27,18:30,63,常态化带货,0,54893,5314,2273,530,27,23,6713.27,91,41,主播小陇,甘肃生鲜水果
25,2024-01-29,18:30,85,助农专场,0,96795,9547,4091,950,40,35,5718.7,312,47,主播小胖(负责人),干货山珍
26,2024-01-29,19:00,69,常态化带货,0,31419,3083,1196,378,29,26,5405.22,47,52,主播小胖(负责人),香辛调料
27,2024-01-30,18:30,73,助农专场,0,59444,5150,1552,453,26,24,3906.07,122,44,主播小花,甘肃生鲜水果
28,2024-01-30,15:30,89,宽粉工厂专场,0,47334,4402,1539,347,15,14,1874.72,122,23,主播小胖(负责人),定西宽粉及薯制品
29,2024-01-31,19:00,80,助农专场,0,119022,10347,4587,1167,12,11,2977.38,167,35,主播小胖(负责人),高原夏菜及土豆
30,2024-02-02,14:00,71,常态化带货,0,20983,2103,634,167,9,8,3150.09,76,63,主播小胖(负责人),药食同源
31,2024-02-02,19:00,65,宽粉工厂专场,0,46307,5407,1951,530,20,18,2443.14,142,85,主播小花,定西宽粉及薯制品
32,2024-02-05,19:00,80,助农专场,0,93554,8182,2176,678,15,13,1030.32,180,35,主播小陇,高原夏菜及土豆
33,2024-02-07,14:00,70,常态化带货,0,18154,1725,706,246,41,36,8497.17,69,46,主播小胖(负责人),高原夏菜及土豆
34,2024-02-08,19:00,72,宽粉工厂专场,0,83780,6731,2558,667,30,26,4686.35,282,55,主播小胖(负责人),定西宽粉及薯制品
35,2024-02-09,19:30,79,宽粉工厂专场,0,36137,4333,1545,249,19,17,2043.95,96,45,主播阿甘,定西宽粉及薯制品
36,2024-02-11,19:30,57,常态化带货,0,118576,11273,3531,583,16,14,2496.06,352,29,主播小陇,香辛调料
37,2024-02-11,18:30,68,常态化带货,0,31894,3463,1417,466,30,26,5105.59,108,50,主播小花,肉禽蛋品
38,2024-02-11,19:30,85,宽粉工厂专场,0,52982,5374,1902,503,57,51,6836.22,65,39,主播小陇,定西宽粉及薯制品
39,2024-02-12,19:00,77,宽粉工厂专场,0,45672,4279,1326,411,32,28,5046.9,52,55,主播小胖(负责人),定西宽粉及薯制品
40,2024-02-12,19:00,71,常态化带货,0,19574,1602,666,153,77,71,11027.83,56,34,主播阿甘,甘肃生鲜水果
41,2024-02-12,19:00,72,助农专场,0,69619,8112,2828,680,24,21,7623.62,122,63,主播小胖(负责人),干货山珍
42,2024-02-13,14:00,88,宽粉工厂专场,0,38033,3745,1382,420,6,5,570.65,53,20,主播小胖(负责人),定西宽粉及薯制品
43,2024-02-15,14:00,64,常态化带货,0,51724,4513,1641,340,16,14,991.64,115,42,主播小陇,甘肃生鲜水果
44,2024-02-16,15:30,65,常态化带货,0,57472,5867,2361,691,24,22,2067.58,177,80,主播小陇,甘肃生鲜水果
45,2024-02-17,19:30,56,常态化带货,0,67970,7143,2391,706,10,9,963.82,226,43,主播小胖(负责人),干货山珍
46,2024-02-17,15:30,84,助农专场,0,110992,11928,3475,893,12,11,2212.83,137,34,主播阿甘,甘肃生鲜水果
47,2024-02-18,19:00,84,宽粉工厂专场,0,29600,3067,1017,282,19,17,2686.12,112,53,主播阿甘,定西宽粉及薯制品
48,2024-02-18,19:00,71,常态化带货,0,68069,6715,2074,424,13,12,1894.57,177,31,主播小花,香辛调料
49,2024-02-20,18:30,75,常态化带货,0,23564,2392,675,217,14,13,1679.4,53,37,主播小胖(负责人),药食同源
50,2024-02-25,19:00,68,宽粉工厂专场,0,35388,4199,1871,356,10,9,1090.81,97,28,主播小胖(负责人),定西宽粉及薯制品
51,2024-02-26,19:00,65,宽粉工厂专场,0,70325,6263,1750,522,27,24,2288.82,132,45,主播小胖(负责人),定西宽粉及薯制品
52,2024-02-26,14:00,64,常态化带货,0,30927,3641,1194,207,23,20,3576.08,71,37,主播小胖(负责人),甘肃生鲜水果
53,2024-02-27,20:00,63,常态化带货,0,79070,9180,2536,482,20,18,2294.76,271,39,主播小胖(负责人),甘肃生鲜水果
54,2024-02-29,19:30,63,常态化带货,0,28928,2680,1041,261,19,17,3376.55,69,66,主播小陇,高原夏菜及土豆
55,2024-03-05,14:00,73,常态化带货,0,34714,3989,1376,479,15,14,2278.24,78,29,主播小陇,甘肃生鲜水果
56,2024-03-06,19:00,75,宽粉工厂专场,0,95811,9275,2867,870,11,10,1844.6,376,51,主播小胖(负责人),定西宽粉及薯制品
57,2024-03-07,15:30,86,助农专场,0,98909,9999,4226,1309,7,6,1328.36,264,46,主播小陇,甘肃生鲜水果
58,2024-03-11,19:00,73,宽粉工厂专场,0,104015,9230,2856,448,33,29,3793.68,381,59,主播小胖(负责人),定西宽粉及薯制品
59,2024-03-11,15:30,67,宽粉工厂专场,0,87763,9868,3538,1111,31,28,3466.47,104,38,主播阿甘,定西宽粉及薯制品
60,2024-03-15,19:00,77,宽粉工厂专场,0,49641,5359,2296,617,25,22,3244.87,165,39,主播阿甘,定西宽粉及薯制品
61,2024-03-17,19:00,78,宽粉工厂专场,0,111909,11701,4112,1230,19,17,3352.11,179,66,主播小胖(负责人),定西宽粉及薯制品
62,2024-03-19,14:00,86,助农专场,0,129213,12736,5668,1813,90,82,17898.32,409,32,主播小胖(负责人),高原夏菜及土豆
63,2024-03-21,14:00,77,宽粉工厂专场,0,43780,4909,1478,360,11,10,1125.73,78,43,主播小陇,定西宽粉及薯制品
64,2024-03-21,15:30,58,常态化带货,0,51510,6083,1577,256,35,32,8769.12,205,40,主播阿甘,香辛调料
65,2024-03-25,18:30,57,常态化带货,0,64830,5806,1864,371,20,17,2894.7,72,32,主播小陇,甘肃生鲜水果
66,2024-03-25,15:30,73,宽粉工厂专场,0,28903,2897,1294,196,21,19,5970.15,88,29,主播小胖(负责人),定西宽粉及薯制品
67,2024-03-26,18:30,91,助农专场,0,88461,9689,4148,856,23,21,4341.74,119,42,主播小陇,高原夏菜及土豆
68,2024-03-31,18:30,73,助农专场,0,91704,8665,2988,982,39,35,6811.31,104,40,主播阿甘,甘肃生鲜水果
69,2024-03-31,18:30,65,常态化带货,0,77561,9273,2929,512,26,23,4108.82,179,75,主播小胖(负责人),甘肃生鲜水果
70,2024-04-01,14:00,70,常态化带货,0,56849,5695,2242,626,68,62,6480.74,161,61,主播小胖(负责人),干货山珍
71,2024-04-06,15:30,61,常态化带货,0,44631,4621,1564,500,28,24,3403.07,66,54,主播小胖(负责人),甘肃生鲜水果
72,2024-04-11,20:00,63,常态化带货,0,20135,1628,516,85,26,23,3298.44,49,22,主播阿甘,干货山珍
73,2024-04-11,18:30,60,常态化带货,0,56757,6723,2251,780,26,23,3477.61,146,51,主播小胖(负责人),甘肃生鲜水果
74,2024-04-12,19:00,73,宽粉工厂专场,0,47474,4725,1505,409,37,33,6595.39,127,26,主播小陇,定西宽粉及薯制品
75,2024-04-12,19:00,61,助农专场,0,42623,4759,1929,326,32,28,6834.9,154,36,主播小胖(负责人),高原夏菜及土豆
76,2024-04-16,20:00,60,助农专场,0,86678,9770,2946,545,22,19,4414.07,88,67,主播小胖(负责人),高原夏菜及土豆
77,2024-04-16,19:00,77,助农专场,0,41168,3533,1004,338,64,58,5611.84,155,44,主播小花,甘肃生鲜水果
78,2024-04-20,19:00,75,宽粉工厂专场,0,51223,4167,1836,450,38,34,2845.99,170,43,主播小陇,定西宽粉及薯制品
79,2024-04-26,19:00,58,常态化带货,0,18116,1969,687,211,15,13,1533.61,46,27,主播小陇,甘肃生鲜水果
80,2024-04-27,18:30,77,助农专场,0,101781,9278,2807,735,14,13,1431.49,375,37,主播阿甘,甘肃生鲜水果
81,2024-04-28,19:30,66,常态化带货,0,43558,5087,2054,565,12,11,1267.39,79,50,主播阿甘,定西宽粉及薯制品
82,2024-04-30,19:00,75,宽粉工厂专场,0,38329,3321,1402,463,20,18,3386.56,142,72,主播小胖(负责人),定西宽粉及薯制品
83,2024-05-01,15:30,82,宽粉工厂专场,0,39033,4311,1784,600,31,28,4502.12,76,51,主播小胖(负责人),定西宽粉及薯制品
84,2024-05-02,15:30,74,常态化带货,0,28084,2586,936,209,26,23,3336.74,103,43,主播小胖(负责人),高原夏菜及土豆
85,2024-05-06,19:00,64,常态化带货,0,60134,6206,2077,508,51,46,6943.3,195,36,主播阿甘,甘肃生鲜水果
86,2024-05-07,20:00,71,宽粉工厂专场,0,47768,5409,1773,455,16,14,1963.71,160,30,主播小陇,定西宽粉及薯制品
87,2024-05-10,14:00,72,宽粉工厂专场,0,67680,5546,2314,744,29,27,3324.77,117,41,主播小胖(负责人),定西宽粉及薯制品
88,2024-05-11,19:30,63,助农专场,0,58834,5645,1922,525,31,29,8749.3,156,34,主播阿甘,高原夏菜及土豆
89,2024-05-12,14:00,93,助农专场,0,55200,5253,2047,693,19,17,2608.21,124,43,主播小胖(负责人),甘肃生鲜水果
90,2024-05-13,15:30,73,常态化带货,0,58542,5982,1976,299,55,48,6906.28,223,73,主播小胖(负责人),定西宽粉及薯制品
91,2024-05-14,15:30,81,助农专场,0,120375,11677,4643,923,22,19,4456.51,469,31,主播小花,高原夏菜及土豆
92,2024-05-15,14:00,57,常态化带货,0,18651,1500,639,200,28,24,8048.06,66,57,主播阿甘,甘肃生鲜水果
93,2024-05-15,20:00,87,宽粉工厂专场,0,61067,5288,2102,606,16,15,3102.65,177,30,主播小胖(负责人),定西宽粉及薯制品
94,2024-05-16,19:30,61,常态化带货,0,36340,4297,1253,331,19,17,4288.57,124,41,主播小陇,干货山珍
95,2024-05-16,19:30,60,常态化带货,0,64750,7377,3241,989,21,18,3903.05,134,36,主播小胖(负责人),药食同源
96,2024-05-17,18:30,81,助农专场,0,90488,7389,2840,603,23,20,4971.96,311,40,主播小花,甘肃生鲜水果
97,2024-05-20,18:30,63,宽粉工厂专场,0,55927,5525,2323,501,27,24,3196.39,102,45,主播阿甘,定西宽粉及薯制品
98,2024-05-21,18:30,74,常态化带货,0,30786,3578,1156,320,25,23,4385.35,118,68,主播小胖(负责人),干货山珍
99,2024-05-24,19:30,79,助农专场,0,92740,8008,2460,713,40,36,4679.9,174,25,主播小陇,干货山珍
100,2024-05-28,19:30,61,助农专场,0,53683,5459,2380,653,23,21,3418.54,109,36,主播小胖(负责人),高原夏菜及土豆
101,2024-05-30,18:30,71,常态化带货,0,42650,5039,1981,614,23,20,3645.73,165,85,主播小花,干货山珍
102,2024-05-30,18:30,56,常态化带货,0,46200,3781,1296,402,21,18,2422.23,129,53,主播小陇,香辛调料
103,2024-06-01,19:30,73,常态化带货,0,36445,3882,1533,416,21,19,2092.34,70,42,主播小胖(负责人),干货山珍
104,2024-06-02,19:00,84,宽粉工厂专场,0,72398,6697,2460,379,44,38,4087.95,289,55,主播阿甘,定西宽粉及薯制品
105,2024-06-05,18:30,78,宽粉工厂专场,0,62459,6484,1915,562,36,31,8266.75,210,54,主播小陇,定西宽粉及薯制品
106,2024-06-05,20:00,71,助农专场,0,78876,8093,3042,528,60,53,7702.58,255,42,主播小胖(负责人),甘肃生鲜水果
107,2024-06-09,19:30,78,宽粉工厂专场,0,86337,7344,2799,456,42,38,5485.5,275,56,主播小胖(负责人),定西宽粉及薯制品
108,2024-06-10,18:30,70,助农专场,0,80121,8873,2607,784,37,34,10294.24,198,48,主播小胖(负责人),甘肃生鲜水果
109,2024-06-11,20:00,58,常态化带货,0,21722,2493,903,185,20,17,2658.94,46,27,主播阿甘,小杂粮粮油
110,2024-06-14,19:30,59,常态化带货,0,47076,4971,2034,607,57,49,8547.78,139,45,主播小陇,甘肃生鲜水果
111,2024-06-15,14:00,63,常态化带货,0,46149,4609,1376,428,12,11,1348.01,81,44,主播小胖(负责人),定西宽粉及薯制品
112,2024-06-17,18:30,93,助农专场,0,36455,3880,1013,234,44,40,13933.28,79,50,主播小陇,甘肃生鲜水果
113,2024-06-18,19:00,87,节庆大促,1,289720,28229,11416,3592,26,23,4115.15,542,30,主播小陇,甘肃生鲜水果
114,2024-06-20,19:00,62,常态化带货,0,42269,4897,1325,252,30,28,7021.25,116,40,主播小胖(负责人),甘肃生鲜水果
115,2024-06-20,14:00,68,助农专场,0,173943,14048,4433,1107,52,47,4522.13,276,51,主播小胖(负责人),甘肃生鲜水果
116,2024-06-24,19:00,86,助农专场,0,60088,6680,1911,553,19,17,3003.99,140,53,主播小陇,干货山珍
117,2024-06-25,18:30,58,常态化带货,0,26431,2807,980,190,61,54,4497.48,95,30,主播小胖(负责人),预包装速食
118,2024-06-25,18:30,55,常态化带货,0,21560,2303,919,270,23,20,2612.63,67,48,主播小胖(负责人),甘肃生鲜水果
119,2024-06-26,20:00,86,助农专场,0,69809,6261,2219,337,31,27,5147.82,91,57,主播小胖(负责人),干货山珍
120,2024-06-26,19:00,62,常态化带货,0,44857,5268,1448,302,20,17,2274.42,141,41,主播小胖(负责人),甘肃生鲜水果
121,2024-06-29,18:30,62,常态化带货,0,54168,4727,1916,627,65,58,8613.56,103,55,主播小胖(负责人),香辛调料
122,2024-07-04,20:00,64,助农专场,0,54381,4952,1458,476,22,20,4805.32,156,70,主播小陇,甘肃生鲜水果
123,2024-07-05,19:30,83,宽粉工厂专场,0,36967,4319,1703,478,22,20,3280.98,112,43,主播小胖(负责人),定西宽粉及薯制品
124,2024-07-08,19:00,59,常态化带货,0,59554,5278,2061,644,13,12,2453.48,215,54,主播小胖(负责人),高原夏菜及土豆
125,2024-07-08,20:00,59,常态化带货,0,23711,1910,726,211,23,21,3890.57,52,39,主播小胖(负责人),药食同源
126,2024-07-09,19:30,65,宽粉工厂专场,0,24167,2500,837,130,14,12,1705.68,78,43,主播小陇,定西宽粉及薯制品
127,2024-07-10,19:00,58,常态化带货,0,44446,4842,1788,313,36,31,9180.81,45,43,主播阿甘,甘肃生鲜水果
128,2024-07-10,14:00,83,宽粉工厂专场,0,85422,7241,2684,576,32,29,5313.17,329,61,主播小胖(负责人),定西宽粉及薯制品
129,2024-07-11,19:00,59,常态化带货,0,30561,3255,869,213,6,6,860.27,72,46,主播小陇,高原夏菜及土豆
130,2024-07-12,18:30,82,助农专场,0,67247,7871,3163,581,19,18,4102.97,226,40,主播小花,干货山珍
131,2024-07-13,19:00,72,助农专场,0,107523,10062,4004,720,60,53,5891.81,166,33,主播阿甘,肉禽蛋品
132,2024-07-14,18:30,55,常态化带货,0,20325,2401,765,198,20,18,1859.9,22,60,主播小陇,甘肃生鲜水果
133,2024-07-21,19:00,65,宽粉工厂专场,0,42467,5044,1354,283,37,34,4552.56,164,38,主播小花,定西宽粉及薯制品
134,2024-07-25,19:00,72,常态化带货,0,68838,6839,2918,679,20,17,1302.14,160,56,主播小陇,高原夏菜及土豆
135,2024-07-26,20:00,82,宽粉工厂专场,0,40141,3625,1619,382,9,8,2036.78,46,42,主播小花,定西宽粉及薯制品
136,2024-07-26,19:00,55,常态化带货,0,22809,2277,1007,336,12,10,1628.55,37,54,主播阿甘,甘肃生鲜水果
137,2024-07-26,14:00,73,常态化带货,0,68443,6879,2810,504,26,24,4373.73,213,30,主播小胖(负责人),干货山珍
138,2024-07-27,15:30,73,常态化带货,0,52042,5784,2134,345,28,26,5510.97,124,44,主播阿甘,甘肃生鲜水果
139,2024-07-27,18:30,75,助农专场,0,42092,3749,1028,283,35,31,3098.53,48,49,主播小陇,高原夏菜及土豆
140,2024-07-30,19:30,83,宽粉工厂专场,0,29662,2604,693,219,16,14,2679.97,49,63,主播小胖(负责人),定西宽粉及薯制品
141,2024-07-30,19:30,80,宽粉工厂专场,0,94592,11307,2840,671,26,24,4573.32,143,46,主播小胖(负责人),定西宽粉及薯制品
142,2024-07-31,19:30,86,助农专场,0,50325,5011,1775,270,8,7,1242.58,166,59,主播小陇,高原夏菜及土豆
143,2024-07-31,19:30,75,宽粉工厂专场,0,47342,5113,1353,398,31,27,3223.18,104,24,主播小胖(负责人),定西宽粉及薯制品
144,2024-08-02,14:00,61,常态化带货,0,23089,2477,659,116,31,28,3899.18,89,36,主播阿甘,礼盒组合
145,2024-08-02,18:30,68,常态化带货,0,46338,3933,1332,287,22,20,2308.8,93,26,主播小胖(负责人),高原夏菜及土豆
146,2024-08-04,18:30,85,宽粉工厂专场,0,63283,5670,1673,293,12,11,1587.91,74,40,主播小胖(负责人),定西宽粉及薯制品
147,2024-08-05,18:30,62,常态化带货,0,60344,6271,2803,716,42,36,6770.66,221,75,主播小陇,高原夏菜及土豆
148,2024-08-07,18:30,80,宽粉工厂专场,0,56237,4941,1239,421,15,14,3069.73,62,32,主播小陇,定西宽粉及薯制品
149,2024-08-08,20:00,86,助农专场,0,47672,3952,1195,371,38,33,5066.35,132,40,主播小胖(负责人),高原夏菜及土豆
150,2024-08-09,18:30,76,宽粉工厂专场,0,56832,6165,2049,401,27,24,4353.06,93,36,主播小胖(负责人),定西宽粉及薯制品
151,2024-08-10,14:00,69,助农专场,0,40898,3500,1365,359,31,27,4464.93,83,19,主播阿甘,甘肃生鲜水果
152,2024-08-11,20:00,76,宽粉工厂专场,0,51370,5944,2296,496,28,24,1283.33,116,35,主播小陇,定西宽粉及薯制品
153,2024-08-13,18:30,64,助农专场,0,143791,14349,5895,995,14,12,1837.53,521,47,主播小陇,甘肃生鲜水果
154,2024-08-13,18:30,72,常态化带货,0,32497,3630,1339,443,32,28,4084.3,91,52,主播小花,甘肃生鲜水果
155,2024-08-16,19:00,86,宽粉工厂专场,0,54516,5213,1665,335,23,21,1525.31,205,42,主播小胖(负责人),定西宽粉及薯制品
156,2024-08-18,19:30,84,宽粉工厂专场,0,118070,12708,5594,1007,45,42,4393.9,267,48,主播小陇,定西宽粉及薯制品
157,2024-08-20,18:30,55,常态化带货,0,31195,3656,1210,262,22,20,1812.88,57,32,主播阿甘,甘肃生鲜水果
158,2024-08-20,19:30,65,助农专场,0,50138,4111,1543,387,22,20,2623.32,139,46,主播阿甘,干货山珍
159,2024-08-26,18:30,73,常态化带货,0,35112,3640,1311,349,14,13,1621.37,79,32,主播小胖(负责人),肉禽蛋品
160,2024-08-26,18:30,85,宽粉工厂专场,0,57966,6177,1992,430,18,16,2147.99,96,22,主播小陇,定西宽粉及薯制品
161,2024-08-28,18:30,70,常态化带货,0,55574,6252,1716,376,47,41,5319.85,92,76,主播小花,蜂产品
162,2024-09-01,19:30,91,助农专场,0,68636,8148,2142,534,23,20,3283.18,91,40,主播阿甘,高原夏菜及土豆
163,2024-09-04,19:00,65,常态化带货,0,36028,3153,914,291,12,11,1765.4,94,33,主播小陇,甘肃生鲜水果
164,2024-09-04,19:30,65,常态化带货,0,39433,4134,1679,332,10,9,1975.83,57,34,主播小胖(负责人),香辛调料
165,2024-09-07,18:30,59,常态化带货,0,31685,3251,1077,268,16,14,3744.78,77,58,主播小陇,香辛调料
166,2024-09-10,15:30,65,助农专场,0,33619,3909,1177,245,61,54,9551.83,88,64,主播小花,高原夏菜及土豆
167,2024-09-13,19:00,59,常态化带货,0,36590,3306,1225,348,30,27,4083.66,63,51,主播小胖(负责人),甘肃生鲜水果
168,2024-09-14,19:30,62,常态化带货,0,50831,4082,1241,236,35,32,4219.28,148,57,主播阿甘,干货山珍
169,2024-09-16,14:00,73,常态化带货,0,29562,2672,1165,373,75,68,14032.73,69,28,主播阿甘,干货山珍
170,2024-09-18,14:00,73,宽粉工厂专场,0,30719,2500,825,208,15,14,2664.62,65,40,主播小胖(负责人),定西宽粉及薯制品
171,2024-09-18,18:30,75,助农专场,0,75240,6857,3013,1044,19,17,2238.78,99,43,主播小花,高原夏菜及土豆
172,2024-09-18,18:30,73,宽粉工厂专场,0,92373,9635,2917,598,50,43,5647.04,203,50,主播阿甘,定西宽粉及薯制品
173,2024-09-23,19:30,112,节庆大促,1,138162,13255,4726,1261,12,11,2090.83,400,37,主播小陇,甘肃生鲜水果
174,2024-09-24,18:30,94,助农专场,0,67034,7037,1863,624,10,9,460.4,205,49,主播小花,高原夏菜及土豆
175,2024-09-28,19:30,65,常态化带货,0,51879,5936,2300,681,11,10,2958.09,77,88,主播小胖(负责人),干货山珍
176,2024-09-29,19:00,84,助农专场,0,88769,7625,1998,456,16,15,1536.8,150,41,主播小陇,甘肃生鲜水果
177,2024-09-29,19:00,74,宽粉工厂专场,0,156777,13887,5828,1823,23,21,2116.92,422,48,主播阿甘,定西宽粉及薯制品
178,2024-10-01,20:00,80,助农专场,0,40661,3500,1104,271,26,23,2252.24,86,54,主播小陇,干货山珍
179,2024-10-01,19:00,83,宽粉工厂专场,0,68959,7213,2645,619,25,22,2899.71,121,35,主播小花,定西宽粉及薯制品
180,2024-10-02,19:00,63,常态化带货,0,16477,1550,606,158,19,17,3259.59,57,27,主播小胖(负责人),高原夏菜及土豆
181,2024-10-04,19:30,85,宽粉工厂专场,0,87290,8189,2173,332,40,35,9594.52,311,23,主播小胖(负责人),定西宽粉及薯制品
182,2024-10-05,19:30,68,常态化带货,0,20116,2326,779,218,18,16,2195.66,48,56,主播小胖(负责人),药食同源
183,2024-10-05,20:00,61,常态化带货,0,28791,2871,905,246,39,34,6859.21,55,47,主播小花,定西宽粉及薯制品
184,2024-10-06,19:30,76,宽粉工厂专场,0,28840,2500,859,292,30,26,3341.48,105,54,主播小胖(负责人),定西宽粉及薯制品
185,2024-10-07,18:30,67,常态化带货,0,40123,4768,1270,274,23,21,4577.68,132,57,主播小胖(负责人),高原夏菜及土豆
186,2024-10-08,19:00,63,宽粉工厂专场,0,75629,8412,2234,451,45,40,7065.55,108,62,主播小花,定西宽粉及薯制品
187,2024-10-08,18:30,60,常态化带货,0,65373,7071,2187,410,18,16,3078.19,106,59,主播小陇,高原夏菜及土豆
188,2024-10-10,19:30,77,宽粉工厂专场,0,147883,13913,4301,714,16,15,2088.37,518,51,主播阿甘,定西宽粉及薯制品
189,2024-10-10,19:30,88,助农专场,0,64805,6553,2280,408,29,25,2366.52,129,35,主播小胖(负责人),干货山珍
190,2024-10-10,15:30,92,助农专场,0,71790,5891,2483,503,20,18,2763.44,190,50,主播小胖(负责人),甘肃生鲜水果
191,2024-10-11,18:30,82,宽粉工厂专场,0,26744,2528,787,158,41,37,4280.45,46,40,主播小胖(负责人),定西宽粉及薯制品
192,2024-10-13,18:30,88,助农专场,0,78936,6521,2517,557,9,8,681.85,223,39,主播小胖(负责人),高原夏菜及土豆
193,2024-10-16,15:30,57,常态化带货,0,50642,5886,2287,590,37,32,9364.29,67,40,主播阿甘,甘肃生鲜水果
194,2024-10-17,18:30,66,常态化带货,0,48561,5720,1499,415,19,17,3331.54,136,26,主播小胖(负责人),干货山珍
195,2024-10-19,15:30,84,宽粉工厂专场,0,35072,3697,986,262,37,32,4281.78,61,75,主播小胖(负责人),定西宽粉及薯制品
196,2024-10-22,19:00,71,常态化带货,0,48332,5649,1682,370,16,15,1854.16,138,59,主播阿甘,甘肃生鲜水果
197,2024-10-25,19:00,69,助农专场,0,109795,8851,3303,1077,64,55,11006.35,348,57,主播小花,甘肃生鲜水果
198,2024-10-26,14:00,69,助农专场,0,52366,5863,1476,232,15,14,1140.88,199,37,主播小胖(负责人),肉禽蛋品
199,2024-10-28,18:30,74,助农专场,0,125826,13629,4316,1271,13,12,2093.72,265,37,主播小胖(负责人),干货山珍
200,2024-11-01,19:00,66,常态化带货,0,47487,4579,2006,620,19,17,3051.98,111,49,主播小胖(负责人),药食同源
201,2024-11-02,15:30,66,助农专场,0,48855,4320,1522,243,16,15,2729.52,191,60,主播小陇,甘肃生鲜水果
202,2024-11-02,18:30,57,常态化带货,0,25423,2046,803,220,71,66,10719.36,39,34,主播小胖(负责人),干货山珍
203,2024-11-03,14:00,66,助农专场,0,106173,11808,3552,621,42,39,5221.76,184,40,主播小花,高原夏菜及土豆
204,2024-11-03,18:30,86,助农专场,0,112981,12544,5012,1416,13,12,1385.61,116,24,主播小陇,甘肃生鲜水果
205,2024-11-04,20:00,62,常态化带货,0,69722,6461,2377,825,52,47,5944.69,243,35,主播阿甘,甘肃生鲜水果
206,2024-11-05,19:00,62,常态化带货,0,104553,10929,4454,744,28,25,2986.41,372,38,主播小陇,甘肃生鲜水果
207,2024-11-05,15:30,71,常态化带货,0,30288,2852,947,246,23,20,3189.98,90,57,主播小陇,高原夏菜及土豆
208,2024-11-05,20:00,74,常态化带货,0,31784,2926,939,152,40,36,6466.75,103,34,主播小胖(负责人),小杂粮粮油
209,2024-11-05,19:30,75,常态化带货,0,49468,5766,2066,436,19,18,2533.27,164,46,主播小陇,干货山珍
210,2024-11-07,14:00,83,宽粉工厂专场,0,86840,7636,2559,634,31,29,5693.43,165,28,主播小胖(负责人),定西宽粉及薯制品
211,2024-11-09,18:30,65,常态化带货,0,25202,2787,1045,214,13,12,2802.51,43,33,主播小陇,甘肃生鲜水果
212,2024-11-11,18:30,110,节庆大促,1,149818,17098,5347,1259,20,18,3914.3,358,50,主播小花,甘肃生鲜水果
213,2024-11-12,19:30,88,宽粉工厂专场,0,96243,8413,2147,696,64,58,6976.85,307,39,主播小胖(负责人),定西宽粉及薯制品
214,2024-11-12,18:30,64,常态化带货,0,40477,3400,1287,435,22,19,2855.25,110,40,主播小陇,甘肃生鲜水果
215,2024-11-13,19:30,56,常态化带货,0,71322,6359,2632,872,19,17,2824.25,72,52,主播小胖(负责人),蜂产品
216,2024-11-15,15:30,83,宽粉工厂专场,0,167503,16725,6562,2272,10,9,882.35,327,60,主播小胖(负责人),定西宽粉及薯制品
217,2024-11-16,15:30,80,助农专场,0,41604,3500,920,160,27,24,7852.53,88,58,主播小胖(负责人),干货山珍
218,2024-11-16,15:30,64,常态化带货,0,29966,2654,1033,181,35,32,7187.86,56,27,主播小胖(负责人),高原夏菜及土豆
219,2024-11-20,19:30,74,助农专场,0,97371,10033,4143,909,48,43,7438.52,268,66,主播小陇,高原夏菜及土豆
220,2024-11-20,19:00,71,常态化带货,0,45428,5220,2228,655,27,24,4143.11,80,70,主播小胖(负责人),甘肃生鲜水果
221,2024-11-22,19:00,57,常态化带货,0,28525,2513,1111,222,44,38,11569.07,41,48,主播小胖(负责人),小杂粮粮油
222,2024-11-22,18:30,74,常态化带货,0,46198,5251,2000,419,8,7,1185.98,135,39,主播阿甘,甘肃生鲜水果
223,2024-11-23,14:00,64,常态化带货,0,16448,1934,660,137,43,38,5252.72,59,60,主播阿甘,甘肃生鲜水果
224,2024-11-23,19:00,66,助农专场,0,36453,4077,1195,344,47,43,2535.04,123,68,主播小胖(负责人),高原夏菜及土豆
225,2024-11-23,18:30,70,常态化带货,0,33966,3625,1470,350,13,12,2406.0,116,46,主播小胖(负责人),甘肃生鲜水果
226,2024-11-23,19:30,67,宽粉工厂专场,0,94095,8859,2580,701,10,9,3284.02,114,41,主播阿甘,定西宽粉及薯制品
227,2024-11-23,19:30,75,常态化带货,0,26209,2176,949,307,19,17,2761.39,88,59,主播小胖(负责人),预包装速食
228,2024-11-24,19:00,68,常态化带货,0,21113,1997,729,130,20,18,3581.21,80,25,主播小胖(负责人),甘肃生鲜水果
229,2024-11-26,19:00,73,宽粉工厂专场,0,56331,6737,2679,790,68,61,12034.81,146,43,主播阿甘,定西宽粉及薯制品
230,2024-11-26,18:30,67,常态化带货,0,43666,4288,1183,352,16,14,2943.49,56,67,主播小陇,定西宽粉及薯制品
231,2024-11-28,14:00,61,助农专场,0,80113,7839,3093,744,16,15,3075.88,161,79,主播阿甘,甘肃生鲜水果
232,2024-11-29,14:00,74,宽粉工厂专场,0,85564,9814,3177,615,26,23,4850.55,267,50,主播小胖(负责人),定西宽粉及薯制品
233,2024-11-29,14:00,65,常态化带货,0,68243,6677,2561,823,13,11,2414.09,186,38,主播小陇,甘肃生鲜水果
234,2024-11-30,18:30,66,宽粉工厂专场,0,112630,10714,2910,758,25,22,5084.72,342,48,主播小胖(负责人),定西宽粉及薯制品
235,2024-11-30,14:00,56,常态化带货,0,42038,4396,1843,438,14,12,2460.48,157,58,主播小胖(负责人),香辛调料
236,2024-12-04,19:30,77,宽粉工厂专场,0,121734,11549,3047,469,13,12,1380.84,393,40,主播阿甘,定西宽粉及薯制品
237,2024-12-05,19:00,69,常态化带货,0,32786,3024,1048,308,32,30,3051.42,79,45,主播阿甘,小杂粮粮油
238,2024-12-05,19:30,90,助农专场,0,57144,6322,1627,433,50,46,12252.57,124,43,主播小胖(负责人),甘肃生鲜水果
239,2024-12-07,18:30,55,常态化带货,0,37944,3699,1382,269,38,33,6128.42,104,94,主播小胖(负责人),高原夏菜及土豆
240,2024-12-07,20:00,79,宽粉工厂专场,0,24351,2625,1155,360,15,14,3302.29,43,35,主播小花,定西宽粉及薯制品
241,2024-12-08,20:00,76,宽粉工厂专场,0,23376,2500,1096,267,12,11,3179.54,49,54,主播小胖(负责人),定西宽粉及薯制品
242,2024-12-11,18:30,75,常态化带货,0,54977,5078,1543,421,24,21,3280.74,79,36,主播小陇,高原夏菜及土豆
243,2024-12-12,18:30,75,常态化带货,0,14155,1628,708,211,20,18,4330.51,42,43,主播小胖(负责人),香辛调料
244,2024-12-13,19:00,81,宽粉工厂专场,0,106130,10892,3042,515,44,41,3951.04,330,30,主播小花,定西宽粉及薯制品
245,2024-12-14,19:30,55,常态化带货,0,39940,4787,2099,544,67,58,13992.6,154,34,主播阿甘,干货山珍
246,2024-12-15,19:00,69,常态化带货,0,71247,7874,2904,829,64,58,12318.61,239,43,主播小花,甘肃生鲜水果
247,2024-12-16,19:30,90,助农专场,0,123998,11362,4356,908,32,28,4081.79,233,48,主播阿甘,高原夏菜及土豆
248,2024-12-18,19:00,75,助农专场,0,29437,3500,1518,476,72,66,5344.84,110,43,主播小花,甘肃生鲜水果
249,2024-12-19,18:30,62,常态化带货,0,30033,3521,1093,193,24,22,2365.08,88,60,主播小胖(负责人),干货山珍
250,2024-12-20,15:30,60,常态化带货,0,50796,4568,1779,567,46,41,4161.92,164,47,主播小胖(负责人),蜂产品
251,2024-12-22,15:30,66,常态化带货,0,25904,2360,688,187,33,29,5250.08,37,68,主播小胖(负责人),药食同源
252,2024-12-23,19:00,63,常态化带货,0,45118,4677,1224,229,20,19,2689.46,77,74,主播小花,药食同源
253,2024-12-25,19:30,75,宽粉工厂专场,0,68331,7236,2578,692,7,6,1707.61,135,62,主播阿甘,定西宽粉及薯制品
254,2024-12-25,18:30,57,常态化带货,0,20141,2053,628,188,35,32,5118.29,69,35,主播小陇,香辛调料
255,2024-12-25,19:30,82,助农专场,0,147365,12935,4202,1007,17,15,2717.64,415,41,主播小胖(负责人),甘肃生鲜水果
256,2024-12-27,18:30,66,助农专场,0,42935,5048,1993,620,17,15,1195.41,153,41,主播小陇,肉禽蛋品
257,2024-12-29,19:00,82,助农专场,0,154820,15888,5861,957,47,43,3178.01,465,41,主播小花,甘肃生鲜水果
258,2024-12-30,19:30,73,宽粉工厂专场,0,122156,10841,3692,1280,25,23,5404.47,304,29,主播小胖(负责人),定西宽粉及薯制品
259,2024-12-31,15:30,80,助农专场,0,87061,10071,4514,958,30,27,3245.04,318,50,主播小胖(负责人),高原夏菜及土豆
260,2024-12-31,20:00,80,助农专场,0,133907,13197,4158,1207,16,14,2808.38,389,90,主播小花,甘肃生鲜水果
261,2025-01-01,18:30,75,常态化带货,0,88105,8199,3522,574,86,78,8527.69,222,28,主播小胖(负责人),甘肃生鲜水果
262,2025-01-02,19:00,75,常态化带货,0,78705,7050,1857,611,19,17,2080.1,115,34,主播阿甘,小杂粮粮油
263,2025-01-03,20:00,71,宽粉工厂专场,0,39085,3307,1195,332,26,23,5002.88,51,38,主播小花,定西宽粉及薯制品
264,2025-01-03,15:30,83,宽粉工厂专场,0,117283,12831,5372,1545,25,22,3262.76,420,30,主播小胖(负责人),定西宽粉及薯制品
265,2025-01-05,20:00,65,宽粉工厂专场,0,181178,14562,5397,1501,36,31,6173.84,261,44,主播小陇,定西宽粉及薯制品
266,2025-01-05,19:00,67,助农专场,0,90263,8430,2982,820,15,13,1169.97,108,66,主播小陇,干货山珍
267,2025-01-06,19:30,66,宽粉工厂专场,0,42331,3861,1254,264,32,28,5849.47,129,55,主播阿甘,定西宽粉及薯制品
268,2025-01-06,19:30,72,助农专场,0,112505,9376,3401,1001,21,19,3865.82,242,53,主播小陇,甘肃生鲜水果
269,2025-01-10,20:00,108,节庆大促,1,192365,18310,4943,1414,16,14,4084.09,617,28,主播小陇,甘肃生鲜水果
270,2025-01-10,19:30,88,节庆大促,1,83496,8380,3245,570,53,48,8750.36,170,46,主播小胖(负责人),甘肃生鲜水果
271,2025-01-10,14:00,83,节庆大促,1,300099,34489,12823,3434,14,13,2477.41,870,54,主播小花,小杂粮粮油
272,2025-01-11,19:00,62,常态化带货,0,47903,3903,1271,398,53,49,6495.97,167,32,主播小胖(负责人),干货山珍
273,2025-01-11,18:30,61,助农专场,0,39322,3500,1176,403,22,20,4569.18,47,42,主播小陇,甘肃生鲜水果
274,2025-01-11,18:30,75,常态化带货,0,53044,4399,1306,420,18,16,1814.09,179,47,主播小胖(负责人),香辛调料
275,2025-01-12,14:00,77,助农专场,0,167151,15087,5970,1428,25,23,3471.23,252,56,主播小陇,甘肃生鲜水果
276,2025-01-13,19:30,66,宽粉工厂专场,0,52713,6085,2125,517,54,49,6374.78,148,26,主播小陇,定西宽粉及薯制品
277,2025-01-17,19:00,55,常态化带货,0,41226,3410,1210,331,51,46,5043.91,125,36,主播小胖(负责人),甘肃生鲜水果
278,2025-01-17,19:00,62,助农专场,0,135316,12583,3627,933,17,16,936.1,522,29,主播小胖(负责人),高原夏菜及土豆
279,2025-01-18,19:30,72,助农专场,0,104197,8598,3400,622,16,14,1205.65,383,62,主播小胖(负责人),甘肃生鲜水果
280,2025-01-19,19:30,73,宽粉工厂专场,0,73428,8754,2245,435,52,45,6061.14,95,41,主播小陇,定西宽粉及薯制品
281,2025-01-19,19:00,55,常态化带货,0,47496,4098,1637,255,11,10,1267.01,72,77,主播阿甘,甘肃生鲜水果
282,2025-01-19,18:30,72,常态化带货,0,27904,3127,861,150,23,21,3177.25,77,48,主播小胖(负责人),甘肃生鲜水果
283,2025-01-21,19:30,71,常态化带货,0,35316,3661,1522,359,19,17,3089.14,48,57,主播小陇,甘肃生鲜水果
284,2025-01-21,19:30,58,常态化带货,0,43595,4832,2119,557,16,14,1354.36,85,58,主播小胖(负责人),香辛调料
285,2025-01-21,19:00,79,助农专场,0,41828,4704,1975,648,22,19,3494.13,154,46,主播小胖(负责人),干货山珍
286,2025-01-22,19:00,89,宽粉工厂专场,0,114541,10655,3648,1172,27,24,3836.0,412,45,主播阿甘,定西宽粉及薯制品
287,2025-01-22,15:30,90,助农专场,0,33548,3500,999,287,9,8,1396.86,43,41,主播阿甘,干货山珍
288,2025-01-23,15:30,64,宽粉工厂专场,0,45437,4697,1366,311,16,15,3714.11,69,24,主播小花,定西宽粉及薯制品
289,2025-01-23,19:00,68,宽粉工厂专场,0,47624,4623,1251,204,29,26,4482.6,92,48,主播小花,定西宽粉及薯制品
290,2025-01-26,19:00,76,宽粉工厂专场,0,52839,6146,1774,393,28,26,3536.4,162,49,主播小陇,定西宽粉及薯制品
291,2025-01-27,15:30,62,助农专场,0,57739,4656,1547,436,32,29,6110.34,166,39,主播小胖(负责人),甘肃生鲜水果
292,2025-01-29,19:30,65,宽粉工厂专场,0,90553,8888,3427,843,38,33,6640.32,353,25,主播小陇,定西宽粉及薯制品
293,2025-01-30,19:00,88,宽粉工厂专场,0,27117,2500,1048,315,22,20,2548.61,84,52,主播小胖(负责人),定西宽粉及薯制品
294,2025-01-31,19:00,76,宽粉工厂专场,0,85767,8526,2530,517,21,18,2433.69,133,36,主播阿甘,定西宽粉及薯制品
295,2025-01-31,19:00,75,宽粉工厂专场,0,35321,4045,1677,370,31,29,4123.46,116,49,主播小花,定西宽粉及薯制品
296,2025-01-31,19:00,67,常态化带货,0,89263,7280,1934,476,14,13,2055.17,251,42,主播小胖(负责人),小杂粮粮油
297,2025-01-31,19:00,80,助农专场,0,45024,4805,1562,276,30,27,7695.13,121,92,主播阿甘,甘肃生鲜水果
298,2025-02-01,19:30,67,常态化带货,0,33280,3400,1085,276,31,28,10840.36,91,37,主播小胖(负责人),甘肃生鲜水果
299,2025-02-03,19:00,91,助农专场,0,115260,10020,3126,993,45,41,3693.67,312,48,主播小胖(负责人),甘肃生鲜水果
300,2025-02-03,19:00,67,宽粉工厂专场,0,88109,9540,3278,831,7,6,1447.03,250,47,主播小胖(负责人),定西宽粉及薯制品
301,2025-02-04,15:30,85,助农专场,0,39785,3500,1520,468,16,15,2621.06,128,36,主播小陇,高原夏菜及土豆
302,2025-02-06,19:00,91,助农专场,0,91745,10552,2697,826,30,28,5905.14,266,30,主播小花,干货山珍
303,2025-02-07,19:30,89,宽粉工厂专场,0,66212,7000,2599,530,30,28,3169.59,114,45,主播小胖(负责人),定西宽粉及薯制品
304,2025-02-08,18:30,88,宽粉工厂专场,0,41018,4418,1580,348,25,22,2767.99,61,36,主播小陇,定西宽粉及薯制品
305,2025-02-09,15:30,57,常态化带货,0,56043,5794,1790,494,24,22,6556.82,192,53,主播小花,甘肃生鲜水果
306,2025-02-09,19:30,58,常态化带货,0,55996,4597,1163,203,44,38,4430.46,167,57,主播小陇,药食同源
307,2025-02-10,19:30,64,常态化带货,0,95562,8293,3723,1013,65,59,10568.06,98,86,主播阿甘,干货山珍
308,2025-02-10,15:30,79,助农专场,0,83911,7103,2274,497,37,33,4072.44,152,39,主播小胖(负责人),甘肃生鲜水果
309,2025-02-11,19:30,68,常态化带货,0,56414,5461,2408,402,20,18,2880.77,202,28,主播阿甘,小杂粮粮油
310,2025-02-13,18:30,77,宽粉工厂专场,0,104851,11643,4292,730,23,20,3039.2,122,43,主播小胖(负责人),定西宽粉及薯制品
311,2025-02-16,19:30,83,宽粉工厂专场,0,50997,4313,1390,232,35,32,3636.02,189,33,主播小胖(负责人),定西宽粉及薯制品
312,2025-02-17,20:00,58,常态化带货,0,20845,2375,997,262,21,19,1741.02,47,40,主播小胖(负责人),高原夏菜及土豆
313,2025-02-20,19:00,68,助农专场,0,67619,5889,1975,494,54,47,8345.44,229,45,主播小花,干货山珍
314,2025-02-21,18:30,66,常态化带货,0,56849,5473,1670,379,19,17,3182.07,111,39,主播小胖(负责人),甘肃生鲜水果
315,2025-02-22,15:30,64,宽粉工厂专场,0,39666,3626,1091,180,21,19,3935.08,149,36,主播小陇,定西宽粉及薯制品
316,2025-02-25,18:30,74,常态化带货,0,27526,3141,1152,256,20,18,5912.75,77,57,主播小陇,定西宽粉及薯制品
317,2025-02-27,19:00,79,助农专场,0,106502,9241,2542,443,16,15,2215.66,287,46,主播小胖(负责人),干货山珍
318,2025-03-02,19:00,75,宽粉工厂专场,0,72980,6977,1981,562,29,26,3735.53,107,32,主播小花,定西宽粉及薯制品
319,2025-03-03,15:30,78,助农专场,0,138814,14770,6131,1722,20,18,1859.15,253,56,主播小胖(负责人),甘肃生鲜水果
320,2025-03-05,14:00,74,宽粉工厂专场,0,115202,9321,3870,1295,25,23,2518.59,352,22,主播小胖(负责人),定西宽粉及薯制品
321,2025-03-07,18:30,79,助农专场,0,94037,10680,3178,1102,14,12,1899.25,350,57,主播小胖(负责人),高原夏菜及土豆
322,2025-03-09,18:30,76,宽粉工厂专场,0,114515,12379,4094,695,22,20,3836.68,224,50,主播小胖(负责人),定西宽粉及薯制品
323,2025-03-11,19:00,92,助农专场,0,41171,3826,1274,397,20,18,3339.53,128,71,主播阿甘,甘肃生鲜水果
324,2025-03-11,19:30,94,助农专场,0,42516,3852,1466,342,17,15,2533.69,49,37,主播小胖(负责人),干货山珍
325,2025-03-13,20:00,58,常态化带货,0,26074,2776,879,158,31,28,4718.86,29,36,主播小胖(负责人),小杂粮粮油
326,2025-03-14,19:30,82,助农专场,0,37320,3500,1477,507,20,18,2216.24,95,36,主播小陇,甘肃生鲜水果
327,2025-03-14,19:00,75,常态化带货,0,52354,4967,2133,699,15,13,1809.11,113,37,主播小胖(负责人),甘肃生鲜水果
328,2025-03-15,14:00,62,常态化带货,0,47669,4244,1808,499,14,12,1222.89,122,47,主播小陇,蜂产品
329,2025-03-15,19:00,73,常态化带货,0,35363,3286,928,243,15,14,3522.01,123,41,主播小花,定西宽粉及薯制品
330,2025-03-16,15:30,76,宽粉工厂专场,0,24826,2500,1039,180,11,10,1716.82,74,41,主播小胖(负责人),定西宽粉及薯制品
331,2025-03-18,18:30,60,宽粉工厂专场,0,48172,5188,1848,526,22,19,2654.34,178,40,主播小胖(负责人),定西宽粉及薯制品
332,2025-03-18,14:00,82,助农专场,0,164595,19312,7204,2508,8,7,1680.83,502,53,主播小陇,高原夏菜及土豆
333,2025-03-21,19:00,62,宽粉工厂专场,0,67762,6032,1666,344,46,42,5618.53,231,52,主播小花,定西宽粉及薯制品
334,2025-03-21,19:00,67,宽粉工厂专场,0,30523,2642,1072,341,38,34,6654.2,62,57,主播小胖(负责人),定西宽粉及薯制品
335,2025-03-21,19:00,62,常态化带货,0,35273,3561,1470,388,34,30,8265.57,119,36,主播小陇,香辛调料
336,2025-03-23,19:00,58,常态化带货,0,20371,1917,743,115,31,29,4329.3,75,39,主播小陇,药食同源
337,2025-03-23,19:00,61,常态化带货,0,56619,5884,1781,560,18,16,1981.12,106,23,主播小陇,高原夏菜及土豆
338,2025-03-23,18:30,82,助农专场,0,90151,7746,2178,724,24,21,4781.26,120,63,主播小胖(负责人),肉禽蛋品
339,2025-03-25,14:00,87,助农专场,0,62598,7172,2231,453,32,28,3320.33,189,36,主播小胖(负责人),甘肃生鲜水果
340,2025-03-28,19:30,69,常态化带货,0,31406,3545,1284,258,26,23,3097.59,56,50,主播小陇,小杂粮粮油
341,2025-03-28,14:00,84,宽粉工厂专场,0,60311,5727,2091,448,37,33,4103.2,156,39,主播小胖(负责人),定西宽粉及薯制品
342,2025-03-31,19:30,90,助农专场,0,95118,10099,4370,1224,34,31,4794.98,312,59,主播小陇,甘肃生鲜水果
343,2025-04-01,14:00,63,助农专场,0,185365,16645,4305,1441,30,26,1966.22,567,41,主播小胖(负责人),高原夏菜及土豆
344,2025-04-01,19:00,65,常态化带货,0,45628,4659,1570,246,14,12,1604.94,115,30,主播小花,小杂粮粮油
345,2025-04-01,19:00,70,常态化带货,0,36349,3566,1083,174,28,25,5861.43,113,34,主播小陇,甘肃生鲜水果
346,2025-04-01,20:00,56,常态化带货,0,21433,2415,668,174,15,14,2078.83,39,37,主播小胖(负责人),定西宽粉及薯制品
347,2025-04-04,15:30,76,助农专场,0,84872,8752,2240,350,26,24,4490.03,257,42,主播小陇,高原夏菜及土豆
348,2025-04-04,15:30,65,助农专场,0,109559,9658,3994,852,8,7,1543.56,127,36,主播小陇,高原夏菜及土豆
349,2025-04-05,14:00,60,常态化带货,0,32515,2940,1050,345,25,22,3294.9,90,39,主播小胖(负责人),蜂产品
350,2025-04-06,18:30,71,助农专场,0,67188,7999,3035,497,35,30,5045.73,182,29,主播小胖(负责人),肉禽蛋品
351,2025-04-06,14:00,79,宽粉工厂专场,0,44385,4973,1982,490,23,20,1801.5,123,76,主播阿甘,定西宽粉及薯制品
352,2025-04-07,18:30,70,常态化带货,0,86940,9573,3932,1049,31,27,4240.77,150,56,主播小花,甘肃生鲜水果
353,2025-04-08,19:30,81,助农专场,0,114555,13379,5828,1559,17,15,4066.92,438,24,主播小胖(负责人),甘肃生鲜水果
354,2025-04-09,19:30,66,助农专场,0,34562,3500,1033,169,50,44,15850.9,118,61,主播小胖(负责人),高原夏菜及土豆
355,2025-04-09,15:30,90,助农专场,0,64851,7313,2770,884,12,11,2302.38,127,16,主播小胖(负责人),高原夏菜及土豆
356,2025-04-10,18:30,70,助农专场,0,123232,12035,3970,678,51,44,7795.1,324,65,主播阿甘,甘肃生鲜水果
357,2025-04-13,19:00,85,助农专场,0,112295,9241,3702,980,26,24,6009.28,356,109,主播小胖(负责人),甘肃生鲜水果
358,2025-04-14,18:30,81,宽粉工厂专场,0,77943,7573,2581,708,36,32,2499.12,210,25,主播小花,定西宽粉及薯制品
359,2025-04-14,19:00,91,助农专场,0,119796,11004,3010,615,31,27,2633.45,395,42,主播小胖(负责人),甘肃生鲜水果
360,2025-04-14,19:30,72,宽粉工厂专场,0,59313,6801,1942,471,19,17,1889.04,99,55,主播小花,定西宽粉及薯制品
361,2025-04-17,15:30,62,常态化带货,0,39286,4616,1166,200,35,31,5358.87,154,62,主播小胖(负责人),小杂粮粮油
362,2025-04-20,18:30,64,宽粉工厂专场,0,29585,2500,929,200,18,16,2288.23,63,28,主播小陇,定西宽粉及薯制品
363,2025-04-20,18:30,55,常态化带货,0,77344,7031,2289,511,72,66,3964.65,134,42,主播阿甘,甘肃生鲜水果
364,2025-04-21,14:00,58,常态化带货,0,51304,6080,1685,490,44,40,4218.39,187,41,主播阿甘,甘肃生鲜水果
365,2025-04-24,18:30,57,常态化带货,0,16638,1681,710,150,51,44,9476.46,44,51,主播阿甘,甘肃生鲜水果
366,2025-04-26,19:30,77,宽粉工厂专场,0,69185,6190,2297,394,36,33,7561.93,192,38,主播小胖(负责人),定西宽粉及薯制品
367,2025-04-28,15:30,60,助农专场,0,145414,16194,6499,1426,18,16,2483.8,408,51,主播阿甘,干货山珍
368,2025-04-29,18:30,71,助农专场,0,29312,3500,1206,300,25,23,3302.03,106,33,主播小胖(负责人),肉禽蛋品
369,2025-05-01,19:00,62,常态化带货,0,27814,3310,995,301,21,19,3789.21,70,41,主播小陇,药食同源
370,2025-05-01,20:00,67,常态化带货,0,51836,5126,1920,299,43,40,8174.23,134,35,主播小胖(负责人),小杂粮粮油
371,2025-05-02,19:00,89,宽粉工厂专场,0,80258,8174,2148,686,36,32,3579.06,284,43,主播阿甘,定西宽粉及薯制品
372,2025-05-02,20:00,74,常态化带货,0,55942,5259,2325,731,34,30,3931.59,205,60,主播小陇,高原夏菜及土豆
373,2025-05-04,19:00,58,常态化带货,0,25538,2587,661,195,24,21,4368.77,75,35,主播小陇,甘肃生鲜水果
374,2025-05-04,15:30,68,常态化带货,0,82270,7036,2050,456,17,15,1632.52,259,72,主播小陇,小杂粮粮油
375,2025-05-05,19:00,94,助农专场,0,48591,5467,2104,404,26,24,4041.02,151,40,主播小胖(负责人),甘肃生鲜水果
376,2025-05-05,15:30,61,助农专场,0,53316,5499,2414,595,25,22,2154.99,85,49,主播小胖(负责人),肉禽蛋品
377,2025-05-05,15:30,59,常态化带货,0,40770,3862,972,252,15,14,1303.09,43,41,主播小花,定西宽粉及薯制品
378,2025-05-06,19:30,81,宽粉工厂专场,0,65175,6653,2356,472,88,77,7112.43,166,21,主播小陇,定西宽粉及薯制品
379,2025-05-07,19:00,60,常态化带货,0,13750,1500,422,135,17,15,1827.6,34,82,主播小花,甘肃生鲜水果
380,2025-05-10,19:00,60,宽粉工厂专场,0,66874,7786,3110,983,20,18,2876.68,92,25,主播小陇,定西宽粉及薯制品
381,2025-05-11,19:00,80,助农专场,0,105032,8636,3631,929,31,28,2644.43,184,30,主播小花,肉禽蛋品
382,2025-05-12,19:00,62,常态化带货,0,26690,2179,567,146,41,38,4899.7,45,34,主播小胖(负责人),香辛调料
383,2025-05-13,14:00,61,常态化带货,0,60509,7096,1940,301,23,21,3205.01,134,29,主播小胖(负责人),蜂产品
384,2025-05-13,20:00,62,常态化带货,0,55987,5286,1325,279,56,49,7534.84,182,47,主播小胖(负责人),香辛调料
385,2025-05-14,20:00,67,宽粉工厂专场,0,64542,7596,2654,533,18,17,2071.58,127,33,主播小胖(负责人),定西宽粉及薯制品
386,2025-05-16,15:30,59,常态化带货,0,41975,4888,1506,485,10,9,1246.84,160,50,主播小胖(负责人),定西宽粉及薯制品
387,2025-05-17,20:00,64,常态化带货,0,50897,5350,1796,592,13,12,1272.69,174,105,主播小陇,定西宽粉及薯制品
388,2025-05-18,15:30,68,常态化带货,0,39476,3829,1428,313,37,33,2266.01,127,63,主播小陇,小杂粮粮油
389,2025-05-22,19:30,63,常态化带货,0,30053,2967,1209,366,17,15,3362.21,103,61,主播小胖(负责人),高原夏菜及土豆
390,2025-05-22,19:30,77,宽粉工厂专场,0,69950,7442,2249,598,37,32,10162.3,248,25,主播小胖(负责人),定西宽粉及薯制品
391,2025-05-23,19:00,67,常态化带货,0,24510,2406,1046,328,46,40,6035.35,72,45,主播阿甘,高原夏菜及土豆
392,2025-05-23,18:30,62,常态化带货,0,22298,2445,923,154,38,35,4592.25,51,38,主播小陇,肉禽蛋品
393,2025-05-24,19:00,64,宽粉工厂专场,0,44650,3945,1105,217,26,23,2453.94,48,52,主播小胖(负责人),定西宽粉及薯制品
394,2025-05-26,15:30,55,常态化带货,0,28195,2524,653,117,20,18,3214.29,31,41,主播阿甘,定西宽粉及薯制品
395,2025-05-27,19:30,60,宽粉工厂专场,0,87036,8629,3036,926,20,18,2137.52,285,54,主播小胖(负责人),定西宽粉及薯制品
396,2025-05-30,20:00,90,助农专场,0,64638,7468,2299,558,76,67,7559.0,134,32,主播小胖(负责人),干货山珍
397,2025-05-30,19:00,76,宽粉工厂专场,0,38910,3679,1581,433,57,51,7651.39,67,71,主播阿甘,定西宽粉及薯制品
398,2025-06-01,19:00,55,常态化带货,0,59477,6117,2715,822,21,19,2225.89,153,40,主播小胖(负责人),甘肃生鲜水果
399,2025-06-01,14:00,72,常态化带货,0,60436,5121,2178,552,21,19,3148.46,139,44,主播小花,定西宽粉及薯制品
400,2025-06-03,20:00,76,助农专场,0,141080,11801,3831,1321,31,28,5305.46,323,37,主播小胖(负责人),甘肃生鲜水果
401,2025-06-04,18:30,72,常态化带货,0,28929,3433,979,178,11,10,1455.71,44,46,主播小胖(负责人),小杂粮粮油
402,2025-06-04,18:30,71,常态化带货,0,27360,2730,1218,358,48,43,5446.81,74,34,主播小胖(负责人),蜂产品
403,2025-06-04,19:00,83,助农专场,0,119963,13324,3782,1184,30,27,3944.53,266,23,主播小陇,甘肃生鲜水果
404,2025-06-05,20:00,71,宽粉工厂专场,0,77315,9093,3874,954,9,8,859.94,246,64,主播小胖(负责人),定西宽粉及薯制品
405,2025-06-10,20:00,58,常态化带货,0,66767,6782,2981,910,48,43,4935.58,169,40,主播阿甘,高原夏菜及土豆
406,2025-06-10,19:30,86,宽粉工厂专场,0,52672,5905,2589,863,19,17,2913.62,152,51,主播阿甘,定西宽粉及薯制品
407,2025-06-10,19:30,65,宽粉工厂专场,0,57009,6219,1972,437,19,17,4676.05,194,45,主播小胖(负责人),定西宽粉及薯制品
408,2025-06-11,18:30,71,宽粉工厂专场,0,45985,4666,1786,390,50,45,5836.47,165,26,主播小胖(负责人),定西宽粉及薯制品
409,2025-06-11,19:30,78,宽粉工厂专场,0,91018,8482,3562,662,14,12,2038.86,175,40,主播小陇,定西宽粉及薯制品
410,2025-06-12,20:00,62,常态化带货,0,51620,5991,1566,445,15,14,2404.66,149,48,主播小陇,小杂粮粮油
411,2025-06-12,20:00,62,助农专场,0,114711,10973,3674,1028,23,20,2585.5,417,31,主播小胖(负责人),高原夏菜及土豆
412,2025-06-13,15:30,57,常态化带货,0,133283,12000,3961,909,33,29,1818.23,134,64,主播小花,高原夏菜及土豆
413,2025-06-14,18:30,65,助农专场,0,64534,7605,1945,300,12,11,1746.17,84,32,主播小胖(负责人),肉禽蛋品
414,2025-06-14,19:30,85,宽粉工厂专场,0,95135,9480,3000,876,16,14,1962.81,288,50,主播小陇,定西宽粉及薯制品
415,2025-06-14,18:30,68,助农专场,0,93715,9683,3437,1133,70,63,7843.97,289,32,主播小胖(负责人),肉禽蛋品
416,2025-06-18,15:30,109,节庆大促,1,160864,14687,5705,961,30,27,4845.49,500,60,主播小胖(负责人),干货山珍
417,2025-06-19,19:00,55,常态化带货,0,30759,3350,1130,295,15,14,2522.41,65,44,主播小花,礼盒组合
418,2025-06-19,19:30,67,助农专场,0,185454,16391,6724,2146,22,19,4047.82,529,32,主播阿甘,高原夏菜及土豆
419,2025-06-20,19:00,60,宽粉工厂专场,0,102853,10364,4539,1533,9,8,2696.51,326,23,主播小胖(负责人),定西宽粉及薯制品
420,2025-06-22,19:30,82,宽粉工厂专场,0,75315,7909,3335,1058,24,21,2256.32,84,28,主播阿甘,定西宽粉及薯制品
421,2025-06-22,14:00,62,宽粉工厂专场,0,67854,7495,2409,412,27,24,2582.7,113,54,主播阿甘,定西宽粉及薯制品
422,2025-06-23,19:30,72,常态化带货,0,30971,3033,840,291,28,25,2976.04,119,28,主播小胖(负责人),甘肃生鲜水果
423,2025-06-24,19:00,75,常态化带货,0,26523,2866,982,191,26,23,3155.18,38,39,主播小陇,小杂粮粮油
424,2025-06-24,19:00,56,常态化带货,0,42481,4241,1572,341,16,15,3290.48,134,22,主播小胖(负责人),干货山珍
425,2025-06-25,15:30,88,助农专场,0,30727,3500,1253,339,24,21,1464.8,59,30,主播小胖(负责人),高原夏菜及土豆
426,2025-06-25,18:30,74,宽粉工厂专场,0,79158,7287,2230,580,61,55,13412.35,253,40,主播小胖(负责人),定西宽粉及薯制品
427,2025-06-26,14:00,76,助农专场,0,39889,3500,1135,272,25,22,3928.99,141,55,主播阿甘,甘肃生鲜水果
428,2025-06-27,18:30,74,宽粉工厂专场,0,103969,8588,2315,446,36,32,7981.91,320,32,主播阿甘,定西宽粉及薯制品
429,2025-06-27,19:00,58,常态化带货,0,15396,1828,772,152,25,22,4579.68,46,46,主播小花,干货山珍
430,2025-06-27,18:30,62,常态化带货,0,45230,4096,1553,371,28,26,2582.32,60,70,主播小花,药食同源
431,2025-06-27,20:00,81,助农专场,0,200363,21778,9616,2278,10,9,1055.86,533,33,主播小胖(负责人),高原夏菜及土豆
432,2025-07-02,19:00,65,常态化带货,0,72265,6182,1956,535,33,31,5074.18,102,48,主播小花,定西宽粉及薯制品
433,2025-07-02,18:30,68,常态化带货,0,12756,1500,416,63,19,17,2700.52,36,46,主播小陇,礼盒组合
434,2025-07-04,19:00,76,助农专场,0,85360,8373,2193,764,51,46,11647.81,267,58,主播阿甘,高原夏菜及土豆
435,2025-07-07,19:30,84,助农专场,0,53629,5077,1766,407,17,15,2534.04,189,32,主播小胖(负责人),甘肃生鲜水果
436,2025-07-07,15:30,86,助农专场,0,92657,7509,2319,525,18,16,1622.91,216,36,主播小胖(负责人),甘肃生鲜水果
437,2025-07-08,20:00,66,常态化带货,0,45090,4462,1946,426,21,19,2141.59,125,27,主播小胖(负责人),甘肃生鲜水果
438,2025-07-09,15:30,70,常态化带货,0,71981,6142,1683,354,29,26,3284.2,259,63,主播小花,甘肃生鲜水果
439,2025-07-09,20:00,73,常态化带货,0,49230,4806,1823,302,75,66,7532.06,140,34,主播小花,高原夏菜及土豆
440,2025-07-10,14:00,70,宽粉工厂专场,0,30840,2959,909,307,30,27,4618.41,73,26,主播小胖(负责人),定西宽粉及薯制品
441,2025-07-11,18:30,60,常态化带货,0,17998,1783,733,173,23,21,2643.91,26,44,主播小花,甘肃生鲜水果
442,2025-07-12,19:00,57,常态化带货,0,39814,4405,1951,347,29,26,4705.8,71,40,主播小胖(负责人),甘肃生鲜水果
443,2025-07-14,18:30,63,宽粉工厂专场,0,79530,6872,3014,677,15,13,2510.62,132,56,主播小陇,定西宽粉及薯制品
444,2025-07-15,19:30,65,助农专场,0,85367,8489,2150,559,59,54,8847.6,252,51,主播小胖(负责人),甘肃生鲜水果
445,2025-07-17,19:00,72,常态化带货,0,31669,3386,1478,392,16,14,3381.81,114,39,主播小胖(负责人),甘肃生鲜水果
446,2025-07-18,19:00,69,宽粉工厂专场,0,37478,4293,1326,286,14,12,2432.43,46,55,主播阿甘,定西宽粉及薯制品
447,2025-07-18,19:00,57,常态化带货,0,31111,2933,1090,319,20,18,2930.14,37,40,主播小胖(负责人),高原夏菜及土豆
448,2025-07-18,18:30,73,常态化带货,0,31015,3302,879,157,33,29,4588.31,90,51,主播小胖(负责人),高原夏菜及土豆
449,2025-07-20,20:00,64,常态化带货,0,57726,6258,2164,397,19,18,3384.33,155,34,主播小胖(负责人),小杂粮粮油
450,2025-07-20,19:00,65,常态化带货,0,60867,7197,2374,538,30,27,4807.93,127,41,主播小陇,小杂粮粮油
451,2025-07-21,20:00,69,助农专场,0,75340,8480,3446,1088,27,25,4089.74,225,50,主播小陇,干货山珍
452,2025-07-22,19:00,60,常态化带货,0,19667,1723,563,100,15,14,1974.38,48,57,主播小花,小杂粮粮油
453,2025-07-24,15:30,64,常态化带货,0,54711,4569,1641,312,42,37,6459.74,201,35,主播小胖(负责人),甘肃生鲜水果
454,2025-07-25,20:00,69,常态化带货,0,24503,2113,617,184,52,46,6278.23,48,56,主播小陇,小杂粮粮油
455,2025-07-27,18:30,64,宽粉工厂专场,0,161590,17406,7576,1777,32,29,3839.78,282,56,主播小花,定西宽粉及薯制品
456,2025-07-30,18:30,65,常态化带货,0,76267,6429,1928,623,9,8,2462.01,196,43,主播小胖(负责人),甘肃生鲜水果
457,2025-07-31,19:30,69,常态化带货,0,43721,4694,1672,583,36,31,2937.61,137,58,主播小胖(负责人),高原夏菜及土豆
458,2025-08-02,18:30,73,常态化带货,0,53265,4388,1401,218,23,20,3733.78,131,43,主播小胖(负责人),高原夏菜及土豆
459,2025-08-02,14:00,80,宽粉工厂专场,0,21938,2500,758,181,62,55,8413.2,27,46,主播阿甘,定西宽粉及薯制品
460,2025-08-04,19:00,64,助农专场,0,43491,4661,1817,589,36,32,3602.92,135,54,主播小陇,甘肃生鲜水果
461,2025-08-05,19:30,61,宽粉工厂专场,0,81641,6600,1666,485,15,13,1581.83,112,89,主播阿甘,定西宽粉及薯制品
462,2025-08-05,19:30,58,常态化带货,0,67223,6982,2691,792,31,28,7313.89,188,25,主播小陇,甘肃生鲜水果
463,2025-08-05,18:30,71,助农专场,0,109652,11727,4556,1374,30,27,7209.37,193,48,主播小陇,甘肃生鲜水果
464,2025-08-06,18:30,73,助农专场,0,176764,14222,5960,1878,28,25,4403.75,500,33,主播小陇,干货山珍
465,2025-08-06,19:30,80,宽粉工厂专场,0,118327,11631,3573,1104,33,30,3700.29,308,45,主播小胖(负责人),定西宽粉及薯制品
466,2025-08-07,19:30,65,常态化带货,0,54093,5583,1736,308,36,33,5225.75,188,32,主播小陇,甘肃生鲜水果
467,2025-08-07,19:30,68,常态化带货,0,23324,2628,1004,216,20,18,3167.53,65,46,主播小陇,甘肃生鲜水果
468,2025-08-07,18:30,88,助农专场,0,103936,9018,2846,892,27,25,2241.11,320,33,主播小花,甘肃生鲜水果
469,2025-08-07,19:00,85,助农专场,0,66051,6849,1719,575,22,19,2388.79,87,59,主播小陇,肉禽蛋品
470,2025-08-08,19:00,71,常态化带货,0,42271,3601,1420,449,16,14,1870.64,130,58,主播小胖(负责人),定西宽粉及薯制品
471,2025-08-12,20:00,94,助农专场,0,122435,12388,3141,873,27,24,3463.78,404,45,主播小花,高原夏菜及土豆
472,2025-08-12,19:30,62,常态化带货,0,53551,4475,1208,249,26,23,2623.63,130,43,主播小陇,高原夏菜及土豆
473,2025-08-13,18:30,69,常态化带货,0,38270,3956,1344,356,40,36,6821.65,61,43,主播小胖(负责人),药食同源
474,2025-08-14,19:30,56,常态化带货,0,34302,4039,1552,431,23,20,4157.62,49,38,主播小陇,干货山珍
475,2025-08-15,19:00,86,助农专场,0,129387,12993,3822,695,23,20,4400.53,388,64,主播小胖(负责人),高原夏菜及土豆
476,2025-08-16,19:00,72,常态化带货,0,65575,5568,1884,578,33,29,4883.43,156,49,主播小胖(负责人),甘肃生鲜水果
477,2025-08-17,19:30,72,助农专场,0,48984,4763,1972,598,14,12,2533.92,191,37,主播小陇,甘肃生鲜水果
478,2025-08-17,19:30,85,助农专场,0,39957,3500,1047,306,16,14,3786.8,137,42,主播小胖(负责人),干货山珍
479,2025-08-18,19:00,69,常态化带货,0,25924,2413,906,234,28,25,7362.65,32,43,主播阿甘,肉禽蛋品
480,2025-08-20,18:30,91,助农专场,0,67183,7077,2556,753,28,26,4715.71,189,35,主播小胖(负责人),甘肃生鲜水果
481,2025-08-21,18:30,60,常态化带货,0,20069,2181,924,306,50,45,9620.78,40,82,主播小胖(负责人),蜂产品
482,2025-08-21,19:00,82,宽粉工厂专场,0,87946,7941,3485,758,52,46,5769.14,175,31,主播小胖(负责人),定西宽粉及薯制品
483,2025-08-23,19:30,63,常态化带货,0,48967,4637,1426,263,22,20,2807.08,119,67,主播小陇,药食同源
484,2025-08-24,19:00,63,助农专场,0,66452,5567,1445,315,17,15,1668.13,224,32,主播小胖(负责人),高原夏菜及土豆
485,2025-08-24,19:00,91,助农专场,0,79508,7668,3200,859,42,38,7457.39,224,46,主播小陇,甘肃生鲜水果
486,2025-08-25,19:00,75,常态化带货,0,34368,3872,1239,221,32,29,6259.87,59,46,主播小胖(负责人),甘肃生鲜水果
487,2025-08-28,18:30,77,宽粉工厂专场,0,42184,4068,1455,265,16,14,2501.51,75,75,主播小陇,定西宽粉及薯制品
488,2025-08-29,19:00,68,助农专场,0,47908,4750,1987,638,35,32,3643.52,116,22,主播小花,甘肃生鲜水果
489,2025-09-01,20:00,79,宽粉工厂专场,0,79918,9189,3005,838,28,25,5259.32,149,43,主播小胖(负责人),定西宽粉及薯制品
490,2025-09-02,18:30,85,助农专场,0,130850,10850,4642,791,37,32,2997.56,358,51,主播小胖(负责人),甘肃生鲜水果
491,2025-09-03,19:30,59,常态化带货,0,63192,5693,2286,520,11,10,1507.1,157,39,主播阿甘,香辛调料
492,2025-09-04,18:30,73,助农专场,0,140993,14372,4430,1036,32,29,3183.35,494,47,主播小胖(负责人),甘肃生鲜水果
493,2025-09-05,14:00,71,常态化带货,0,52695,6136,1810,603,15,13,1698.92,94,49,主播小陇,香辛调料
494,2025-09-05,18:30,65,常态化带货,0,23223,2028,757,159,17,16,3435.72,81,29,主播小陇,甘肃生鲜水果
495,2025-09-06,19:30,85,助农专场,0,202622,19620,8604,1970,23,21,3292.01,460,45,主播小陇,甘肃生鲜水果
496,2025-09-07,18:30,71,宽粉工厂专场,0,83859,8348,3322,910,58,50,13590.76,333,48,主播小胖(负责人),定西宽粉及薯制品
497,2025-09-07,19:00,92,助农专场,0,50930,4739,2131,452,26,24,5610.26,148,40,主播阿甘,高原夏菜及土豆
498,2025-09-09,15:30,58,常态化带货,0,17234,2032,804,135,55,50,11407.38,56,46,主播小陇,干货山珍
499,2025-09-11,15:30,74,宽粉工厂专场,0,145703,13839,3751,959,35,31,4298.84,329,53,主播小陇,定西宽粉及薯制品
500,2025-09-12,15:30,80,宽粉工厂专场,0,62985,6282,2021,426,25,22,2418.69,95,36,主播阿甘,定西宽粉及薯制品
501,2025-09-12,19:00,90,助农专场,0,163478,13816,6046,1724,28,24,3342.05,578,40,主播小花,高原夏菜及土豆
502,2025-09-13,19:00,65,常态化带货,0,48940,4176,1610,550,12,11,922.58,145,29,主播小胖(负责人),定西宽粉及薯制品
503,2025-09-15,18:30,56,常态化带货,0,13720,1642,683,151,53,47,5898.16,46,56,主播小胖(负责人),定西宽粉及薯制品
504,2025-09-15,19:00,59,常态化带货,0,27748,2564,747,253,39,36,11734.48,40,21,主播小陇,甘肃生鲜水果
505,2025-09-16,19:30,87,宽粉工厂专场,0,88297,8809,3862,665,30,26,4223.17,333,27,主播阿甘,定西宽粉及薯制品
506,2025-09-17,15:30,75,宽粉工厂专场,0,31712,3213,1196,186,24,22,2418.05,99,37,主播小胖(负责人),定西宽粉及薯制品
507,2025-09-17,19:00,56,常态化带货,0,28760,2499,640,204,35,30,7327.26,56,47,主播小胖(负责人),小杂粮粮油
508,2025-09-19,18:30,70,常态化带货,0,41190,3719,1546,375,45,40,6496.23,109,52,主播阿甘,甘肃生鲜水果
509,2025-09-20,19:00,87,节庆大促,1,156297,15389,5038,1602,27,25,9448.21,223,35,主播小陇,定西宽粉及薯制品
510,2025-09-20,19:00,118,节庆大促,1,128230,12483,3163,1060,9,8,1131.52,396,44,主播小胖(负责人),香辛调料
511,2025-09-22,19:30,86,宽粉工厂专场,0,104308,9872,4260,1355,38,34,9379.24,203,21,主播小胖(负责人),定西宽粉及薯制品
512,2025-09-23,20:00,86,宽粉工厂专场,0,86405,8608,2773,691,32,29,3217.72,316,33,主播小胖(负责人),定西宽粉及薯制品
513,2025-09-27,19:30,67,常态化带货,0,20994,1920,507,121,20,18,3217.76,38,38,主播阿甘,定西宽粉及薯制品
514,2025-09-28,19:00,66,宽粉工厂专场,0,41546,4953,1976,521,24,21,4265.92,144,50,主播小胖(负责人),定西宽粉及薯制品
515,2025-09-29,15:30,61,常态化带货,0,27399,3175,1113,311,18,16,2345.95,88,33,主播阿甘,甘肃生鲜水果
516,2025-09-30,19:30,69,常态化带货,0,107483,9164,3162,547,32,29,3558.78,403,41,主播小胖(负责人),预包装速食
517,2025-10-04,18:30,68,常态化带货,0,21296,1767,522,158,35,32,7765.92,31,87,主播小胖(负责人),高原夏菜及土豆
518,2025-10-05,19:30,68,宽粉工厂专场,0,76249,8980,3920,1364,26,24,6690.57,269,38,主播阿甘,定西宽粉及薯制品
519,2025-10-06,19:30,73,宽粉工厂专场,0,60955,5933,1871,490,14,12,2054.03,154,49,主播小胖(负责人),定西宽粉及薯制品
520,2025-10-08,18:30,81,宽粉工厂专场,0,68307,7001,2575,565,24,21,4688.23,173,26,主播小胖(负责人),定西宽粉及薯制品
521,2025-10-08,19:30,93,助农专场,0,73830,8638,3854,1173,20,18,2876.08,267,36,主播小胖(负责人),甘肃生鲜水果
522,2025-10-09,18:30,77,助农专场,0,42235,4893,1491,516,23,20,5520.61,145,36,主播阿甘,高原夏菜及土豆
523,2025-10-10,19:30,56,常态化带货,0,45620,4274,1293,210,19,17,2269.9,62,33,主播小胖(负责人),小杂粮粮油
524,2025-10-14,18:30,86,助农专场,0,53807,4836,1526,420,19,17,3265.13,182,43,主播小陇,甘肃生鲜水果
525,2025-10-14,20:00,63,常态化带货,0,75999,8058,2597,862,18,16,3168.24,294,31,主播小陇,药食同源
526,2025-10-15,19:30,63,常态化带货,0,42604,3729,1443,228,15,13,2763.64,120,58,主播小胖(负责人),甘肃生鲜水果
527,2025-10-17,19:00,64,常态化带货,0,23084,2436,652,106,18,16,2358.3,71,35,主播小胖(负责人),药食同源
528,2025-10-18,18:30,55,常态化带货,0,19655,2333,850,263,17,16,2478.74,73,54,主播小陇,甘肃生鲜水果
529,2025-10-20,19:00,93,助农专场,0,41478,4806,1703,308,21,19,5703.3,70,54,主播小胖(负责人),干货山珍
530,2025-10-20,19:00,60,常态化带货,0,18559,1696,624,211,26,23,3124.84,65,34,主播小花,高原夏菜及土豆
531,2025-10-20,15:30,62,常态化带货,0,61385,5352,1988,302,27,24,2656.55,217,29,主播小胖(负责人),高原夏菜及土豆
532,2025-10-21,19:00,70,常态化带货,0,40535,4392,1667,523,27,24,3250.1,85,41,主播小胖(负责人),小杂粮粮油
533,2025-10-21,18:30,72,助农专场,0,59155,6445,2427,816,11,10,1717.64,66,49,主播小陇,高原夏菜及土豆
534,2025-10-22,19:00,88,宽粉工厂专场,0,43476,3804,1311,371,49,45,5889.54,110,56,主播小花,定西宽粉及薯制品
535,2025-10-23,18:30,63,常态化带货,0,85349,7644,2089,332,15,13,981.47,207,25,主播阿甘,甘肃生鲜水果
536,2025-10-23,20:00,63,常态化带货,0,51205,5144,1643,515,77,67,6300.31,124,50,主播小花,甘肃生鲜水果
537,2025-10-27,18:30,73,常态化带货,0,32002,3641,942,318,25,22,5427.4,121,37,主播小胖(负责人),小杂粮粮油
538,2025-10-27,20:00,63,常态化带货,0,32841,3880,1466,445,23,21,3154.42,111,39,主播小胖(负责人),预包装速食
539,2025-10-28,19:00,75,宽粉工厂专场,0,83671,7624,2735,577,40,37,16614.21,287,50,主播小胖(负责人),定西宽粉及薯制品
540,2025-10-28,15:30,63,常态化带货,0,24917,2628,674,198,30,28,4885.46,61,26,主播小胖(负责人),药食同源
541,2025-10-29,20:00,71,常态化带货,0,55276,5582,1988,344,50,44,3879.97,140,30,主播阿甘,药食同源
542,2025-10-29,14:00,67,助农专场,0,57914,4800,1228,325,25,23,3615.28,169,73,主播小胖(负责人),高原夏菜及土豆
543,2025-10-30,18:30,69,常态化带货,0,43692,4339,1462,338,37,33,6144.26,75,35,主播小花,干货山珍
544,2025-10-31,14:00,66,常态化带货,0,58525,5267,1517,398,25,23,5013.65,59,22,主播小花,小杂粮粮油
545,2025-11-01,18:30,64,常态化带货,0,28814,3371,1197,390,16,15,2398.8,114,70,主播阿甘,小杂粮粮油
546,2025-11-02,19:00,74,助农专场,0,117179,13744,3544,1216,25,22,3971.77,444,54,主播小花,高原夏菜及土豆
547,2025-11-03,19:00,74,常态化带货,0,63719,5295,1778,568,13,11,3150.59,204,38,主播小胖(负责人),甘肃生鲜水果
548,2025-11-03,19:00,88,助农专场,0,61695,6155,1694,296,14,13,2809.94,154,42,主播小胖(负责人),甘肃生鲜水果
549,2025-11-03,18:30,61,常态化带货,0,48048,5460,2414,536,40,37,3381.98,154,37,主播小胖(负责人),甘肃生鲜水果
550,2025-11-04,20:00,62,常态化带货,0,24024,2236,561,185,40,34,4066.36,80,66,主播小胖(负责人),甘肃生鲜水果
551,2025-11-05,19:30,93,助农专场,0,50387,4851,1962,427,30,28,5483.32,163,41,主播小胖(负责人),甘肃生鲜水果
552,2025-11-06,15:30,84,宽粉工厂专场,0,62149,5408,2071,334,22,19,5567.03,76,46,主播小胖(负责人),定西宽粉及薯制品
553,2025-11-06,18:30,59,常态化带货,0,30607,2730,745,238,25,22,3193.52,116,49,主播阿甘,甘肃生鲜水果
554,2025-11-07,19:30,71,常态化带货,0,60243,6115,1564,387,19,17,1837.93,169,45,主播小陇,小杂粮粮油
555,2025-11-07,19:00,59,常态化带货,0,47437,4090,1384,366,40,36,4296.87,146,35,主播小胖(负责人),甘肃生鲜水果
556,2025-11-07,14:00,86,宽粉工厂专场,0,94155,10138,4447,1321,16,14,3853.12,107,42,主播小胖(负责人),定西宽粉及薯制品
557,2025-11-08,20:00,64,常态化带货,0,24608,2698,1158,333,36,33,7617.62,25,58,主播小陇,定西宽粉及薯制品
558,2025-11-09,14:00,72,常态化带货,0,51274,4818,1918,426,15,13,2447.03,204,50,主播小胖(负责人),甘肃生鲜水果
559,2025-11-09,19:00,62,常态化带货,0,34626,3721,1652,276,29,27,3804.9,41,40,主播小花,甘肃生鲜水果
560,2025-11-11,14:00,105,节庆大促,1,159161,13251,4737,816,11,10,1918.92,482,64,主播小陇,高原夏菜及土豆
561,2025-11-11,18:30,82,节庆大促,1,105103,9428,3546,877,42,38,5612.19,316,45,主播小胖(负责人),甘肃生鲜水果
562,2025-11-12,18:30,60,常态化带货,0,34809,3644,1555,490,28,25,8276.58,49,30,主播小胖(负责人),甘肃生鲜水果
563,2025-11-13,19:30,74,常态化带货,0,23289,2451,701,179,22,20,4182.79,89,43,主播小胖(负责人),甘肃生鲜水果
564,2025-11-14,18:30,78,宽粉工厂专场,0,52134,4821,1250,204,16,14,3139.96,135,39,主播小花,定西宽粉及薯制品
565,2025-11-15,18:30,61,宽粉工厂专场,0,45615,4103,1480,313,41,37,3779.55,160,44,主播阿甘,定西宽粉及薯制品
566,2025-11-18,18:30,86,助农专场,0,37357,3981,1002,184,25,22,3954.95,76,31,主播小陇,甘肃生鲜水果
567,2025-11-20,19:00,83,宽粉工厂专场,0,115028,12594,4151,1030,27,24,2805.88,318,40,主播小陇,定西宽粉及薯制品
568,2025-11-20,19:30,58,常态化带货,0,34956,2821,920,262,21,19,3103.41,69,48,主播小胖(负责人),甘肃生鲜水果
569,2025-11-21,19:30,74,常态化带货,0,84867,9862,4305,706,32,29,5479.36,332,39,主播小胖(负责人),甘肃生鲜水果
570,2025-11-22,19:00,67,常态化带货,0,38229,3683,1059,199,38,34,4906.37,57,36,主播小胖(负责人),小杂粮粮油
571,2025-11-23,19:00,68,常态化带货,0,63653,6295,2739,934,10,9,1414.94,170,35,主播小花,干货山珍
572,2025-11-23,19:00,64,常态化带货,0,47856,4720,1747,343,15,14,1559.59,172,30,主播小陇,香辛调料
573,2025-11-23,19:00,72,助农专场,0,83548,7056,1929,422,39,35,14643.02,333,36,主播小陇,甘肃生鲜水果
574,2025-11-24,19:00,71,常态化带货,0,40022,3360,1381,476,23,21,4495.47,122,46,主播小胖(负责人),小杂粮粮油
575,2025-11-24,19:00,75,常态化带货,0,32699,3858,1594,310,71,65,10787.73,44,34,主播小胖(负责人),甘肃生鲜水果
576,2025-11-25,15:30,64,常态化带货,0,41477,4135,1744,305,20,17,3966.26,44,50,主播小花,香辛调料
577,2025-11-25,18:30,63,常态化带货,0,40188,4626,1518,351,32,28,2482.23,72,53,主播小陇,药食同源
578,2025-11-29,18:30,83,宽粉工厂专场,0,28839,3033,1271,429,24,22,4552.61,77,36,主播小花,定西宽粉及薯制品
579,2025-12-01,18:30,56,常态化带货,0,35207,4049,1642,415,27,24,8584.35,139,72,主播阿甘,肉禽蛋品
580,2025-12-01,19:00,77,宽粉工厂专场,0,68155,7552,2368,585,33,29,6228.34,203,36,主播小陇,定西宽粉及薯制品
581,2025-12-02,19:00,87,助农专场,0,55472,5898,2356,432,52,47,14497.47,204,33,主播小胖(负责人),甘肃生鲜水果
582,2025-12-02,18:30,59,常态化带货,0,30222,2787,1041,204,102,95,12778.51,109,49,主播小胖(负责人),干货山珍
583,2025-12-03,18:30,72,常态化带货,0,45626,4514,1791,413,24,21,4377.58,147,43,主播小胖(负责人),甘肃生鲜水果
584,2025-12-03,20:00,92,助农专场,0,79885,7303,3284,1122,7,6,843.49,276,68,主播小陇,甘肃生鲜水果
585,2025-12-04,19:30,83,助农专场,0,186781,16260,7050,1428,26,24,3643.52,229,54,主播小胖(负责人),干货山珍
586,2025-12-05,20:00,70,宽粉工厂专场,0,80082,8103,3376,975,38,34,4080.65,192,71,主播阿甘,定西宽粉及薯制品
587,2025-12-05,19:30,73,常态化带货,0,28678,2533,898,244,27,24,3637.69,92,36,主播阿甘,干货山珍
588,2025-12-05,14:00,74,常态化带货,0,66723,7700,3362,1174,21,19,3036.74,102,57,主播小胖(负责人),甘肃生鲜水果
589,2025-12-07,14:00,80,助农专场,0,82915,6976,2503,473,82,71,11098.53,210,70,主播小陇,高原夏菜及土豆
590,2025-12-09,18:30,72,宽粉工厂专场,0,99346,9831,4177,1270,12,11,1785.18,263,40,主播小胖(负责人),定西宽粉及薯制品
591,2025-12-11,19:00,84,助农专场,0,42134,3871,1368,318,20,18,2182.61,145,32,主播小胖(负责人),高原夏菜及土豆
592,2025-12-11,19:30,83,助农专场,0,40560,4463,1886,540,13,12,2164.51,152,91,主播阿甘,肉禽蛋品
593,2025-12-11,19:00,64,常态化带货,0,51685,4630,2056,531,92,85,16903.29,148,46,主播小陇,甘肃生鲜水果
594,2025-12-11,18:30,86,助农专场,0,147067,15300,6145,1362,12,11,2288.4,176,53,主播小胖(负责人),甘肃生鲜水果
595,2025-12-12,14:00,80,节庆大促,1,239569,22148,9783,2351,18,16,2687.54,927,38,主播阿甘,甘肃生鲜水果
596,2025-12-13,19:30,63,助农专场,0,38159,4298,1624,249,19,17,2734.48,78,51,主播阿甘,干货山珍
597,2025-12-13,20:00,75,宽粉工厂专场,0,75762,7423,2799,863,40,36,4518.46,253,48,主播小胖(负责人),定西宽粉及薯制品
598,2025-12-15,19:00,82,助农专场,0,86411,9524,3548,1175,55,50,6254.65,131,34,主播阿甘,肉禽蛋品
599,2025-12-15,18:30,80,助农专场,0,66674,6078,2149,745,41,35,13471.5,182,61,主播小胖(负责人),甘肃生鲜水果
600,2025-12-15,19:00,59,常态化带货,0,27351,3045,947,247,11,10,1099.65,83,62,主播阿甘,蜂产品
601,2025-12-15,14:00,62,常态化带货,0,15072,1739,594,128,24,21,6718.37,41,42,主播小胖(负责人),香辛调料
602,2025-12-16,19:00,87,助农专场,0,90836,10147,3589,542,47,42,6554.02,321,37,主播小胖(负责人),甘肃生鲜水果
603,2025-12-16,15:30,64,常态化带货,0,70739,7329,2301,462,22,20,3701.43,164,38,主播阿甘,小杂粮粮油
604,2025-12-16,18:30,85,宽粉工厂专场,0,66203,7365,3243,1082,39,34,3406.13,246,50,主播小陇,定西宽粉及薯制品
605,2025-12-16,19:00,77,助农专场,0,80614,9199,3226,870,32,28,4718.31,241,47,主播阿甘,甘肃生鲜水果
606,2025-12-19,14:00,66,常态化带货,0,37927,3859,1718,333,29,27,2990.59,104,71,主播小胖(负责人),药食同源
607,2025-12-19,18:30,87,宽粉工厂专场,0,86948,10069,2987,820,47,43,5085.55,140,31,主播阿甘,定西宽粉及薯制品
608,2025-12-20,19:00,56,常态化带货,0,14087,1500,590,122,31,28,4966.27,36,34,主播小陇,香辛调料
609,2025-12-20,19:00,62,常态化带货,0,70728,6031,1584,276,49,42,7363.93,160,28,主播阿甘,高原夏菜及土豆
610,2025-12-20,18:30,73,常态化带货,0,14894,1709,520,154,19,17,2378.84,24,46,主播小胖(负责人),干货山珍
611,2025-12-21,15:30,72,常态化带货,0,33388,3644,1003,283,46,42,9934.12,77,29,主播小陇,小杂粮粮油
612,2025-12-22,14:00,89,助农专场,0,85122,7820,3176,891,21,18,2750.59,305,65,主播小花,高原夏菜及土豆
613,2025-12-23,15:30,64,常态化带货,0,48420,4410,1799,429,19,17,1814.53,140,39,主播小胖(负责人),药食同源
614,2025-12-23,19:00,68,常态化带货,0,40158,3866,1693,295,26,23,2632.73,90,43,主播小胖(负责人),甘肃生鲜水果
615,2025-12-23,18:30,81,宽粉工厂专场,0,42177,4957,1507,451,15,13,1747.61,46,45,主播阿甘,定西宽粉及薯制品
616,2025-12-26,19:00,60,宽粉工厂专场,0,53546,5214,1377,316,33,29,4717.18,163,48,主播小陇,定西宽粉及薯制品
617,2025-12-26,20:00,56,常态化带货,0,26238,2574,893,155,24,22,2813.03,39,58,主播小陇,高原夏菜及土豆
618,2025-12-26,19:00,58,常态化带货,0,37375,3297,1392,336,17,15,2538.11,56,31,主播小陇,甘肃生鲜水果
619,2025-12-26,19:00,60,助农专场,0,172747,14671,6115,2066,21,19,2974.59,352,51,主播小陇,干货山珍
620,2025-12-27,15:30,64,常态化带货,0,46596,5100,2077,565,17,16,1874.07,129,51,主播小陇,甘肃生鲜水果
621,2025-12-29,18:30,56,常态化带货,0,52953,5386,2037,306,110,102,24450.26,59,64,主播小花,定西宽粉及薯制品
622,2025-12-30,20:00,67,常态化带货,0,21827,1811,752,131,38,33,8580.84,63,44,主播阿甘,定西宽粉及薯制品
623,2025-12-31,19:00,65,常态化带货,0,62254,5913,1524,491,19,17,1594.21,152,56,主播小胖(负责人),蜂产品
624,2025-12-31,14:00,68,常态化带货,0,72715,6568,2269,538,21,19,3429.08,119,42,主播小胖(负责人),小杂粮粮油
