delivery_id,biz_type,ref_id,from_warehouse,to_region,ship_date,arrive_date,lead_time_days,box_cnt,weight_kg,loss_kg,freight_cost,delivery_mode
50000,电商订单,GXP20241016015989,1,西北,2024-10-17,2024-10-20,3,1,3.91,0.03,11.8,旧模式(分散直发+统配)
50001,电商订单,GXP20250928019368,1,华东,2025-09-29,2025-10-01,2,1,1.93,0.01,3.3,新模式(集中仓储+分级配送)
50002,电商订单,GXP20250302005009,1,华北,2025-03-03,2025-03-08,5,1,2.82,0.02,8.7,旧模式(分散直发+统配)
50003,电商订单,GXP20251012018817,1,甘肃,2025-10-13,2025-10-14,1,1,5.08,0.04,14.2,旧模式(分散直发+统配)
50004,电商订单,GXP20251229021254,1,西北,2025-12-29,2025-12-31,2,1,10.43,0.03,15.8,新模式(集中仓储+分级配送)
50005,电商订单,GXP20250624025072,1,东北,2025-06-24,2025-06-30,6,1,1.28,0.03,6.3,旧模式(分散直发+统配)
50006,电商订单,GXP20241106007582,1,华东,2024-11-07,2024-11-11,4,1,1.16,0.01,5.8,旧模式(分散直发+统配)
50007,电商订单,GXP20240403008123,1,华南,2024-04-03,2024-04-08,5,1,3.79,0.03,11.6,旧模式(分散直发+统配)
50008,电商订单,GXP20250823021600,1,甘肃,2025-08-24,2025-08-25,1,1,1.92,0.02,7.0,旧模式(分散直发+统配)
50009,电商订单,GXP20240113007185,1,华北,2024-01-13,2024-01-16,3,1,2.41,0.02,8.4,旧模式(分散直发+统配)
50010,电商订单,GXP20241001009918,2,华北,2024-10-01,2024-10-05,4,1,1.25,0.01,5.5,旧模式(分散直发+统配)
50011,电商订单,GXP20241225006512,2,西北,2024-12-25,2024-12-28,3,1,1.53,0.01,5.8,旧模式(分散直发+统配)
50012,电商订单,GXP20240315003951,1,华南,2024-03-16,2024-03-20,4,1,2.75,0.01,9.5,旧模式(分散直发+统配)
50013,电商订单,GXP20251115003760,1,华东,2025-11-15,2025-11-18,3,1,4.18,0.02,8.2,新模式(集中仓储+分级配送)
50014,电商订单,GXP20250807003843,1,西北,2025-08-07,2025-08-08,1,1,2.53,0.06,4.5,新模式(集中仓储+分级配送)
50015,电商订单,GXP20250414018174,1,华南,2025-04-15,2025-04-18,3,1,1.54,0.0,3.1,新模式(集中仓储+分级配送)
50016,电商订单,GXP20240915022754,2,华东,2024-09-15,2024-09-18,3,1,1.17,0.01,5.4,旧模式(分散直发+统配)
50017,电商订单,GXP20250501017210,2,华北,2025-05-02,2025-05-07,5,1,1.22,0.01,5.6,旧模式(分散直发+统配)
50018,电商订单,GXP20240816022351,1,华东,2024-08-17,2024-08-22,5,1,1.82,0.06,6.7,旧模式(分散直发+统配)
50019,电商订单,GXP20240526009402,1,西北,2024-05-27,2024-05-29,2,1,3.77,0.02,12.2,旧模式(分散直发+统配)
50020,电商订单,GXP20251221024111,2,华东,2025-12-21,2025-12-25,4,1,1.47,0.01,5.7,旧模式(分散直发+统配)
50021,电商订单,GXP20250621015000,1,华南,2025-06-22,2025-06-27,5,1,2.99,0.13,8.6,旧模式(分散直发+统配)
50022,电商订单,GXP20250311021733,2,华北,2025-03-11,2025-03-15,4,1,2.28,0.01,8.9,旧模式(分散直发+统配)
50023,电商订单,GXP20240212010257,2,甘肃,2024-02-12,2024-02-13,1,1,1.1,0.04,5.6,旧模式(分散直发+统配)
50024,电商订单,GXP20250530025075,1,甘肃,2025-05-30,2025-05-31,1,1,2.64,0.01,4.7,新模式(集中仓储+分级配送)
50025,电商订单,GXP20240917016950,1,华东,2024-09-17,2024-09-20,3,1,3.91,0.15,10.7,旧模式(分散直发+统配)
50026,电商订单,GXP20251223013929,1,华东,2025-12-23,2025-12-26,3,1,2.21,0.01,4.3,新模式(集中仓储+分级配送)
50027,电商订单,GXP20250401019373,1,甘肃,2025-04-02,2025-04-03,1,1,3.48,0.01,11.7,旧模式(分散直发+统配)
50028,电商订单,GXP20240312000548,1,华东,2024-03-13,2024-03-17,4,1,2.48,0.1,7.7,旧模式(分散直发+统配)
50029,电商订单,GXP20241204013185,2,东北,2024-12-05,2024-12-10,5,1,6.19,0.02,14.7,旧模式(分散直发+统配)
50030,电商订单,GXP20250414016593,1,甘肃,2025-04-15,2025-04-16,1,1,2.05,0.01,3.3,新模式(集中仓储+分级配送)
50031,电商订单,GXP20240407014491,1,西南,2024-04-07,2024-04-12,5,1,3.22,0.01,10.1,旧模式(分散直发+统配)
50032,电商订单,GXP20251220012724,1,华南,2025-12-20,2025-12-23,3,1,3.39,0.01,5.3,新模式(集中仓储+分级配送)
50033,电商订单,GXP20250904024096,1,华南,2025-09-05,2025-09-08,3,1,1.2,0.02,1.9,新模式(集中仓储+分级配送)
50034,电商订单,GXP20251231015253,1,东北,2026-01-01,2026-01-05,4,1,1.5,0.03,2.7,新模式(集中仓储+分级配送)
50035,电商订单,GXP20251119025934,1,华东,2025-11-19,2025-11-21,2,1,1.57,0.04,2.6,新模式(集中仓储+分级配送)
50036,电商订单,GXP20250709024659,1,华南,2025-07-10,2025-07-14,4,1,0.86,0.02,1.5,新模式(集中仓储+分级配送)
50037,电商订单,GXP20250813013210,1,西北,2025-08-14,2025-08-16,2,1,2.51,0.01,5.1,新模式(集中仓储+分级配送)
50038,电商订单,GXP20240401014282,1,西南,2024-04-01,2024-04-06,5,1,2.68,0.01,9.1,旧模式(分散直发+统配)
50039,电商订单,GXP20240401007739,1,甘肃,2024-04-02,2024-04-04,2,1,2.19,0.07,7.1,旧模式(分散直发+统配)
50040,电商订单,GXP20240106025225,1,华东,2024-01-06,2024-01-11,5,1,4.1,0.02,11.6,旧模式(分散直发+统配)
50041,电商订单,GXP20241016024137,2,华东,2024-10-17,2024-10-21,4,1,3.95,0.03,10.4,旧模式(分散直发+统配)
50042,电商订单,GXP20251107009622,1,甘肃,2025-11-08,2025-11-09,1,1,2.34,0.04,3.9,新模式(集中仓储+分级配送)
50043,电商订单,GXP20251202024905,1,西北,2025-12-02,2025-12-03,1,1,1.76,0.01,3.3,新模式(集中仓储+分级配送)
50044,电商订单,GXP20251125001348,1,华南,2025-11-25,2025-11-28,3,1,2.72,0.01,5.1,新模式(集中仓储+分级配送)
50045,电商订单,GXP20240811011754,1,甘肃,2024-08-12,2024-08-13,1,1,3.77,0.03,12.6,旧模式(分散直发+统配)
50046,电商订单,GXP20250219011135,2,甘肃,2025-02-20,2025-02-21,1,1,2.72,0.02,9.8,旧模式(分散直发+统配)
50047,电商订单,GXP20240929015986,1,华北,2024-09-30,2024-10-05,5,1,1.36,0.05,6.3,旧模式(分散直发+统配)
50048,电商订单,GXP20250427021023,1,华东,2025-04-27,2025-05-01,4,1,5.41,0.04,16.7,旧模式(分散直发+统配)
50049,电商订单,GXP20240717007075,1,华北,2024-07-18,2024-07-22,4,1,2.48,0.02,7.7,旧模式(分散直发+统配)
50050,电商订单,GXP20241126001110,1,西南,2024-11-27,2024-12-02,5,1,1.29,0.01,6.0,旧模式(分散直发+统配)
50051,电商订单,GXP20240119014804,1,西北,2024-01-19,2024-01-21,2,1,2.49,0.08,9.4,旧模式(分散直发+统配)
50052,电商订单,GXP20241123003221,1,甘肃,2024-11-24,2024-11-25,1,2,6.48,0.03,18.2,旧模式(分散直发+统配)
50053,电商订单,GXP20240406019220,2,甘肃,2024-04-07,2024-04-08,1,1,2.75,0.11,9.3,旧模式(分散直发+统配)
50054,电商订单,GXP20250325009089,2,华东,2025-03-26,2025-03-30,4,1,9.83,0.06,21.1,旧模式(分散直发+统配)
50055,电商订单,GXP20250715021367,1,华东,2025-07-16,2025-07-18,2,1,0.84,0.0,1.3,新模式(集中仓储+分级配送)
50056,电商订单,GXP20250530015665,1,华东,2025-05-31,2025-06-02,2,1,0.97,0.02,1.8,新模式(集中仓储+分级配送)
50057,电商订单,GXP20250105002467,1,华东,2025-01-05,2025-01-08,3,1,1.41,0.01,5.6,旧模式(分散直发+统配)
50058,电商订单,GXP20241216019123,1,甘肃,2024-12-16,2024-12-18,2,2,8.59,0.06,18.8,旧模式(分散直发+统配)
50059,电商订单,GXP20240111011012,1,东北,2024-01-12,2024-01-16,4,1,2.88,0.02,8.5,旧模式(分散直发+统配)
50060,电商订单,GXP20240311007352,1,华东,2024-03-11,2024-03-15,4,1,1.22,0.01,6.1,旧模式(分散直发+统配)
50061,电商订单,GXP20250126003274,1,甘肃,2025-01-26,2025-01-28,2,1,2.02,0.01,7.7,旧模式(分散直发+统配)
50062,电商订单,GXP20250302006453,2,西南,2025-03-03,2025-03-07,4,1,3.57,0.02,9.5,旧模式(分散直发+统配)
50063,电商订单,GXP20251009013510,1,西北,2025-10-10,2025-10-12,2,1,2.81,0.05,5.9,新模式(集中仓储+分级配送)
50064,电商订单,GXP20250103024937,1,华南,2025-01-04,2025-01-08,4,1,1.26,0.01,5.8,旧模式(分散直发+统配)
50065,电商订单,GXP20250718019442,1,甘肃,2025-07-18,2025-07-19,1,1,3.5,0.02,7.2,新模式(集中仓储+分级配送)
50066,电商订单,GXP20250204021985,1,华北,2025-02-04,2025-02-08,4,1,3.85,0.03,10.7,旧模式(分散直发+统配)
50067,电商订单,GXP20240103011248,1,华东,2024-01-03,2024-01-08,5,1,1.78,0.01,6.7,旧模式(分散直发+统配)
50068,电商订单,GXP20240525011768,1,东北,2024-05-26,2024-06-02,7,1,0.92,0.02,5.2,旧模式(分散直发+统配)
50069,电商订单,GXP20240513003203,2,西北,2024-05-14,2024-05-16,2,1,4.25,0.14,13.6,旧模式(分散直发+统配)
50070,电商订单,GXP20241105003197,1,甘肃,2024-11-06,2024-11-07,1,1,2.08,0.01,7.9,旧模式(分散直发+统配)
50071,电商订单,GXP20240305009103,2,甘肃,2024-03-05,2024-03-07,2,1,2.93,0.02,10.4,旧模式(分散直发+统配)
50072,电商订单,GXP20250905005883,1,华北,2025-09-06,2025-09-08,2,1,3.32,0.02,6.3,新模式(集中仓储+分级配送)
50073,电商订单,GXP20250325013832,1,华北,2025-03-25,2025-03-29,4,1,5.09,0.02,15.8,旧模式(分散直发+统配)
50074,电商订单,GXP20250119004285,1,华北,2025-01-20,2025-01-24,4,1,2.85,0.01,10.0,旧模式(分散直发+统配)
50075,电商订单,GXP20251202006813,2,华东,2025-12-03,2025-12-06,3,1,2.71,0.01,8.7,旧模式(分散直发+统配)
50076,电商订单,GXP20251104011551,1,华南,2025-11-04,2025-11-08,4,1,4.05,0.02,6.8,新模式(集中仓储+分级配送)
50077,电商订单,GXP20241025014155,1,华东,2024-10-26,2024-10-31,5,1,1.11,0.01,5.9,旧模式(分散直发+统配)
50078,电商订单,GXP20240621020225,2,华南,2024-06-22,2024-06-26,4,1,2.99,0.08,10.4,旧模式(分散直发+统配)
50079,电商订单,GXP20250614011091,1,西北,2025-06-14,2025-06-16,2,1,1.74,0.01,2.8,新模式(集中仓储+分级配送)
50080,电商订单,GXP20250426021164,1,华东,2025-04-27,2025-04-29,2,1,3.22,0.01,5.4,新模式(集中仓储+分级配送)
50081,电商订单,GXP20240105023698,1,华北,2024-01-06,2024-01-10,4,1,4.32,0.03,11.8,旧模式(分散直发+统配)
50082,电商订单,GXP20250901019790,1,西南,2025-09-02,2025-09-06,4,1,2.43,0.05,4.5,新模式(集中仓储+分级配送)
50083,电商订单,GXP20250414022856,1,华东,2025-04-15,2025-04-17,2,1,2.47,0.01,4.5,新模式(集中仓储+分级配送)
50084,电商订单,GXP20251226009396,1,西北,2025-12-27,2025-12-29,2,2,6.16,0.11,12.6,新模式(集中仓储+分级配送)
50085,电商订单,GXP20250224015671,2,甘肃,2025-02-25,2025-02-26,1,1,3.3,0.02,10.9,旧模式(分散直发+统配)
50086,电商订单,GXP20250422012220,1,华南,2025-04-22,2025-04-25,3,1,2.63,0.05,4.4,新模式(集中仓储+分级配送)
50087,电商订单,GXP20240805003472,1,华东,2024-08-05,2024-08-10,5,1,1.82,0.01,7.5,旧模式(分散直发+统配)
50088,电商订单,GXP20251008010693,1,西南,2025-10-09,2025-10-12,3,1,1.71,0.0,3.4,新模式(集中仓储+分级配送)
50089,电商订单,GXP20240218011446,1,甘肃,2024-02-18,2024-02-20,2,1,1.19,0.04,5.7,旧模式(分散直发+统配)
50090,电商订单,GXP20241218015595,1,华北,2024-12-18,2024-12-23,5,1,2.22,0.02,7.5,旧模式(分散直发+统配)
50091,电商订单,GXP20251004001458,1,华北,2025-10-04,2025-10-06,2,1,3.08,0.01,5.1,新模式(集中仓储+分级配送)
50092,电商订单,GXP20250515022715,1,东北,2025-05-15,2025-05-19,4,2,7.9,0.19,14.0,新模式(集中仓储+分级配送)
50093,电商订单,GXP20240227014156,2,华北,2024-02-27,2024-03-02,4,1,2.93,0.01,10.6,旧模式(分散直发+统配)
50094,电商订单,GXP20250103023544,2,甘肃,2025-01-03,2025-01-05,2,1,4.24,0.03,12.3,旧模式(分散直发+统配)
50095,电商订单,GXP20240124021419,1,西北,2024-01-24,2024-01-26,2,1,1.99,0.01,8.0,旧模式(分散直发+统配)
50096,电商订单,GXP20240602004458,1,华东,2024-06-02,2024-06-06,4,1,3.13,0.01,9.5,旧模式(分散直发+统配)
50097,电商订单,GXP20250220007920,1,西南,2025-02-20,2025-02-25,5,1,3.65,0.02,10.5,旧模式(分散直发+统配)
50098,电商订单,GXP20250528026030,1,甘肃,2025-05-29,2025-05-30,1,1,1.95,0.01,4.0,新模式(集中仓储+分级配送)
50099,电商订单,GXP20240914006792,1,华东,2024-09-14,2024-09-19,5,1,0.69,0.0,4.4,旧模式(分散直发+统配)
50100,电商订单,GXP20240402000141,1,华北,2024-04-02,2024-04-05,3,1,3.8,0.02,11.9,旧模式(分散直发+统配)
50101,电商订单,GXP20240731004177,1,华东,2024-08-01,2024-08-06,5,1,1.86,0.01,6.8,旧模式(分散直发+统配)
50102,电商订单,GXP20240721000671,1,西北,2024-07-22,2024-07-24,2,1,3.04,9.120000000000001,10.8,旧模式(分散直发+统配)
50103,电商订单,GXP20250902014881,1,西北,2025-09-03,2025-09-04,1,1,2.7,0.06,4.8,新模式(集中仓储+分级配送)
50104,电商订单,GXP20250807023974,1,甘肃,2025-08-08,2025-08-09,1,1,1.02,0.02,1.6,新模式(集中仓储+分级配送)
50105,电商订单,GXP20251202003672,1,西南,2025-12-02,2025-12-05,3,1,1.51,0.01,2.7,新模式(集中仓储+分级配送)
50106,电商订单,GXP20250627017420,1,华北,2025-06-28,2025-07-03,5,1,1.74,0.01,6.9,旧模式(分散直发+统配)
50107,电商订单,GXP20240710009550,1,华东,2024-07-11,2024-07-15,4,1,2.27,0.09,8.2,旧模式(分散直发+统配)
50108,电商订单,GXP20241109011887,2,华北,2024-11-09,2024-11-13,4,1,2.98,0.11,10.0,旧模式(分散直发+统配)
50109,电商订单,GXP20250209009383,1,甘肃,2025-02-09,2025-02-10,1,1,0.84,0.03,5.0,旧模式(分散直发+统配)
50110,电商订单,GXP20240412000975,2,西南,2024-04-12,2024-04-16,4,1,1.54,0.01,6.9,旧模式(分散直发+统配)
50111,电商订单,GXP20241119013622,1,甘肃,2024-11-19,2024-11-21,2,1,7.46,0.06,20.2,旧模式(分散直发+统配)
50112,电商订单,GXP20251226022110,1,西南,2025-12-26,2025-12-30,4,1,1.48,0.0,2.3,新模式(集中仓储+分级配送)
50113,电商订单,GXP20250220007808,1,华东,2025-02-20,2025-02-23,3,1,1.45,0.01,6.7,旧模式(分散直发+统配)
50114,电商订单,GXP20240107017686,1,西南,2024-01-08,2024-01-12,4,1,3.26,0.02,10.8,旧模式(分散直发+统配)
50115,电商订单,GXP20251202019289,1,甘肃,2025-12-03,2025-12-04,1,1,3.62,0.01,5.9,新模式(集中仓储+分级配送)
50116,电商订单,GXP20251020006922,1,东北,2025-10-20,2025-10-24,4,1,2.76,0.02,8.7,旧模式(分散直发+统配)
50117,电商订单,GXP20250106024644,1,华北,2025-01-06,2025-01-11,5,1,1.51,0.04,5.7,旧模式(分散直发+统配)
50118,电商订单,GXP20240331016849,1,华东,2024-04-01,2024-04-04,3,1,5.46,0.02,15.7,旧模式(分散直发+统配)
50119,电商订单,GXP20250828010361,1,华东,2025-08-29,2025-08-31,2,1,1.82,0.02,3.8,新模式(集中仓储+分级配送)
50120,电商订单,GXP20250421018645,1,西南,2025-04-22,2025-04-26,4,1,2.81,0.01,4.8,新模式(集中仓储+分级配送)
50121,电商订单,GXP20240629003319,1,西南,2024-06-29,2024-07-04,5,1,2.75,0.07,8.3,旧模式(分散直发+统配)
50122,电商订单,GXP20240115004621,1,华北,2024-01-15,2024-01-19,4,1,4.51,13.53,12.7,旧模式(分散直发+统配)
50123,电商订单,GXP20250722017132,1,华南,2025-07-23,2025-07-25,2,1,4.82,0.1,7.9,新模式(集中仓储+分级配送)
50124,电商订单,GXP20250806022852,1,西南,2025-08-07,2025-08-09,2,1,3.2,0.01,6.2,新模式(集中仓储+分级配送)
50125,电商订单,GXP20241104004875,1,甘肃,2024-11-05,2024-11-07,2,1,5.47,0.04,13.4,旧模式(分散直发+统配)
50126,电商订单,GXP20250625011542,1,西北,2025-06-26,2025-06-28,2,1,2.08,0.01,3.8,新模式(集中仓储+分级配送)
50127,电商订单,GXP20241010000495,1,西南,2024-10-10,2024-10-15,5,1,2.03,0.01,6.8,旧模式(分散直发+统配)
50128,电商订单,GXP20251223019917,1,华北,2025-12-23,2025-12-25,2,1,1.92,0.0,2.9,新模式(集中仓储+分级配送)
50129,电商订单,GXP20250109011113,2,甘肃,2025-01-10,2025-01-12,2,1,2.75,0.02,9.1,旧模式(分散直发+统配)
50130,电商订单,GXP20241202020878,1,华东,2024-12-03,2024-12-06,3,1,2.04,0.01,7.1,旧模式(分散直发+统配)
50131,电商订单,GXP20250915007895,1,华东,2025-09-15,2025-09-18,3,1,0.58,0.0,1.0,新模式(集中仓储+分级配送)
50132,电商订单,GXP20240331020237,1,甘肃,2024-03-31,2024-04-02,2,1,2.66,0.01,8.0,旧模式(分散直发+统配)
50133,电商订单,GXP20240216014216,1,甘肃,2024-02-17,2024-02-19,2,2,7.49,0.03,18.9,旧模式(分散直发+统配)
50134,电商订单,GXP20241212016739,1,华北,2024-12-12,2024-12-17,5,1,5.46,0.22,14.3,旧模式(分散直发+统配)
50135,电商订单,GXP20250603018382,1,甘肃,2025-06-04,2025-06-05,1,1,2.54,0.04,4.5,新模式(集中仓储+分级配送)
50136,电商订单,GXP20250611024998,1,华南,2025-06-11,2025-06-15,4,1,4.36,0.01,8.7,新模式(集中仓储+分级配送)
50137,电商订单,GXP20240928012918,1,华北,2024-09-29,2024-10-04,5,1,2.28,0.01,8.9,旧模式(分散直发+统配)
50138,电商订单,GXP20250417009093,1,西南,2025-04-17,2025-04-23,6,1,1.08,0.01,5.5,旧模式(分散直发+统配)
50139,电商订单,GXP20240731004300,2,东北,2024-07-31,2024-08-07,7,1,2.36,0.07,8.9,旧模式(分散直发+统配)
50140,电商订单,GXP20250410003360,2,华北,2025-04-11,2025-04-15,4,1,3.11,0.01,8.7,旧模式(分散直发+统配)
50141,电商订单,GXP20250121025501,2,西南,2025-01-22,2025-01-27,5,2,7.05,0.04,19.3,旧模式(分散直发+统配)
50142,电商订单,GXP20240118017770,2,华北,2024-01-19,2024-01-24,5,1,2.24,0.01,8.4,旧模式(分散直发+统配)
50143,电商订单,GXP20241222008903,1,西南,2024-12-23,2024-12-27,4,1,8.56,0.35,24.6,旧模式(分散直发+统配)
50144,电商订单,GXP20250209016112,1,西北,2025-02-09,2025-02-12,3,1,4.07,0.03,10.9,旧模式(分散直发+统配)
50145,电商订单,GXP20240624022964,1,华北,2024-06-25,2024-06-28,3,1,2.08,0.01,6.9,旧模式(分散直发+统配)
50146,电商订单,GXP20240116019753,1,甘肃,2024-01-17,2024-01-18,1,1,5.87,0.04,14.2,旧模式(分散直发+统配)
50147,电商订单,GXP20251108006075,1,西北,2025-11-09,2025-11-10,1,1,3.75,0.01,6.0,新模式(集中仓储+分级配送)
50148,电商订单,GXP20241004000303,2,华东,2024-10-05,2024-10-09,4,1,1.98,0.01,7.9,旧模式(分散直发+统配)
50149,电商订单,GXP20251020003683,1,华北,2025-10-21,2025-10-23,2,1,2.85,0.01,5.2,新模式(集中仓储+分级配送)
50150,电商订单,GXP20250116014795,1,华北,2025-01-16,2025-01-20,4,1,1.65,0.01,7.0,旧模式(分散直发+统配)
50151,电商订单,GXP20241120008254,1,华东,2024-11-20,2024-11-25,5,2,5.2,0.04,13.1,旧模式(分散直发+统配)
50152,电商订单,GXP20241104013623,2,华东,2024-11-04,2024-11-09,5,1,3.3,0.02,9.0,旧模式(分散直发+统配)
50153,电商订单,GXP20241111025953,2,华北,2024-11-12,2024-11-15,3,1,3.06,0.02,10.4,旧模式(分散直发+统配)
50154,电商订单,GXP20240617017089,1,东北,2024-06-17,2024-06-24,7,1,4.22,0.03,12.2,旧模式(分散直发+统配)
50155,电商订单,GXP20251027012151,2,东北,2025-10-27,2025-11-01,5,1,1.0,0.01,4.9,旧模式(分散直发+统配)
50156,电商订单,GXP20240507012144,1,甘肃,2024-05-07,2024-05-08,1,1,3.77,0.02,10.7,旧模式(分散直发+统配)
50157,电商订单,GXP20251223001297,1,华北,2025-12-24,2025-12-26,2,1,3.08,0.01,4.8,新模式(集中仓储+分级配送)
50158,电商订单,GXP20241028020674,2,西南,2024-10-29,2024-11-04,6,1,4.21,0.01,10.9,旧模式(分散直发+统配)
50159,电商订单,GXP20250106010813,2,华东,2025-01-07,2025-01-10,3,1,1.61,0.01,6.9,旧模式(分散直发+统配)
50160,电商订单,GXP20250426003542,1,华南,2025-04-27,2025-04-30,3,1,5.6,0.02,10.4,新模式(集中仓储+分级配送)
50161,电商订单,GXP20241111025059,2,华东,2024-11-12,2024-11-17,5,1,2.17,0.1,7.5,旧模式(分散直发+统配)
50162,电商订单,GXP20251010007886,1,华北,2025-10-11,2025-10-15,4,1,2.89,0.05,5.2,新模式(集中仓储+分级配送)
50163,电商订单,GXP20250413001382,2,甘肃,2025-04-14,2025-04-16,2,1,3.26,0.11,9.8,旧模式(分散直发+统配)
50164,电商订单,GXP20241025020762,2,西南,2024-10-25,2024-10-30,5,1,0.95,0.0,5.2,旧模式(分散直发+统配)
50165,电商订单,GXP20240914014373,1,甘肃,2024-09-15,2024-09-17,2,1,3.66,0.02,10.8,旧模式(分散直发+统配)
50166,电商订单,GXP20250821001713,1,甘肃,2025-08-22,2025-08-23,1,1,1.43,0.0,2.3,新模式(集中仓储+分级配送)
50167,电商订单,GXP20251125021564,1,甘肃,2025-11-26,2025-11-27,1,1,4.09,0.15,11.7,旧模式(分散直发+统配)
50168,电商订单,GXP20240712022901,1,西南,2024-07-12,2024-07-16,4,1,2.19,0.06,7.4,旧模式(分散直发+统配)
50169,电商订单,GXP20250207014658,1,西北,2025-02-07,2025-02-10,3,1,3.67,0.03,9.7,旧模式(分散直发+统配)
50170,电商订单,GXP20241107006694,1,华北,2024-11-08,2024-11-12,4,1,5.59,0.21,13.3,旧模式(分散直发+统配)
50171,电商订单,GXP20250625000119,1,西南,2025-06-26,2025-06-30,4,1,3.92,0.01,7.2,新模式(集中仓储+分级配送)
50172,电商订单,GXP20250826004288,1,西北,2025-08-27,2025-08-28,1,1,3.39,0.06,6.7,新模式(集中仓储+分级配送)
50173,电商订单,GXP20251104023380,1,华南,2025-11-05,2025-11-08,3,1,1.42,0.01,2.9,新模式(集中仓储+分级配送)
50174,电商订单,GXP20251216013599,1,甘肃,2025-12-17,2025-12-18,1,1,1.9,0.01,4.0,新模式(集中仓储+分级配送)
50175,电商订单,GXP20250210013201,1,甘肃,2025-02-10,2025-02-12,2,2,10.1,0.07,24.4,旧模式(分散直发+统配)
50176,电商订单,GXP20250314004610,1,华北,2025-03-15,2025-03-19,4,1,2.74,0.01,9.6,旧模式(分散直发+统配)
50177,电商订单,GXP20240614022929,1,华东,2024-06-14,2024-06-18,4,1,3.13,0.02,9.5,旧模式(分散直发+统配)
50178,电商订单,GXP20240904015238,2,东北,2024-09-05,2024-09-12,7,1,1.57,0.01,7.0,旧模式(分散直发+统配)
50179,电商订单,GXP20250610009783,1,西南,2025-06-11,2025-06-14,3,1,1.78,0.01,2.7,新模式(集中仓储+分级配送)
50180,电商订单,GXP20251205019879,1,华南,2025-12-05,2025-12-08,3,1,3.1,0.01,4.8,新模式(集中仓储+分级配送)
50181,电商订单,GXP20250720006156,1,华北,2025-07-21,2025-07-23,2,1,3.82,0.01,5.8,新模式(集中仓储+分级配送)
50182,电商订单,GXP20251225000974,1,华南,2025-12-26,2025-12-29,3,1,1.22,0.0,2.3,新模式(集中仓储+分级配送)
50183,电商订单,GXP20241130022581,1,东北,2024-11-30,2024-12-07,7,1,1.76,0.05,6.3,旧模式(分散直发+统配)
50184,电商订单,GXP20240303021640,1,西北,2024-03-04,2024-03-07,3,1,2.56,7.68,7.9,旧模式(分散直发+统配)
50185,电商订单,GXP20251028015098,1,华东,2025-10-28,2025-10-30,2,1,1.91,0.01,3.9,新模式(集中仓储+分级配送)
50186,电商订单,GXP20240813014086,2,华北,2024-08-13,2024-08-16,3,1,2.21,0.01,7.7,旧模式(分散直发+统配)
50187,电商订单,GXP20250412007040,1,西北,2025-04-13,2025-04-14,1,1,0.89,0.0,1.7,新模式(集中仓储+分级配送)
50188,电商订单,GXP20250720020404,1,西北,2025-07-21,2025-07-22,1,1,2.62,0.05,5.3,新模式(集中仓储+分级配送)
50189,电商订单,GXP20240617014139,1,西南,2024-06-18,2024-06-22,4,1,1.82,0.01,6.5,旧模式(分散直发+统配)
50190,电商订单,GXP20250802003623,1,华南,2025-08-03,2025-08-07,4,1,3.69,0.16,12.4,旧模式(分散直发+统配)
50191,电商订单,GXP20251006005291,1,甘肃,2025-10-06,2025-10-08,2,1,2.7,0.11,7.9,旧模式(分散直发+统配)
50192,电商订单,GXP20240902025308,1,华北,2024-09-02,2024-09-07,5,2,5.45,0.02,15.6,旧模式(分散直发+统配)
50193,电商订单,GXP20250527004338,1,华北,2025-05-27,2025-06-01,5,3,8.86,0.06,19.4,旧模式(分散直发+统配)
50194,电商订单,GXP20250511012530,1,华南,2025-05-12,2025-05-15,3,1,1.82,0.02,2.8,新模式(集中仓储+分级配送)
50195,电商订单,GXP20240312004645,1,西南,2024-03-13,2024-03-17,4,1,2.47,0.09,9.0,旧模式(分散直发+统配)
50196,电商订单,GXP20240420001582,2,西北,2024-04-21,2024-04-24,3,2,10.45,0.35,26.4,旧模式(分散直发+统配)
50197,电商订单,GXP20250321004713,1,甘肃,2025-03-22,2025-03-23,1,1,7.96,23.88,22.0,旧模式(分散直发+统配)
50198,电商订单,GXP20241231013720,1,华南,2024-12-31,2025-01-05,5,1,7.3,0.03,17.7,旧模式(分散直发+统配)
50199,电商订单,GXP20240331009219,1,东北,2024-03-31,2024-04-04,4,1,0.88,0.01,4.8,旧模式(分散直发+统配)
50200,电商订单,GXP20250222019387,1,华东,2025-02-23,2025-02-28,5,1,1.27,0.01,6.2,旧模式(分散直发+统配)
50201,电商订单,GXP20251014020271,1,甘肃,2025-10-15,2025-10-16,1,1,3.16,0.01,5.4,新模式(集中仓储+分级配送)
50202,电商订单,GXP20250920008998,1,华北,2025-09-20,2025-09-23,3,1,1.71,0.01,6.4,旧模式(分散直发+统配)
50203,电商订单,GXP20241013019669,1,甘肃,2024-10-13,2024-10-15,2,1,8.26,0.34,22.1,旧模式(分散直发+统配)
50204,电商订单,GXP20241105020901,1,华北,2024-11-06,2024-11-10,-1,1,2.69,0.02,9.1,旧模式(分散直发+统配)
50205,电商订单,GXP20240811024866,1,东北,2024-08-11,2024-08-15,4,1,6.6,0.02,16.9,旧模式(分散直发+统配)
50206,电商订单,GXP20240918012351,1,西北,2024-09-18,2024-09-21,3,1,2.9,0.13,9.4,旧模式(分散直发+统配)
50207,电商订单,GXP20241016013126,2,东北,2024-10-17,2024-10-22,5,1,6.81,0.3,18.4,旧模式(分散直发+统配)
50208,电商订单,GXP20240306004700,1,华东,2024-03-06,2024-03-10,4,1,1.19,0.04,5.9,旧模式(分散直发+统配)
50209,电商订单,GXP20251216023662,1,甘肃,2025-12-17,2025-12-18,1,1,1.48,0.03,2.5,新模式(集中仓储+分级配送)
50210,电商订单,GXP20251027019217,1,华东,2025-10-27,2025-11-01,5,1,0.73,0.0,4.3,旧模式(分散直发+统配)
50211,电商订单,GXP20250112025991,2,华北,2025-01-12,2025-01-16,4,1,0.9,0.0,4.9,旧模式(分散直发+统配)
50212,电商订单,GXP20251219007990,2,东北,2025-12-20,2025-12-24,4,1,6.38,0.03,15.3,旧模式(分散直发+统配)
50213,电商订单,GXP20240125002662,2,西南,2024-01-26,2024-02-01,6,1,1.43,0.01,6.6,旧模式(分散直发+统配)
50214,电商订单,GXP20250812022446,1,东北,2025-08-13,2025-08-17,4,1,3.61,0.01,7.6,新模式(集中仓储+分级配送)
50215,电商订单,GXP20250626000037,1,华东,2025-06-26,2025-06-28,2,1,2.33,0.01,4.1,新模式(集中仓储+分级配送)
50216,电商订单,GXP20240916020815,2,东北,2024-09-17,2024-09-23,6,1,5.65,16.950000000000003,16.5,旧模式(分散直发+统配)
50217,电商订单,GXP20240620002422,1,西北,2024-06-21,2024-06-24,3,1,1.65,0.01,6.5,旧模式(分散直发+统配)
50218,电商订单,GXP20250911002642,1,华东,2025-09-12,2025-09-15,3,1,1.44,0.0,2.3,新模式(集中仓储+分级配送)
50219,电商订单,GXP20241231007151,1,华北,2024-12-31,2025-01-04,4,1,3.24,0.02,9.2,旧模式(分散直发+统配)
50220,电商订单,GXP20240126006500,1,华东,2024-01-27,2024-02-01,5,1,4.22,0.03,11.5,旧模式(分散直发+统配)
50221,电商订单,GXP20240119017459,2,华南,2024-01-20,2024-01-25,5,1,3.49,0.01,9.8,旧模式(分散直发+统配)
50222,电商订单,GXP20241016017316,2,华南,2024-10-16,2024-10-21,5,1,1.73,0.07,7.4,旧模式(分散直发+统配)
50223,电商订单,GXP20240209024401,2,华北,2024-02-10,2024-02-14,4,1,6.36,0.04,19.3,旧模式(分散直发+统配)
50224,电商订单,GXP20240211020582,1,华东,2024-02-11,2024-02-15,4,1,3.25,0.02,10.9,旧模式(分散直发+统配)
50225,电商订单,GXP20250622017305,1,甘肃,2025-06-22,2025-06-23,1,1,1.13,0.02,2.4,新模式(集中仓储+分级配送)
50226,电商订单,GXP20251216006857,1,西南,2025-12-16,2025-12-21,5,2,8.51,0.05,22.7,旧模式(分散直发+统配)
50227,电商订单,GXP20240913019846,2,东北,2024-09-13,2024-09-20,7,1,1.06,0.03,5.4,旧模式(分散直发+统配)
50228,电商订单,GXP20240727010618,2,西北,2024-07-27,2024-07-30,3,1,0.64,0.0,4.5,旧模式(分散直发+统配)
50229,电商订单,GXP20240317016099,2,东北,2024-03-18,2024-03-24,6,1,1.68,0.01,7.1,旧模式(分散直发+统配)
50230,电商订单,GXP20250916019451,1,西北,2025-09-17,2025-09-18,1,1,4.24,0.02,8.1,新模式(集中仓储+分级配送)
50231,电商订单,GXP20250118001148,1,华南,2025-01-19,2025-01-25,6,1,2.13,0.06,8.0,旧模式(分散直发+统配)
50232,电商订单,GXP20240802004579,1,华东,2024-08-02,2024-08-05,3,1,6.58,0.02,15.7,旧模式(分散直发+统配)
50233,电商订单,GXP20241004021994,1,甘肃,2024-10-05,2024-10-07,2,1,0.69,0.03,4.5,旧模式(分散直发+统配)
50234,电商订单,GXP20251112023911,1,华北,2025-11-13,2025-11-17,4,1,1.53,0.01,2.8,新模式(集中仓储+分级配送)
50235,电商订单,GXP20240122013624,1,西北,2024-01-23,2024-01-25,2,1,2.18,0.01,7.6,旧模式(分散直发+统配)
50236,电商订单,GXP20250802025769,1,华东,2025-08-02,2025-08-05,3,1,2.63,0.01,4.2,新模式(集中仓储+分级配送)
50237,电商订单,GXP20250309013596,2,华东,2025-03-09,2025-03-12,3,1,3.97,0.13,13.1,旧模式(分散直发+统配)
50238,电商订单,GXP20240521019997,2,甘肃,2024-05-22,2024-05-23,1,1,4.01,0.03,11.1,旧模式(分散直发+统配)
50239,电商订单,GXP20250715008597,1,甘肃,2025-07-15,2025-07-16,1,1,2.42,0.01,4.3,新模式(集中仓储+分级配送)
50240,电商订单,GXP20250502014486,1,西北,2025-05-02,2025-05-04,2,3,9.29,0.04,18.4,新模式(集中仓储+分级配送)
50241,电商订单,GXP20241207013397,1,华东,2024-12-07,2024-12-12,5,1,2.38,0.08,7.9,旧模式(分散直发+统配)
50242,电商订单,GXP20240101004382,1,西南,2024-01-02,2024-01-06,4,1,1.65,0.01,6.2,旧模式(分散直发+统配)
50243,电商订单,GXP20241112025584,1,西南,2024-11-13,2024-11-18,5,1,2.05,0.01,8.2,旧模式(分散直发+统配)
50244,电商订单,GXP20251216004870,1,华北,2025-12-16,2025-12-19,3,1,0.95,0.0,1.9,新模式(集中仓储+分级配送)
50245,电商订单,GXP20251110024740,1,华东,2025-11-11,2025-11-14,3,1,6.64,0.01,10.7,新模式(集中仓储+分级配送)
50246,电商订单,GXP20250614015968,1,甘肃,2025-06-15,2025-06-16,1,1,5.57,0.03,10.7,新模式(集中仓储+分级配送)
50247,电商订单,GXP20251129000100,1,甘肃,2025-11-30,2025-12-01,1,1,3.57,0.02,11.7,旧模式(分散直发+统配)
50248,电商订单,GXP20250103004363,1,华东,2025-01-04,2025-01-08,4,1,4.15,0.02,11.3,旧模式(分散直发+统配)
50249,电商订单,GXP20251120005870,1,华东,2025-11-21,2025-11-24,3,1,1.53,0.01,3.1,新模式(集中仓储+分级配送)
50250,电商订单,GXP20250215025716,1,华南,2025-02-16,2025-02-21,5,1,1.28,0.06,5.9,旧模式(分散直发+统配)
50251,电商订单,GXP20240826013771,1,甘肃,2024-08-27,2024-08-28,1,1,1.5,0.06,5.8,旧模式(分散直发+统配)
50252,电商订单,GXP20251220025572,1,西南,2025-12-21,2025-12-27,6,1,1.93,0.01,7.0,旧模式(分散直发+统配)
50253,电商订单,GXP20240916023446,1,华东,2024-09-17,2024-09-22,5,1,3.49,0.02,11.1,旧模式(分散直发+统配)
50254,电商订单,GXP20251223009137,1,华东,2025-12-23,2025-12-26,3,1,1.36,0.0,2.3,新模式(集中仓储+分级配送)
50255,电商订单,GXP20241207023724,2,西北,2024-12-07,2024-12-09,2,1,3.97,0.03,13.0,旧模式(分散直发+统配)
50256,电商订单,GXP20250618003657,1,西北,2025-06-18,2025-06-20,2,1,1.21,0.0,2.0,新模式(集中仓储+分级配送)
50257,电商订单,GXP20240122006705,1,华南,2024-01-23,2024-01-29,6,1,3.13,0.01,10.6,旧模式(分散直发+统配)
50258,电商订单,GXP20241112024554,1,华南,2024-11-12,2024-11-16,4,1,0.67,0.03,4.7,旧模式(分散直发+统配)
50259,电商订单,GXP20241023026100,2,西南,2024-10-24,2024-10-28,4,3,7.62,0.3,16.8,旧模式(分散直发+统配)
50260,电商订单,GXP20240502014508,1,华北,2024-05-02,2024-05-05,3,1,1.44,0.01,6.3,旧模式(分散直发+统配)
50261,电商订单,GXP20250807006169,1,西北,2025-08-08,2025-08-11,3,1,3.2,0.01,9.7,旧模式(分散直发+统配)
50262,电商订单,GXP20251115013804,1,甘肃,2025-11-16,2025-11-17,1,1,2.94,0.01,6.1,新模式(集中仓储+分级配送)
50263,电商订单,GXP20250220005048,1,东北,2025-02-21,2025-02-26,5,1,2.61,0.01,7.7,旧模式(分散直发+统配)
50264,电商订单,GXP20250217019763,2,甘肃,2025-02-18,2025-02-20,2,1,1.54,0.01,6.3,旧模式(分散直发+统配)
50265,电商订单,GXP20250106000115,1,西南,2025-01-07,2025-01-11,4,1,3.69,0.02,9.8,旧模式(分散直发+统配)
50266,电商订单,GXP20241120016511,2,西南,2024-11-21,2024-11-25,4,1,2.15,0.02,7.9,旧模式(分散直发+统配)
50267,电商订单,GXP20251112007838,1,华南,2025-11-13,2025-11-16,3,1,2.96,0.05,4.9,新模式(集中仓储+分级配送)
50268,电商订单,GXP20250501022544,1,华北,2025-05-02,2025-05-06,4,1,3.08,0.01,10.6,旧模式(分散直发+统配)
50269,电商订单,GXP20250416010745,1,华南,2025-04-16,2025-04-20,4,1,1.24,0.01,5.4,旧模式(分散直发+统配)
50270,电商订单,GXP20250715018079,1,西南,2025-07-15,2025-07-18,3,1,0.97,0.02,2.0,新模式(集中仓储+分级配送)
50271,电商订单,GXP20240809017075,1,华南,2024-08-10,2024-08-15,5,1,2.06,0.01,7.3,旧模式(分散直发+统配)
50272,电商订单,GXP20250608003947,2,华东,2025-06-08,2025-06-12,4,1,3.43,0.03,11.1,旧模式(分散直发+统配)
50273,电商订单,GXP20251115014141,1,甘肃,2025-11-16,2025-11-17,1,1,1.55,0.0,2.5,新模式(集中仓储+分级配送)
50274,电商订单,GXP20240916015460,2,华北,2024-09-17,2024-09-21,4,1,0.99,0.04,5.2,旧模式(分散直发+统配)
50275,电商订单,GXP20241122019444,1,甘肃,2024-11-22,2024-11-23,1,1,3.25,0.02,10.7,旧模式(分散直发+统配)
50276,电商订单,GXP20250909020094,2,华南,2025-09-09,2025-09-15,6,1,3.44,0.01,11.1,旧模式(分散直发+统配)
50277,电商订单,GXP20250225018638,1,华东,2025-02-25,2025-02-28,3,1,3.06,0.08,9.8,旧模式(分散直发+统配)
50278,电商订单,GXP20240620021385,2,华南,2024-06-21,2024-06-25,4,1,2.46,0.02,7.6,旧模式(分散直发+统配)
50279,电商订单,GXP20250712004603,1,华南,2025-07-12,2025-07-14,2,1,3.0,0.01,4.6,新模式(集中仓储+分级配送)
50280,电商订单,GXP20240910023112,1,西南,2024-09-10,2024-09-16,6,1,4.27,0.02,13.7,旧模式(分散直发+统配)
50281,电商订单,GXP20251129009446,1,甘肃,2025-11-29,2025-11-30,1,1,4.42,0.1,8.2,新模式(集中仓储+分级配送)
50282,电商订单,GXP20240703015852,1,华南,2024-07-04,2024-07-10,6,1,4.7,0.03,15.2,旧模式(分散直发+统配)
50283,电商订单,GXP20241107016249,1,华东,2024-11-07,2024-11-11,4,1,1.4,0.01,6.6,旧模式(分散直发+统配)
50284,电商订单,GXP20240708026248,1,华东,2024-07-09,2024-07-12,3,1,3.15,0.02,10.7,旧模式(分散直发+统配)
50285,电商订单,GXP20240918011238,1,华东,2024-09-19,2024-09-24,5,1,1.61,0.01,6.4,旧模式(分散直发+统配)
50286,电商订单,GXP20250907016202,1,华南,2025-09-07,2025-09-11,4,1,1.32,0.03,2.5,新模式(集中仓储+分级配送)
50287,电商订单,GXP20240622016668,2,东北,2024-06-23,2024-06-30,7,1,2.82,0.11,8.9,旧模式(分散直发+统配)
50288,电商订单,GXP20240916006681,1,华北,2024-09-16,2024-09-19,3,1,5.62,0.25,16.4,旧模式(分散直发+统配)
50289,电商订单,GXP20241106008006,1,西北,2024-11-06,2024-11-08,2,1,2.81,0.01,8.5,旧模式(分散直发+统配)
50290,电商订单,GXP20240605016059,2,东北,2024-06-06,2024-06-10,4,1,3.17,0.1,9.8,旧模式(分散直发+统配)
50291,电商订单,GXP20251009023330,1,甘肃,2025-10-09,2025-10-10,1,1,1.42,0.01,2.4,新模式(集中仓储+分级配送)
50292,电商订单,GXP20240816010251,1,华南,2024-08-16,2024-08-22,6,2,7.87,0.29,22.7,旧模式(分散直发+统配)
50293,电商订单,GXP20250806003562,2,华南,2025-08-06,2025-08-11,5,1,4.17,0.03,11.9,旧模式(分散直发+统配)
50294,电商订单,GXP20240401022790,2,华北,2024-04-01,2024-04-04,3,1,4.7,0.01,13.6,旧模式(分散直发+统配)
50295,电商订单,GXP20250729015215,1,华南,2025-07-30,2025-08-02,3,1,5.11,0.12,10.3,新模式(集中仓储+分级配送)
50296,电商订单,GXP20240119008617,1,华东,2024-01-20,2024-01-23,3,1,5.97,0.04,17.2,旧模式(分散直发+统配)
50297,电商订单,GXP20241104018346,2,华东,2024-11-04,2024-11-08,4,1,2.39,0.02,8.3,旧模式(分散直发+统配)
50298,电商订单,GXP20250804018826,1,东北,2025-08-05,2025-08-07,2,1,2.09,0.0,3.7,新模式(集中仓储+分级配送)
50299,电商订单,GXP20241108007991,1,甘肃,2024-11-09,2024-11-11,2,1,4.82,0.02,15.3,旧模式(分散直发+统配)
50300,电商订单,GXP20240211014598,2,西北,2024-02-11,2024-02-13,2,1,0.99,0.0,5.0,旧模式(分散直发+统配)
50301,电商订单,GXP20250712024888,1,华东,2025-07-13,2025-07-16,3,1,4.05,0.02,7.4,新模式(集中仓储+分级配送)
50302,电商订单,GXP20251211015255,1,华南,2025-12-12,2025-12-15,3,1,1.19,0.0,2.2,新模式(集中仓储+分级配送)
50303,电商订单,GXP20251207000064,1,华北,2025-12-07,2025-12-10,3,1,1.7,0.01,3.2,新模式(集中仓储+分级配送)
50304,电商订单,GXP20250917009688,1,甘肃,2025-09-17,2025-09-18,1,1,0.8,0.01,1.2,新模式(集中仓储+分级配送)
50305,电商订单,GXP20251123012095,1,西南,2025-11-23,2025-11-28,5,1,2.32,0.06,8.1,旧模式(分散直发+统配)
50306,电商订单,GXP20241204007010,1,西南,2024-12-04,2024-12-08,4,1,1.43,0.01,6.7,旧模式(分散直发+统配)
50307,电商订单,GXP20250919017226,1,华北,2025-09-19,2025-09-23,4,1,2.13,0.06,7.1,旧模式(分散直发+统配)
50308,电商订单,GXP20240721015325,2,华北,2024-07-22,2024-07-25,3,1,6.04,0.02,17.2,旧模式(分散直发+统配)
50309,电商订单,GXP20240111020359,1,华东,2024-01-11,2024-01-16,5,1,2.05,0.07,8.0,旧模式(分散直发+统配)
50310,电商订单,GXP20241215012941,1,华北,2024-12-16,2024-12-20,4,1,0.5,0.0,4.1,旧模式(分散直发+统配)
50311,电商订单,GXP20240226024121,2,西北,2024-02-26,2024-02-29,3,1,1.8,0.01,6.4,旧模式(分散直发+统配)
50312,电商订单,GXP20250831014860,1,华北,2025-09-01,2025-09-03,2,1,2.29,0.01,4.7,新模式(集中仓储+分级配送)
50313,电商订单,GXP20250318005217,2,东北,2025-03-19,2025-03-23,4,1,2.04,0.01,7.0,旧模式(分散直发+统配)
50314,电商订单,GXP20250814020089,1,华东,2025-08-14,2025-08-16,2,1,2.12,0.01,3.9,新模式(集中仓储+分级配送)
50315,电商订单,GXP20250518001502,1,西北,2025-05-18,2025-05-20,2,1,5.72,0.02,9.5,新模式(集中仓储+分级配送)
50316,电商订单,GXP20240331025668,1,华北,2024-04-01,2024-04-05,4,2,12.13,0.04,28.2,旧模式(分散直发+统配)
50317,电商订单,GXP20241211023861,2,东北,2024-12-12,2024-12-19,7,1,1.08,0.01,5.1,旧模式(分散直发+统配)
50318,电商订单,GXP20241111016836,2,华北,2024-11-12,2024-11-16,4,1,2.46,0.01,7.6,旧模式(分散直发+统配)
50319,电商订单,GXP20240507014173,1,华北,2024-05-07,2024-05-10,3,1,2.78,0.02,9.3,旧模式(分散直发+统配)
50320,电商订单,GXP20251215001403,1,华东,2025-12-16,2025-12-19,3,1,0.92,0.0,1.8,新模式(集中仓储+分级配送)
50321,电商订单,GXP20250407020721,1,东北,2025-04-07,2025-04-10,3,1,2.01,0.05,4.1,新模式(集中仓储+分级配送)
50322,电商订单,GXP20240626010485,1,华北,2024-06-27,2024-06-30,3,1,2.01,0.06,8.2,旧模式(分散直发+统配)
50323,电商订单,GXP20251120006405,1,华东,2025-11-21,2025-11-24,3,1,3.2,0.02,5.9,新模式(集中仓储+分级配送)
50324,电商订单,GXP20240116004931,1,华北,2024-01-16,2024-01-19,3,1,2.96,0.01,9.3,旧模式(分散直发+统配)
50325,电商订单,GXP20240312008065,2,西北,2024-03-12,2024-03-14,2,1,2.19,0.07,7.9,旧模式(分散直发+统配)
50326,电商订单,GXP20250518020793,2,西北,2025-05-19,2025-05-22,3,1,0.68,0.0,4.5,旧模式(分散直发+统配)
50327,电商订单,GXP20240727024125,1,甘肃,2024-07-27,2024-07-29,2,1,1.01,0.03,5.4,旧模式(分散直发+统配)
50328,电商订单,GXP20240510008393,2,西北,2024-05-10,2024-05-13,3,1,2.81,0.01,9.7,旧模式(分散直发+统配)
50329,电商订单,GXP20240705017289,1,华东,2024-07-05,2024-07-09,4,1,3.54,0.03,11.0,旧模式(分散直发+统配)
50330,电商订单,GXP20251221004944,1,甘肃,2025-12-22,2025-12-23,1,1,1.28,0.0,2.3,新模式(集中仓储+分级配送)
50331,电商订单,GXP20240507021876,2,西北,2024-05-07,2024-05-10,3,1,1.5,0.01,6.0,旧模式(分散直发+统配)
50332,电商订单,GXP20250721020927,1,华北,2025-07-21,2025-07-23,2,1,1.48,0.01,2.6,新模式(集中仓储+分级配送)
50333,电商订单,GXP20250603009756,1,东北,2025-06-04,2025-06-08,4,1,2.35,0.02,8.0,旧模式(分散直发+统配)
50334,电商订单,GXP20250901023038,2,甘肃,2025-09-01,2025-09-03,2,1,3.31,0.13,10.5,旧模式(分散直发+统配)
50335,电商订单,GXP20241029020290,1,甘肃,2024-10-29,2024-10-31,2,1,3.35,0.02,11.3,旧模式(分散直发+统配)
50336,电商订单,GXP20241011003500,1,华东,2024-10-12,2024-10-15,3,1,4.26,0.18,13.1,旧模式(分散直发+统配)
50337,电商订单,GXP20240527005024,1,西南,2024-05-27,2024-06-01,5,1,2.83,0.01,9.9,旧模式(分散直发+统配)
50338,电商订单,GXP20251201007956,1,华东,2025-12-01,2025-12-05,4,1,1.24,0.02,2.5,新模式(集中仓储+分级配送)
50339,电商订单,GXP20250620025858,1,华北,2025-06-20,2025-06-22,2,1,1.49,0.03,2.7,新模式(集中仓储+分级配送)
50340,电商订单,GXP20241218019464,1,华南,2024-12-19,2024-12-25,6,1,2.12,0.02,7.1,旧模式(分散直发+统配)
50341,电商订单,GXP20250904019034,1,华北,2025-09-05,2025-09-08,3,1,2.8,0.01,4.2,新模式(集中仓储+分级配送)
50342,电商订单,GXP20251231014842,2,华北,2026-01-01,2026-01-05,4,1,1.06,0.01,5.6,旧模式(分散直发+统配)
50343,电商订单,GXP20251007024410,1,华南,2025-10-07,2025-10-11,4,1,4.45,0.01,8.9,新模式(集中仓储+分级配送)
50344,电商订单,GXP20250501022181,1,华东,2025-05-02,2025-05-05,3,1,2.38,0.04,3.8,新模式(集中仓储+分级配送)
50345,电商订单,GXP20240614014820,1,西北,2024-06-14,2024-06-17,3,1,5.29,0.04,14.6,旧模式(分散直发+统配)
50346,电商订单,GXP20250203019553,2,甘肃,2025-02-03,2025-02-04,1,1,1.14,0.0,5.2,旧模式(分散直发+统配)
50347,电商订单,GXP20250207019935,1,华东,2025-02-07,2025-02-10,3,1,3.53,0.02,11.4,旧模式(分散直发+统配)
50348,电商订单,GXP20251205012270,1,华东,2025-12-05,2025-12-10,5,1,4.37,0.02,14.0,旧模式(分散直发+统配)
50349,电商订单,GXP20250303017992,2,华东,2025-03-03,2025-03-08,5,3,8.72,0.06,20.6,旧模式(分散直发+统配)
50350,电商订单,GXP20250823000849,2,华东,2025-08-23,2025-08-27,4,1,5.83,0.16,16.9,旧模式(分散直发+统配)
50351,电商订单,GXP20250604025311,1,华南,2025-06-05,2025-06-08,3,1,1.99,0.03,3.3,新模式(集中仓储+分级配送)
50352,电商订单,GXP20240130010784,1,华北,2024-01-30,2024-02-02,3,1,2.93,0.01,8.4,旧模式(分散直发+统配)
50353,电商订单,GXP20240610018861,1,甘肃,2024-06-10,2024-06-11,1,1,4.7,0.15,13.8,旧模式(分散直发+统配)
50354,电商订单,GXP20250123018300,1,西北,2025-01-23,2025-01-25,2,1,1.28,0.01,6.2,旧模式(分散直发+统配)
50355,电商订单,GXP20251220020266,1,甘肃,2025-12-20,2025-12-21,1,1,2.29,0.02,7.3,旧模式(分散直发+统配)
50356,电商订单,GXP20240810011544,2,华南,2024-08-11,2024-08-17,6,1,0.5,0.02,4.1,旧模式(分散直发+统配)
50357,电商订单,GXP20250111012942,1,东北,2025-01-11,2025-01-16,5,1,2.27,0.08,8.0,旧模式(分散直发+统配)
50358,电商订单,GXP20240524021541,2,西北,2024-05-25,2024-05-27,2,1,1.54,0.01,6.4,旧模式(分散直发+统配)
50359,电商订单,GXP20250701007560,1,华东,2025-07-02,2025-07-04,2,1,1.85,0.02,2.9,新模式(集中仓储+分级配送)
50360,电商订单,GXP20240401015282,1,东北,2024-04-01,2024-04-05,4,1,3.43,0.02,9.2,旧模式(分散直发+统配)
50361,电商订单,GXP20250215018329,1,华南,2025-02-16,2025-02-21,5,1,2.12,0.07,8.0,旧模式(分散直发+统配)
50362,电商订单,GXP20251130001327,2,华北,2025-12-01,2025-12-04,3,1,1.45,0.01,6.2,旧模式(分散直发+统配)
50363,电商订单,GXP20241001011335,2,西北,2024-10-02,2024-10-05,3,1,3.11,0.11,10.1,旧模式(分散直发+统配)
50364,电商订单,GXP20251215014439,1,西南,2025-12-16,2025-12-20,4,1,1.11,0.0,1.7,新模式(集中仓储+分级配送)
50365,电商订单,GXP20251216001694,1,华东,2025-12-16,2025-12-18,2,1,2.66,0.01,4.4,新模式(集中仓储+分级配送)
50366,电商订单,GXP20250930007817,1,华北,2025-09-30,2025-10-02,2,1,1.17,0.0,2.0,新模式(集中仓储+分级配送)
50367,电商订单,GXP20250530023278,1,甘肃,2025-05-30,2025-05-31,1,1,3.49,10.47,6.1,新模式(集中仓储+分级配送)
50368,电商订单,GXP20250608015438,1,华北,2025-06-08,2025-06-10,2,1,1.75,0.03,2.9,新模式(集中仓储+分级配送)
50369,电商订单,GXP20240523019031,1,华东,2024-05-23,2024-05-26,3,1,3.23,9.69,9.3,旧模式(分散直发+统配)
50370,电商订单,GXP20251102005151,1,华东,2025-11-02,2025-11-04,2,1,1.11,0.01,1.8,新模式(集中仓储+分级配送)
50371,电商订单,GXP20250119016868,1,西南,2025-01-20,2025-01-26,6,1,3.28,0.14,11.4,旧模式(分散直发+统配)
50372,电商订单,GXP20251123001814,1,华南,2025-11-24,2025-11-28,4,1,0.72,0.0,1.2,新模式(集中仓储+分级配送)
50373,电商订单,GXP20251211007402,1,甘肃,2025-12-11,2025-12-12,1,1,1.03,0.0,1.8,新模式(集中仓储+分级配送)
50374,电商订单,GXP20250317016648,1,华南,2025-03-18,2025-03-22,4,1,5.36,0.17,15.4,旧模式(分散直发+统配)
50375,电商订单,GXP20250728017926,1,甘肃,2025-07-29,2025-07-30,1,1,3.81,0.09,7.0,新模式(集中仓储+分级配送)
50376,电商订单,GXP20251218018689,1,华东,2025-12-18,2025-12-20,2,1,2.77,0.01,4.6,新模式(集中仓储+分级配送)
50377,电商订单,GXP20241112007484,1,华南,2024-11-13,2024-11-18,5,1,0.5,0.02,4.0,旧模式(分散直发+统配)
50378,电商订单,GXP20251124019360,1,西北,2025-11-25,2025-11-27,2,1,4.46,0.01,8.0,新模式(集中仓储+分级配送)
50379,电商订单,GXP20250304007360,1,华东,2025-03-04,2025-03-07,3,1,1.43,0.01,6.7,旧模式(分散直发+统配)
50380,电商订单,GXP20240411025882,1,西南,2024-04-12,2024-04-18,6,1,5.12,0.02,15.7,旧模式(分散直发+统配)
50381,电商订单,GXP20250710005711,1,甘肃,2025-07-10,2025-07-11,1,1,1.97,0.01,3.9,新模式(集中仓储+分级配送)
50382,电商订单,GXP20240129008999,2,西北,2024-01-30,2024-02-01,2,1,5.77,0.24,14.6,旧模式(分散直发+统配)
50383,电商订单,GXP20240327006191,2,西南,2024-03-27,2024-04-01,5,1,7.96,0.24,20.7,旧模式(分散直发+统配)
50384,电商订单,GXP20240904004251,2,华东,2024-09-05,2024-09-09,4,1,1.25,0.0,6.1,旧模式(分散直发+统配)
50385,电商订单,GXP20240420014283,1,西南,2024-04-21,2024-04-26,5,1,3.63,0.02,10.3,旧模式(分散直发+统配)
50386,电商订单,GXP20251111000071,1,东北,2025-11-12,2025-11-15,3,1,3.68,0.02,6.8,新模式(集中仓储+分级配送)
50387,电商订单,GXP20250626015123,1,华南,2025-06-26,2025-06-28,2,1,1.68,0.01,2.8,新模式(集中仓储+分级配送)
50388,电商订单,GXP20241015021374,2,华北,2024-10-16,2024-10-19,3,1,5.8,0.04,17.4,旧模式(分散直发+统配)
50389,电商订单,GXP20240129010865,1,华东,2024-01-30,2024-02-03,4,1,1.04,0.01,5.4,旧模式(分散直发+统配)
50390,电商订单,GXP20250101020618,1,甘肃,2025-01-02,2025-01-04,2,1,1.47,0.01,6.2,旧模式(分散直发+统配)
50391,电商订单,GXP20240625016710,1,华南,2024-06-26,2024-07-01,5,1,2.74,0.11,8.1,旧模式(分散直发+统配)
50392,电商订单,GXP20241015012183,2,西南,2024-10-16,2024-10-20,4,1,2.93,0.1,8.7,旧模式(分散直发+统配)
50393,电商订单,GXP20240513025818,1,西南,2024-05-13,2024-05-19,6,1,2.46,0.01,9.3,旧模式(分散直发+统配)
50394,电商订单,GXP20250813002995,1,华东,2025-08-13,2025-08-16,3,1,4.85,0.07,8.8,新模式(集中仓储+分级配送)
50395,电商订单,GXP20251123019058,1,甘肃,2025-11-23,2025-11-24,1,1,1.94,0.01,3.9,新模式(集中仓储+分级配送)
50396,电商订单,GXP20241216003716,1,甘肃,2024-12-17,2024-12-19,2,1,5.99,0.03,18.0,旧模式(分散直发+统配)
50397,电商订单,GXP20250926025076,1,华北,2025-09-26,2025-09-30,4,1,5.09,0.13,10.6,新模式(集中仓储+分级配送)
50398,电商订单,GXP20240107014275,1,华南,2024-01-07,2024-01-11,4,1,3.7,0.01,10.0,旧模式(分散直发+统配)
50399,电商订单,GXP20250321026076,2,华东,2025-03-21,2025-03-24,3,1,2.44,0.07,7.8,旧模式(分散直发+统配)
50400,电商订单,GXP20241109012989,1,华北,2024-11-09,2024-11-12,3,1,3.33,0.02,11.6,旧模式(分散直发+统配)
50401,电商订单,GXP20251029006906,1,华南,2025-10-29,2025-11-01,3,1,1.79,0.02,3.6,新模式(集中仓储+分级配送)
50402,电商订单,GXP20251222016105,1,华北,2025-12-22,2025-12-25,3,1,2.49,0.01,5.0,新模式(集中仓储+分级配送)
50403,电商订单,GXP20240111006999,2,甘肃,2024-01-11,2024-01-13,2,1,1.85,0.01,6.6,旧模式(分散直发+统配)
50404,电商订单,GXP20251220015533,1,华东,2025-12-20,2025-12-22,2,1,3.36,0.01,6.5,新模式(集中仓储+分级配送)
50405,电商订单,GXP20250902005386,1,华东,2025-09-03,2025-09-06,3,1,1.61,0.0,2.4,新模式(集中仓储+分级配送)
50406,电商订单,GXP20241211001181,1,华北,2024-12-11,2024-12-14,3,1,3.01,0.02,10.4,旧模式(分散直发+统配)
50407,电商订单,GXP20240312007175,1,西北,2024-03-13,2024-03-16,3,1,3.28,0.02,9.6,旧模式(分散直发+统配)
50408,电商订单,GXP20251023020737,1,甘肃,2025-10-23,2025-10-24,1,2,9.69,0.04,15.9,新模式(集中仓储+分级配送)
50409,电商订单,GXP20250506017697,1,华东,2025-05-06,2025-05-10,4,1,4.0,0.03,12.8,旧模式(分散直发+统配)
50410,电商订单,GXP20241218012513,1,东北,2024-12-19,2024-12-25,6,1,1.76,0.01,7.2,旧模式(分散直发+统配)
50411,电商订单,GXP20240120002232,2,华南,2024-01-21,2024-01-25,4,1,1.02,0.0,5.2,旧模式(分散直发+统配)
50412,电商订单,GXP20250524012456,1,华东,2025-05-25,2025-05-27,2,1,3.65,0.01,7.1,新模式(集中仓储+分级配送)
50413,电商订单,GXP20240514012361,1,西北,2024-05-15,2024-05-18,3,1,0.79,0.0,4.5,旧模式(分散直发+统配)
50414,电商订单,GXP20251220022779,1,华北,2025-12-21,2025-12-24,3,1,2.23,0.01,4.0,新模式(集中仓储+分级配送)
50415,电商订单,GXP20241102016012,1,西北,2024-11-03,2024-11-05,2,1,3.65,0.02,12.2,旧模式(分散直发+统配)
50416,电商订单,GXP20250530025642,1,华东,2025-05-30,2025-06-01,2,1,4.24,0.01,7.9,新模式(集中仓储+分级配送)
50417,电商订单,GXP20250309018002,1,华北,2025-03-09,2025-03-13,4,1,2.26,0.01,7.9,旧模式(分散直发+统配)
50418,电商订单,GXP20250113019148,1,华东,2025-01-13,2025-01-18,5,1,0.86,0.0,5.0,旧模式(分散直发+统配)
50419,电商订单,GXP20251122007976,1,东北,2025-11-22,2025-11-27,5,1,2.47,0.05,4.5,新模式(集中仓储+分级配送)
50420,电商订单,GXP20250803026011,1,西北,2025-08-03,2025-08-06,3,1,2.97,0.12,10.6,旧模式(分散直发+统配)
50421,电商订单,GXP20241008019018,1,华东,2024-10-09,2024-10-13,4,1,1.72,0.01,6.6,旧模式(分散直发+统配)
50422,电商订单,GXP20250618015278,1,华东,2025-06-19,2025-06-23,4,1,1.01,0.02,1.6,新模式(集中仓储+分级配送)
50423,电商订单,GXP20241105007540,2,华南,2024-11-05,2024-11-09,4,1,0.54,0.0,4.3,旧模式(分散直发+统配)
50424,电商订单,GXP20240401021717,1,甘肃,2024-04-02,2024-04-03,1,1,1.9,0.08,7.8,旧模式(分散直发+统配)
50425,电商订单,GXP20250506023445,1,华东,2025-05-07,2025-05-10,3,1,1.03,0.0,2.0,新模式(集中仓储+分级配送)
50426,电商订单,GXP20241025005428,1,华东,2024-10-25,2024-10-29,4,1,2.75,0.01,8.6,旧模式(分散直发+统配)
50427,电商订单,GXP20250805008926,1,西南,2025-08-06,2025-08-09,3,1,1.89,0.03,2.9,新模式(集中仓储+分级配送)
50428,电商订单,GXP20240929018367,1,西南,2024-09-29,2024-10-05,6,1,4.25,0.17,12.4,旧模式(分散直发+统配)
50429,电商订单,GXP20251211022751,1,西南,2025-12-12,2025-12-15,3,1,2.67,0.05,4.3,新模式(集中仓储+分级配送)
50430,电商订单,GXP20250720001614,1,甘肃,2025-07-21,2025-07-22,1,1,2.02,0.01,3.6,新模式(集中仓储+分级配送)
50431,电商订单,GXP20250413006886,1,华东,2025-04-14,2025-04-19,5,1,2.37,0.02,7.7,旧模式(分散直发+统配)
50432,电商订单,GXP20250512018723,1,华东,2025-05-12,2025-05-14,2,1,5.5,0.02,10.6,新模式(集中仓储+分级配送)
50433,电商订单,GXP20240220017573,1,西南,2024-02-21,2024-02-27,6,1,2.72,0.01,8.6,旧模式(分散直发+统配)
50434,电商订单,GXP20241028004663,1,西北,2024-10-28,2024-10-31,3,1,2.95,0.01,9.0,旧模式(分散直发+统配)
50435,电商订单,GXP20251026004423,1,华北,2025-10-27,2025-10-29,2,1,8.39,0.11,12.7,新模式(集中仓储+分级配送)
50436,电商订单,GXP20241005009507,1,华东,2024-10-05,2024-10-10,5,1,2.16,0.01,7.2,旧模式(分散直发+统配)
50437,电商订单,GXP20240901021437,2,华东,2024-09-01,2024-09-05,4,1,2.05,0.01,8.3,旧模式(分散直发+统配)
50438,电商订单,GXP20250603003965,1,甘肃,2025-06-04,2025-06-05,1,1,9.13,0.22,18.3,新模式(集中仓储+分级配送)
50439,电商订单,GXP20240721022121,2,华东,2024-07-22,2024-07-27,5,2,8.09,0.04,18.2,旧模式(分散直发+统配)
50440,电商订单,GXP20250526011986,1,华北,2025-05-27,2025-05-30,3,1,1.27,0.0,2.2,新模式(集中仓储+分级配送)
50441,电商订单,GXP20240511017719,1,华北,2024-05-11,2024-05-14,3,1,1.95,0.01,6.9,旧模式(分散直发+统配)
50442,电商订单,GXP20251202016825,1,华东,2025-12-03,2025-12-06,3,1,7.1,0.03,14.5,新模式(集中仓储+分级配送)
50443,电商订单,GXP20250928009305,1,甘肃,2025-09-29,2025-09-30,1,1,5.01,0.02,8.0,新模式(集中仓储+分级配送)
50444,电商订单,GXP20251214000640,1,西南,2025-12-14,2025-12-18,4,1,2.17,0.04,4.4,新模式(集中仓储+分级配送)
50445,电商订单,GXP20240108021334,2,东北,2024-01-08,2024-01-15,7,1,1.41,0.0,6.5,旧模式(分散直发+统配)
50446,电商订单,GXP20241112026411,1,华北,2024-11-13,2024-11-16,3,1,6.27,0.25,19.1,旧模式(分散直发+统配)
50447,电商订单,GXP20241124013988,1,甘肃,2024-11-25,2024-11-26,1,1,1.63,0.01,6.8,旧模式(分散直发+统配)
50448,电商订单,GXP20240916023908,1,东北,2024-09-16,2024-09-20,4,1,1.44,0.0,6.3,旧模式(分散直发+统配)
50449,电商订单,GXP20241025002423,1,华东,2024-10-26,2024-10-31,5,1,1.04,0.01,5.3,旧模式(分散直发+统配)
50450,电商订单,GXP20241127020811,1,华北,2024-11-28,2024-12-02,4,1,4.45,0.03,11.6,旧模式(分散直发+统配)
50451,电商订单,GXP20250122012350,1,西南,2025-01-22,2025-01-28,6,1,1.88,0.01,6.8,旧模式(分散直发+统配)
50452,电商订单,GXP20241123001951,1,西南,2024-11-24,2024-11-30,6,1,2.83,0.01,8.9,旧模式(分散直发+统配)
50453,电商订单,GXP20250702003912,1,华东,2025-07-03,2025-07-06,3,1,2.27,0.01,4.3,新模式(集中仓储+分级配送)
50454,电商订单,GXP20240108009448,1,华南,2024-01-09,2024-01-13,4,1,1.12,0.01,5.1,旧模式(分散直发+统配)
50455,电商订单,GXP20241016007409,1,华南,2024-10-17,2024-10-22,5,1,3.94,0.03,10.6,旧模式(分散直发+统配)
50456,电商订单,GXP20250601022326,1,西南,2025-06-02,2025-06-05,3,1,2.81,0.04,5.2,新模式(集中仓储+分级配送)
50457,电商订单,GXP20250614009326,1,甘肃,2025-06-14,2025-06-15,1,1,3.72,0.01,6.7,新模式(集中仓储+分级配送)
50458,电商订单,GXP20240713013032,2,华南,2024-07-14,2024-07-19,5,1,1.4,0.01,6.5,旧模式(分散直发+统配)
50459,电商订单,GXP20250907021253,2,华东,2025-09-08,2025-09-13,5,1,1.06,0.01,5.3,旧模式(分散直发+统配)
50460,电商订单,GXP20240618004315,1,甘肃,2024-06-19,2024-06-21,2,1,0.53,0.0,4.1,旧模式(分散直发+统配)
50461,电商订单,GXP20250909001011,1,东北,2025-09-09,2025-09-13,4,2,10.3,0.38,29.1,旧模式(分散直发+统配)
50462,电商订单,GXP20240605017641,1,华北,2024-06-05,2024-06-10,5,1,2.08,0.01,7.8,旧模式(分散直发+统配)
50463,电商订单,GXP20250623024357,1,甘肃,2025-06-24,2025-06-25,1,1,3.01,0.01,5.3,新模式(集中仓储+分级配送)
50464,电商订单,GXP20250604002106,1,华南,2025-06-05,2025-06-10,5,1,1.38,0.01,5.6,旧模式(分散直发+统配)
50465,电商订单,GXP20250625006424,1,华南,2025-06-25,2025-06-29,4,1,1.86,0.0,2.8,新模式(集中仓储+分级配送)
50466,电商订单,GXP20240626013383,1,甘肃,2024-06-27,2024-06-29,2,1,1.33,0.0,5.7,旧模式(分散直发+统配)
50467,电商订单,GXP20241010004411,1,西南,2024-10-11,2024-10-17,6,2,10.7,0.04,29.8,旧模式(分散直发+统配)
50468,电商订单,GXP20250508020629,1,西南,2025-05-09,2025-05-12,3,1,0.63,0.0,1.2,新模式(集中仓储+分级配送)
50469,电商订单,GXP20240911011968,1,甘肃,2024-09-12,2024-09-13,1,1,0.93,0.04,5.1,旧模式(分散直发+统配)
50470,电商订单,GXP20251215013424,1,西南,2025-12-15,2025-12-18,3,1,3.04,0.04,5.8,新模式(集中仓储+分级配送)
50471,电商订单,GXP20250822017428,1,西南,2025-08-22,2025-08-25,3,1,1.58,0.0,2.6,新模式(集中仓储+分级配送)
50472,电商订单,GXP20241005025589,1,东北,2024-10-06,2024-10-13,7,1,3.84,0.03,10.7,旧模式(分散直发+统配)
50473,电商订单,GXP20251122011845,1,甘肃,2025-11-23,2025-11-24,1,1,2.15,0.01,3.2,新模式(集中仓储+分级配送)
50474,电商订单,GXP20250303025897,1,甘肃,2025-03-04,2025-03-05,1,1,3.38,0.02,9.7,旧模式(分散直发+统配)
50475,电商订单,GXP20250429008493,1,华北,2025-04-30,2025-05-03,3,1,1.72,0.0,3.2,新模式(集中仓储+分级配送)
50476,电商订单,GXP20240625011060,1,华北,2024-06-25,2024-06-29,4,1,2.47,0.01,8.1,旧模式(分散直发+统配)
50477,电商订单,GXP20240604025924,1,华东,2024-06-04,2024-06-08,4,1,3.56,0.02,10.2,旧模式(分散直发+统配)
50478,电商订单,GXP20250103013808,1,甘肃,2025-01-03,2025-01-04,1,1,2.84,0.01,8.9,旧模式(分散直发+统配)
50479,电商订单,GXP20250715024262,1,西南,2025-07-16,2025-07-20,4,1,5.88,0.02,11.3,新模式(集中仓储+分级配送)
50480,电商订单,GXP20241231023013,1,华东,2024-12-31,2025-01-05,5,1,1.59,0.01,6.6,旧模式(分散直发+统配)
50481,电商订单,GXP20251030003741,1,华东,2025-10-30,2025-11-02,3,1,6.55,0.02,11.4,新模式(集中仓储+分级配送)
50482,电商订单,GXP20240813007531,2,华东,2024-08-14,2024-08-19,5,1,1.17,0.04,5.5,旧模式(分散直发+统配)
50483,电商订单,GXP20250806026338,1,甘肃,2025-08-06,2025-08-07,1,1,3.39,0.01,6.2,新模式(集中仓储+分级配送)
50484,电商订单,GXP20250708004234,1,华南,2025-07-08,2025-07-12,4,1,1.81,0.06,7.4,旧模式(分散直发+统配)
50485,电商订单,GXP20240620010706,1,华东,2024-06-21,2024-06-26,5,1,0.73,0.02,4.6,旧模式(分散直发+统配)
50486,电商订单,GXP20250724017030,1,华东,2025-07-24,2025-07-28,4,1,2.72,0.01,8.1,旧模式(分散直发+统配)
50487,电商订单,GXP20240212013875,2,甘肃,2024-02-12,2024-02-14,2,1,3.29,0.11,10.8,旧模式(分散直发+统配)
50488,电商订单,GXP20250812023493,1,华南,2025-08-12,2025-08-15,3,1,2.39,0.01,4.9,新模式(集中仓储+分级配送)
50489,电商订单,GXP20250623000535,1,华东,2025-06-24,2025-06-27,3,1,4.64,0.07,7.9,新模式(集中仓储+分级配送)
50490,电商订单,GXP20250923018573,1,东北,2025-09-24,2025-09-28,4,1,1.4,0.0,2.1,新模式(集中仓储+分级配送)
50491,电商订单,GXP20240201015157,1,甘肃,2024-02-01,2024-02-02,1,1,2.45,0.02,8.6,旧模式(分散直发+统配)
50492,电商订单,GXP20240918003949,1,甘肃,2024-09-18,2024-09-19,1,1,0.57,0.03,4.5,旧模式(分散直发+统配)
50493,电商订单,GXP20240502008030,2,华北,2024-05-03,2024-05-07,4,1,1.59,0.01,7.0,旧模式(分散直发+统配)
50494,电商订单,GXP20250331007227,1,华南,2025-04-01,2025-04-05,4,1,1.8,0.0,3.6,新模式(集中仓储+分级配送)
50495,电商订单,GXP20250512019942,1,华北,2025-05-12,2025-05-15,3,1,3.04,0.01,5.0,新模式(集中仓储+分级配送)
50496,电商订单,GXP20251221015870,1,甘肃,2025-12-21,2025-12-22,1,1,2.66,0.12,9.6,旧模式(分散直发+统配)
50497,电商订单,GXP20240507005805,1,西南,2024-05-08,2024-05-13,5,1,1.63,0.01,6.1,旧模式(分散直发+统配)
50498,电商订单,GXP20240412023160,1,东北,2024-04-12,2024-04-18,6,1,3.81,0.01,12.7,旧模式(分散直发+统配)
50499,电商订单,GXP20240802021995,1,华南,2024-08-02,2024-08-08,6,1,1.5,0.06,6.9,旧模式(分散直发+统配)
50500,电商订单,GXP20250128006850,2,华东,2025-01-29,2025-02-03,5,2,10.93,0.07,23.9,旧模式(分散直发+统配)
50501,电商订单,GXP20250805004668,1,华南,2025-08-05,2025-08-11,6,1,3.85,0.02,11.9,旧模式(分散直发+统配)
50502,电商订单,GXP20250111005502,2,西南,2025-01-11,2025-01-16,5,1,1.79,0.01,7.0,旧模式(分散直发+统配)
50503,电商订单,GXP20251207020417,1,甘肃,2025-12-08,2025-12-09,1,1,1.82,0.01,3.1,新模式(集中仓储+分级配送)
50504,电商订单,GXP20250510003576,1,华东,2025-05-11,2025-05-13,2,1,2.39,0.03,3.9,新模式(集中仓储+分级配送)
50505,电商订单,GXP20240625019064,1,东北,2024-06-25,2024-06-29,4,1,2.48,0.01,8.3,旧模式(分散直发+统配)
50506,电商订单,GXP20240208023485,1,华东,2024-02-08,2024-02-13,5,1,1.34,0.01,6.1,旧模式(分散直发+统配)
50507,电商订单,GXP20250112016646,1,西北,2025-01-13,2025-01-15,2,2,5.17,0.04,13.1,旧模式(分散直发+统配)
50508,电商订单,GXP20250704005712,1,东北,2025-07-05,2025-07-08,3,3,12.5,0.05,19.4,新模式(集中仓储+分级配送)
50509,电商订单,GXP20240402026221,1,甘肃,2024-04-03,2024-04-05,2,1,1.73,0.01,6.8,旧模式(分散直发+统配)
50510,电商订单,GXP20250122006279,1,华东,2025-01-22,2025-01-25,3,1,2.82,0.1,8.5,旧模式(分散直发+统配)
50511,电商订单,GXP20250821025078,2,甘肃,2025-08-21,2025-08-23,2,1,3.79,0.02,11.6,旧模式(分散直发+统配)
50512,电商订单,GXP20250812024246,1,东北,2025-08-13,2025-08-19,6,1,2.54,0.08,8.1,旧模式(分散直发+统配)
50513,电商订单,GXP20240901019030,1,华东,2024-09-02,2024-09-07,5,1,0.8,0.0,5.1,旧模式(分散直发+统配)
50514,电商订单,GXP20240106022530,1,华东,2024-01-07,2024-01-10,3,1,3.46,0.1,10.3,旧模式(分散直发+统配)
50515,电商订单,GXP20250625008931,2,甘肃,2025-06-25,2025-06-27,2,1,2.1,0.01,8.0,旧模式(分散直发+统配)
50516,电商订单,GXP20240815005597,2,甘肃,2024-08-16,2024-08-17,1,1,2.59,0.01,8.1,旧模式(分散直发+统配)
50517,电商订单,GXP20251106011637,1,华北,2025-11-07,2025-11-10,3,1,3.64,0.02,7.6,新模式(集中仓储+分级配送)
50518,电商订单,GXP20240605007866,2,华南,2024-06-05,2024-06-11,6,2,9.03,0.05,21.5,旧模式(分散直发+统配)
50519,电商订单,GXP20241005009040,1,西南,2024-10-05,2024-10-10,5,1,2.06,0.01,7.5,旧模式(分散直发+统配)
50520,电商订单,GXP20251123024757,1,甘肃,2025-11-24,2025-11-25,1,3,9.06,0.03,14.7,新模式(集中仓储+分级配送)
50521,电商订单,GXP20240928025612,1,华北,2024-09-29,2024-10-04,5,1,1.43,0.01,6.6,旧模式(分散直发+统配)
50522,电商订单,GXP20241201023440,1,西南,2024-12-01,2024-12-05,4,1,1.07,0.05,5.3,旧模式(分散直发+统配)
50523,电商订单,GXP20241204003697,1,华东,2024-12-04,2024-12-08,4,1,4.29,0.03,14.1,旧模式(分散直发+统配)
50524,电商订单,GXP20240514009646,1,西北,2024-05-15,2024-05-18,3,2,7.54,0.03,22.5,旧模式(分散直发+统配)
50525,电商订单,GXP20240216018140,1,华东,2024-02-16,2024-02-19,3,1,0.71,0.01,4.7,旧模式(分散直发+统配)
50526,电商订单,GXP20251124004536,1,华北,2025-11-25,2025-11-27,2,1,4.1,0.01,7.6,新模式(集中仓储+分级配送)
50527,电商订单,GXP20251029019208,1,华东,2025-10-30,2025-11-01,2,1,1.49,0.01,2.3,新模式(集中仓储+分级配送)
50528,电商订单,GXP20250321014105,1,西北,2025-03-22,2025-03-25,3,1,1.58,0.01,6.3,旧模式(分散直发+统配)
50529,电商订单,GXP20250820023951,1,华东,2025-08-21,2025-08-23,2,1,1.98,5.9399999999999995,3.2,新模式(集中仓储+分级配送)
50530,电商订单,GXP20241130006867,1,华东,2024-12-01,2024-12-04,3,1,4.64,0.04,13.5,旧模式(分散直发+统配)
50531,电商订单,GXP20251101025796,1,华东,2025-11-01,2025-11-04,3,1,1.19,0.0,2.2,新模式(集中仓储+分级配送)
50532,电商订单,GXP20250627002629,1,华东,2025-06-28,2025-06-30,2,1,3.86,0.02,7.6,新模式(集中仓储+分级配送)
50533,电商订单,GXP20251108004533,1,华南,2025-11-08,2025-11-11,3,1,1.41,0.0,2.5,新模式(集中仓储+分级配送)
50534,电商订单,GXP20251111023342,1,华南,2025-11-11,2025-11-14,3,1,1.41,0.0,2.4,新模式(集中仓储+分级配送)
50535,电商订单,GXP20240428024892,2,东北,2024-04-29,2024-05-04,5,1,3.66,0.03,12.5,旧模式(分散直发+统配)
50536,电商订单,GXP20240213014181,2,华南,2024-02-14,2024-02-19,5,1,1.33,0.05,5.5,旧模式(分散直发+统配)
50537,电商订单,GXP20251103011259,1,甘肃,2025-11-03,2025-11-04,1,1,0.56,0.02,4.4,旧模式(分散直发+统配)
50538,电商订单,GXP20250129018923,1,西北,2025-01-29,2025-02-01,3,1,2.99,0.01,10.0,旧模式(分散直发+统配)
50539,电商订单,GXP20240916011669,1,华南,2024-09-16,2024-09-21,5,1,1.67,0.01,6.8,旧模式(分散直发+统配)
50540,电商订单,GXP20251020008985,2,华北,2025-10-20,2025-10-24,4,2,5.45,0.03,14.6,旧模式(分散直发+统配)
50541,电商订单,GXP20250126011630,1,华东,2025-01-27,2025-01-30,3,1,1.15,0.0,5.3,旧模式(分散直发+统配)
50542,电商订单,GXP20250523004690,1,甘肃,2025-05-24,2025-05-25,1,1,3.39,0.06,5.3,新模式(集中仓储+分级配送)
50543,电商订单,GXP20250105015881,1,甘肃,2025-01-05,2025-01-06,1,1,1.33,0.05,6.5,旧模式(分散直发+统配)
50544,电商订单,GXP20251106006282,2,华北,2025-11-06,2025-11-10,4,1,4.52,0.2,14.6,旧模式(分散直发+统配)
50545,电商订单,GXP20240211012639,1,华东,2024-02-11,2024-02-15,4,1,5.35,0.16,16.6,旧模式(分散直发+统配)
50546,电商订单,GXP20240824021728,1,西北,2024-08-24,2024-08-26,2,1,2.47,0.09,8.4,旧模式(分散直发+统配)
50547,电商订单,GXP20251121013497,1,西南,2025-11-21,2025-11-23,2,1,1.86,0.05,3.2,新模式(集中仓储+分级配送)
50548,电商订单,GXP20240425018397,1,甘肃,2024-04-25,2024-04-27,2,1,1.85,0.05,6.5,旧模式(分散直发+统配)
50549,电商订单,GXP20240416000707,1,华东,2024-04-16,2024-04-20,4,1,2.95,0.01,8.6,旧模式(分散直发+统配)
50550,电商订单,GXP20250829004724,1,华东,2025-08-29,2025-09-01,3,1,2.34,0.01,4.5,新模式(集中仓储+分级配送)
50551,电商订单,GXP20251023018375,1,华东,2025-10-24,2025-10-27,3,1,5.44,0.11,10.0,新模式(集中仓储+分级配送)
50552,电商订单,GXP20250726009449,1,甘肃,2025-07-27,2025-07-28,1,1,2.26,0.03,4.1,新模式(集中仓储+分级配送)
50553,电商订单,GXP20240917010018,1,西北,2024-09-17,2024-09-19,2,1,2.23,0.07,7.4,旧模式(分散直发+统配)
50554,电商订单,GXP20240510007289,1,西北,2024-05-11,2024-05-14,3,1,2.22,0.09,8.8,旧模式(分散直发+统配)
50555,电商订单,GXP20250816024024,1,华东,2025-08-17,2025-08-20,3,3,9.78,0.07,25.2,旧模式(分散直发+统配)
50556,电商订单,GXP20250720016806,1,西南,2025-07-21,2025-07-25,4,1,0.54,0.02,4.3,旧模式(分散直发+统配)
50557,电商订单,GXP20250206002403,1,华北,2025-02-07,2025-02-11,4,1,4.15,0.12,13.7,旧模式(分散直发+统配)
50558,电商订单,GXP20240406012435,2,华北,2024-04-06,2024-04-11,5,1,2.09,0.06,8.1,旧模式(分散直发+统配)
50559,电商订单,GXP20240110017389,1,西南,2024-01-11,2024-01-15,4,1,2.53,0.02,9.3,旧模式(分散直发+统配)
50560,电商订单,GXP20250527014896,1,甘肃,2025-05-27,2025-05-28,1,1,1.19,0.0,1.8,新模式(集中仓储+分级配送)
50561,电商订单,GXP20241011021734,2,华东,2024-10-11,2024-10-16,5,1,1.74,0.01,6.8,旧模式(分散直发+统配)
50562,电商订单,GXP20241109023004,1,华东,2024-11-09,2024-11-13,4,1,0.75,0.01,4.8,旧模式(分散直发+统配)
50563,电商订单,GXP20250313019513,2,西北,2025-03-14,2025-03-17,3,1,2.06,0.08,8.1,旧模式(分散直发+统配)
50564,电商订单,GXP20251202016991,1,华南,2025-12-02,2025-12-06,4,1,3.03,0.05,5.1,新模式(集中仓储+分级配送)
50565,电商订单,GXP20250103023219,1,华北,2025-01-03,2025-01-07,4,1,0.5,0.0,4.1,旧模式(分散直发+统配)
50566,电商订单,GXP20250502016337,1,西北,2025-05-03,2025-05-05,2,1,1.47,0.03,2.3,新模式(集中仓储+分级配送)
50567,电商订单,GXP20250315008586,1,东北,2025-03-16,2025-03-20,4,1,3.43,0.03,10.7,旧模式(分散直发+统配)
50568,电商订单,GXP20241116020146,1,甘肃,2024-11-16,2024-11-17,1,2,5.04,0.19,12.9,旧模式(分散直发+统配)
50569,电商订单,GXP20241102021735,2,华东,2024-11-02,2024-11-07,5,1,2.06,0.01,7.3,旧模式(分散直发+统配)
50570,电商订单,GXP20250111006180,1,东北,2025-01-11,2025-01-15,4,1,7.9,0.04,20.9,旧模式(分散直发+统配)
50571,电商订单,GXP20240205004538,1,东北,2024-02-05,2024-02-10,5,1,2.53,0.07,8.6,旧模式(分散直发+统配)
50572,电商订单,GXP20240209001885,1,华南,2024-02-10,2024-02-14,4,1,1.55,0.04,5.8,旧模式(分散直发+统配)
50573,电商订单,GXP20250206016834,2,西北,2025-02-07,2025-02-10,3,1,2.93,0.01,10.4,旧模式(分散直发+统配)
50574,电商订单,GXP20240112013098,2,甘肃,2024-01-12,2024-01-13,1,1,1.22,0.01,5.8,旧模式(分散直发+统配)
50575,电商订单,GXP20250610018472,1,西北,2025-06-11,2025-06-12,1,1,1.25,0.03,2.3,新模式(集中仓储+分级配送)
50576,电商订单,GXP20251215005250,1,东北,2025-12-15,2025-12-21,6,1,2.35,0.01,7.3,旧模式(分散直发+统配)
50577,电商订单,GXP20251019006100,1,华北,2025-10-20,2025-10-23,3,1,1.25,0.0,2.1,新模式(集中仓储+分级配送)
50578,电商订单,GXP20240111005222,1,华东,2024-01-11,2024-01-16,5,1,5.85,0.17,14.6,旧模式(分散直发+统配)
50579,电商订单,GXP20241213002375,1,西南,2024-12-14,2024-12-20,6,1,2.24,0.01,8.0,旧模式(分散直发+统配)
50580,电商订单,GXP20241103008486,1,华南,2024-11-03,2024-11-07,4,1,1.9,0.01,7.6,旧模式(分散直发+统配)
50581,电商订单,GXP20250912026498,1,西北,2025-09-12,2025-09-14,2,1,6.46,0.13,11.4,新模式(集中仓储+分级配送)
50582,电商订单,GXP20241103002187,2,华南,2024-11-04,2024-11-08,4,1,2.81,0.01,8.4,旧模式(分散直发+统配)
50583,电商订单,GXP20250328004291,1,华东,2025-03-28,2025-04-01,4,1,3.64,0.02,11.6,旧模式(分散直发+统配)
50584,电商订单,GXP20251123010330,1,华南,2025-11-23,2025-11-29,6,1,2.5,0.01,8.3,旧模式(分散直发+统配)
50585,电商订单,GXP20240315001605,1,华北,2024-03-15,2024-03-19,4,1,3.36,0.03,9.2,旧模式(分散直发+统配)
50586,电商订单,GXP20250421025085,1,西南,2025-04-21,2025-04-23,2,1,2.55,0.06,4.9,新模式(集中仓储+分级配送)
50587,电商订单,GXP20250709025848,1,西南,2025-07-10,2025-07-14,4,1,2.08,0.07,7.0,旧模式(分散直发+统配)
50588,电商订单,GXP20251106010572,2,西南,2025-11-07,2025-11-12,5,1,0.74,0.03,4.8,旧模式(分散直发+统配)
50589,电商订单,GXP20250110007764,1,甘肃,2025-01-10,2025-01-11,1,1,1.61,0.01,6.2,旧模式(分散直发+统配)
50590,电商订单,GXP20250802019631,1,华北,2025-08-03,2025-08-08,5,1,2.09,0.09,7.3,旧模式(分散直发+统配)
50591,电商订单,GXP20250310015163,2,甘肃,2025-03-10,2025-03-12,2,1,1.41,0.01,6.2,旧模式(分散直发+统配)
50592,电商订单,GXP20250123021711,2,华北,2025-01-24,2025-01-28,4,1,1.71,0.07,7.2,旧模式(分散直发+统配)
50593,电商订单,GXP20240131009630,1,华北,2024-01-31,2024-02-03,3,1,2.09,0.01,7.2,旧模式(分散直发+统配)
50594,电商订单,GXP20250731013431,2,西南,2025-08-01,2025-08-07,6,1,5.04,0.02,15.5,旧模式(分散直发+统配)
50595,电商订单,GXP20240212003486,1,华北,2024-02-13,2024-02-17,4,1,1.26,0.04,5.5,旧模式(分散直发+统配)
50596,电商订单,GXP20251112009553,1,甘肃,2025-11-13,2025-11-14,1,2,5.86,0.08,9.7,新模式(集中仓储+分级配送)
50597,电商订单,GXP20251227014002,2,华南,2025-12-27,2026-01-01,5,1,2.9,0.02,9.2,旧模式(分散直发+统配)
50598,电商订单,GXP20250129017406,2,华东,2025-01-30,2025-02-04,5,1,0.89,0.02,4.8,旧模式(分散直发+统配)
50599,电商订单,GXP20250201001938,1,西北,2025-02-02,2025-02-04,2,1,3.55,0.03,9.7,旧模式(分散直发+统配)
50600,电商订单,GXP20250929016577,1,华北,2025-09-29,2025-10-02,3,1,0.5,0.0,0.8,新模式(集中仓储+分级配送)
50601,电商订单,GXP20240420015092,2,东北,2024-04-20,2024-04-25,5,1,5.76,0.04,17.5,旧模式(分散直发+统配)
50602,电商订单,GXP20250618019017,1,华东,2025-06-18,2025-06-21,3,1,0.76,0.0,1.4,新模式(集中仓储+分级配送)
50603,电商订单,GXP20250506023461,1,华东,2025-05-07,2025-05-10,3,1,3.13,0.01,9.6,旧模式(分散直发+统配)
50604,电商订单,GXP20241129023081,1,甘肃,2024-11-29,2024-11-30,1,1,1.66,0.01,6.5,旧模式(分散直发+统配)
50605,电商订单,GXP20250709006341,1,西北,2025-07-09,2025-07-11,2,1,9.93,0.24,17.4,新模式(集中仓储+分级配送)
50606,电商订单,GXP20251109006806,2,东北,2025-11-10,2025-11-14,4,1,0.96,0.03,5.3,旧模式(分散直发+统配)
50607,电商订单,GXP20240615025786,1,华北,2024-06-15,2024-06-18,3,1,2.98,0.1,9.7,旧模式(分散直发+统配)
50608,电商订单,GXP20240726002145,1,华东,2024-07-26,2024-07-31,5,1,2.69,0.02,9.2,旧模式(分散直发+统配)
50609,电商订单,GXP20240829007452,1,西北,2024-08-30,2024-09-02,3,1,2.08,0.01,6.9,旧模式(分散直发+统配)
50610,电商订单,GXP20240829015230,1,华东,2024-08-29,2024-09-03,5,2,9.53,0.07,22.2,旧模式(分散直发+统配)
50611,电商订单,GXP20250825017894,1,华东,2025-08-26,2025-08-29,3,1,5.12,0.01,10.3,新模式(集中仓储+分级配送)
50612,电商订单,GXP20240727011325,2,华北,2024-07-28,2024-08-01,4,1,2.07,0.01,7.4,旧模式(分散直发+统配)
50613,电商订单,GXP20240609015774,1,华北,2024-06-10,2024-06-15,5,1,0.96,0.03,5.0,旧模式(分散直发+统配)
50614,电商订单,GXP20241130018452,1,华北,2024-11-30,2024-12-05,5,1,3.0,0.12,9.6,旧模式(分散直发+统配)
50615,电商订单,GXP20241218013347,1,甘肃,2024-12-18,2024-12-20,2,2,12.51,0.05,27.0,旧模式(分散直发+统配)
50616,电商订单,GXP20240710003967,1,华东,2024-07-10,2024-07-15,5,1,1.24,0.01,5.7,旧模式(分散直发+统配)
50617,电商订单,GXP20250506023393,1,西南,2025-05-07,2025-05-12,5,1,1.32,0.04,5.8,旧模式(分散直发+统配)
50618,电商订单,GXP20251215000334,1,西北,2025-12-16,2025-12-18,2,1,1.7,0.01,6.5,旧模式(分散直发+统配)
50619,电商订单,GXP20251004014837,1,华北,2025-10-04,2025-10-07,3,1,3.21,0.04,5.9,新模式(集中仓储+分级配送)
50620,电商订单,GXP20240924002349,2,西北,2024-09-24,2024-09-27,3,1,3.19,0.01,11.1,旧模式(分散直发+统配)
50621,电商订单,GXP20251108007009,1,华南,2025-11-09,2025-11-12,3,1,1.96,0.05,3.3,新模式(集中仓储+分级配送)
50622,电商订单,GXP20241008008361,2,甘肃,2024-10-09,2024-10-10,1,1,1.83,0.06,7.6,旧模式(分散直发+统配)
50623,电商订单,GXP20240808014894,1,华北,2024-08-09,2024-08-14,5,1,3.96,0.02,13.0,旧模式(分散直发+统配)
50624,电商订单,GXP20241218023716,1,华北,2024-12-18,2024-12-22,4,1,2.48,0.01,9.0,旧模式(分散直发+统配)
50625,电商订单,GXP20241104023778,1,西北,2024-11-04,2024-11-07,3,1,2.14,0.07,7.7,旧模式(分散直发+统配)
50626,电商订单,GXP20241217005824,1,华北,2024-12-17,2024-12-21,4,1,4.32,0.17,14.1,旧模式(分散直发+统配)
50627,电商订单,GXP20240913020554,1,华东,2024-09-14,2024-09-17,3,1,1.11,0.01,5.8,旧模式(分散直发+统配)
50628,电商订单,GXP20250722001239,1,西北,2025-07-22,2025-07-23,1,1,3.05,0.05,5.3,新模式(集中仓储+分级配送)
50629,电商订单,GXP20240102009535,1,华南,2024-01-03,2024-01-09,6,1,1.95,0.01,7.0,旧模式(分散直发+统配)
50630,电商订单,GXP20251124003514,2,东北,2025-11-25,2025-12-01,6,1,2.63,0.02,8.7,旧模式(分散直发+统配)
50631,电商订单,GXP20241231010150,1,西南,2024-12-31,2025-01-05,5,1,1.08,0.04,5.7,旧模式(分散直发+统配)
50632,电商订单,GXP20250406010743,1,华北,2025-04-06,2025-04-09,3,1,1.16,0.02,2.0,新模式(集中仓储+分级配送)
50633,电商订单,GXP20250909021972,1,西北,2025-09-10,2025-09-12,2,1,1.68,0.01,2.9,新模式(集中仓储+分级配送)
50634,电商订单,GXP20250129012287,1,东北,2025-01-30,2025-02-05,6,1,7.15,0.26,16.7,旧模式(分散直发+统配)
50635,电商订单,GXP20240520000268,2,华北,2024-05-20,2024-05-25,5,1,5.91,0.04,14.9,旧模式(分散直发+统配)
50636,电商订单,GXP20250713013450,1,华南,2025-07-14,2025-07-17,3,1,3.32,0.01,6.7,新模式(集中仓储+分级配送)
50637,电商订单,GXP20250203008370,1,东北,2025-02-04,2025-02-10,6,1,5.75,0.04,16.4,旧模式(分散直发+统配)
50638,电商订单,GXP20241102004162,2,华东,2024-11-03,2024-11-06,3,1,1.38,0.01,6.2,旧模式(分散直发+统配)
50639,电商订单,GXP20240117017748,1,华东,2024-01-17,2024-01-22,5,1,1.41,0.01,6.6,旧模式(分散直发+统配)
50640,电商订单,GXP20250702010685,1,西南,2025-07-03,2025-07-06,3,1,2.66,0.01,5.2,新模式(集中仓储+分级配送)
50641,电商订单,GXP20250414008590,1,华北,2025-04-15,2025-04-17,2,1,4.47,0.01,8.5,新模式(集中仓储+分级配送)
50642,电商订单,GXP20240620021757,2,华东,2024-06-20,2024-06-25,5,1,1.3,0.01,5.6,旧模式(分散直发+统配)
50643,电商订单,GXP20240325022138,2,东北,2024-03-25,2024-04-01,7,1,3.04,0.1,9.8,旧模式(分散直发+统配)
50644,电商订单,GXP20240602018920,2,华南,2024-06-03,2024-06-07,4,1,1.76,0.01,7.1,旧模式(分散直发+统配)
50645,电商订单,GXP20250420021637,1,甘肃,2025-04-20,2025-04-21,1,1,5.67,0.02,9.6,新模式(集中仓储+分级配送)
50646,电商订单,GXP20240617010183,1,甘肃,2024-06-17,2024-06-18,1,1,3.81,0.15,10.2,旧模式(分散直发+统配)
50647,电商订单,GXP20240813022917,2,西南,2024-08-14,2024-08-18,4,1,3.21,0.02,10.1,旧模式(分散直发+统配)
50648,电商订单,GXP20240629022160,2,华北,2024-06-29,2024-07-02,3,1,0.77,0.03,4.7,旧模式(分散直发+统配)
50649,电商订单,GXP20251113009511,1,西南,2025-11-13,2025-11-19,6,1,2.37,0.01,7.4,旧模式(分散直发+统配)
50650,电商订单,GXP20240229022987,2,东北,2024-03-01,2024-03-08,7,1,1.06,0.01,5.7,旧模式(分散直发+统配)
50651,电商订单,GXP20240610020780,1,甘肃,2024-06-10,2024-06-12,2,1,2.01,0.06,7.1,旧模式(分散直发+统配)
50652,电商订单,GXP20250906025467,1,华北,2025-09-07,2025-09-09,2,1,1.31,0.0,2.5,新模式(集中仓储+分级配送)
50653,电商订单,GXP20250129006538,2,甘肃,2025-01-30,2025-02-01,2,1,0.69,0.0,4.7,旧模式(分散直发+统配)
50654,电商订单,GXP20250605005981,1,华东,2025-06-05,2025-06-08,3,1,1.58,0.01,2.9,新模式(集中仓储+分级配送)
50655,电商订单,GXP20240726005179,2,西北,2024-07-27,2024-07-30,3,1,1.01,0.0,5.4,旧模式(分散直发+统配)
50656,电商订单,GXP20240207009483,1,华南,2024-02-07,2024-02-12,5,1,3.15,0.13,8.8,旧模式(分散直发+统配)
50657,电商订单,GXP20250605020172,2,华北,2025-06-06,2025-06-09,3,1,0.82,0.0,4.9,旧模式(分散直发+统配)
50658,电商订单,GXP20240416003068,1,华东,2024-04-17,2024-04-20,3,1,4.12,0.02,13.6,旧模式(分散直发+统配)
50659,电商订单,GXP20250711026020,1,甘肃,2025-07-12,2025-07-13,1,1,3.23,0.01,5.1,新模式(集中仓储+分级配送)
50660,电商订单,GXP20241123013697,1,甘肃,2024-11-23,2024-11-24,1,1,1.75,0.06,7.3,旧模式(分散直发+统配)
50661,电商订单,GXP20250204005909,1,西南,2025-02-05,2025-02-11,6,1,3.39,0.1,9.5,旧模式(分散直发+统配)
50662,电商订单,GXP20250930010935,1,华北,2025-09-30,2025-10-03,3,1,5.78,0.04,13.9,旧模式(分散直发+统配)
50663,电商订单,GXP20251202013499,1,西北,2025-12-03,2025-12-05,2,1,4.07,0.06,8.4,新模式(集中仓储+分级配送)
50664,电商订单,GXP20240705012638,2,东北,2024-07-06,2024-07-13,7,1,2.42,0.1,8.9,旧模式(分散直发+统配)
50665,电商订单,GXP20240710010773,2,华东,2024-07-11,2024-07-14,3,1,1.28,0.01,6.1,旧模式(分散直发+统配)
50666,电商订单,GXP20251223025174,1,甘肃,2025-12-24,2025-12-25,1,1,4.11,0.01,6.9,新模式(集中仓储+分级配送)
50667,电商订单,GXP20240916003767,1,华北,2024-09-16,2024-09-20,4,1,2.16,0.08,7.2,旧模式(分散直发+统配)
50668,电商订单,GXP20241208023964,1,甘肃,2024-12-09,2024-12-10,1,1,1.02,0.0,5.4,旧模式(分散直发+统配)
50669,电商订单,GXP20250626018957,2,甘肃,2025-06-26,2025-06-28,2,1,2.49,0.02,7.6,旧模式(分散直发+统配)
50670,电商订单,GXP20250522000090,1,华东,2025-05-22,2025-05-25,3,1,3.51,0.01,6.7,新模式(集中仓储+分级配送)
50671,电商订单,GXP20240618022974,1,华东,2024-06-19,2024-06-22,3,1,3.71,0.15,11.6,旧模式(分散直发+统配)
50672,电商订单,GXP20251018002188,1,西南,2025-10-19,2025-10-21,2,1,1.26,0.02,2.5,新模式(集中仓储+分级配送)
50673,电商订单,GXP20241102020376,2,华北,2024-11-02,2024-11-07,5,1,1.57,0.01,6.6,旧模式(分散直发+统配)
50674,电商订单,GXP20240724015727,1,西南,2024-07-24,2024-07-28,4,1,0.83,0.01,4.6,旧模式(分散直发+统配)
50675,电商订单,GXP20240108007034,1,华东,2024-01-08,2024-01-12,4,1,4.97,0.02,14.2,旧模式(分散直发+统配)
50676,电商订单,GXP20240323006296,2,西北,2024-03-23,2024-03-26,3,1,2.99,0.02,9.1,旧模式(分散直发+统配)
50677,电商订单,GXP20250613015808,1,西南,2025-06-13,2025-06-15,2,1,3.72,0.01,5.6,新模式(集中仓储+分级配送)
50678,电商订单,GXP20240915012227,2,华东,2024-09-16,2024-09-20,4,1,4.15,0.15,10.5,旧模式(分散直发+统配)
50679,电商订单,GXP20241116024431,1,华南,2024-11-16,2024-11-20,4,1,0.61,0.0,4.3,旧模式(分散直发+统配)
50680,电商订单,GXP20250929026398,1,华东,2025-09-29,2025-10-02,3,1,3.6,0.01,5.9,新模式(集中仓储+分级配送)
50681,电商订单,GXP20240805007639,2,华北,2024-08-05,2024-08-09,4,1,6.89,0.05,16.3,旧模式(分散直发+统配)
50682,电商订单,GXP20250916015996,1,西南,2025-09-16,2025-09-18,2,1,0.79,0.0,1.2,新模式(集中仓储+分级配送)
50683,电商订单,GXP20240806024540,1,西南,2024-08-07,2024-08-13,6,1,2.07,0.01,7.8,旧模式(分散直发+统配)
50684,电商订单,GXP20241004011798,1,华北,2024-10-04,2024-10-08,4,1,3.63,0.01,11.0,旧模式(分散直发+统配)
50685,电商订单,GXP20250402001310,1,西北,2025-04-02,2025-04-04,2,1,3.84,0.03,12.2,旧模式(分散直发+统配)
50686,电商订单,GXP20241007008278,2,华东,2024-10-08,2024-10-11,3,1,4.24,0.13,11.6,旧模式(分散直发+统配)
50687,电商订单,GXP20250226024243,2,华北,2025-02-26,2025-03-03,5,1,2.57,0.01,8.1,旧模式(分散直发+统配)
50688,电商订单,GXP20250802010902,2,华东,2025-08-02,2025-08-06,4,1,1.85,0.01,7.6,旧模式(分散直发+统配)
50689,电商订单,GXP20241214000341,1,华北,2024-12-14,2024-12-17,3,1,1.71,0.01,7.1,旧模式(分散直发+统配)
50690,电商订单,GXP20241126020918,1,华北,2024-11-26,2024-12-01,5,1,1.86,0.01,7.4,旧模式(分散直发+统配)
50691,电商订单,GXP20240212025087,1,西南,2024-02-12,2024-02-17,5,1,3.91,0.1,10.7,旧模式(分散直发+统配)
50692,电商订单,GXP20241006006742,1,东北,2024-10-06,2024-10-10,4,1,1.37,0.01,5.5,旧模式(分散直发+统配)
50693,电商订单,GXP20250302024592,2,甘肃,2025-03-02,2025-03-03,1,2,8.93,0.05,22.1,旧模式(分散直发+统配)
50694,电商订单,GXP20250215009185,1,甘肃,2025-02-16,2025-02-18,2,1,1.41,0.01,5.8,旧模式(分散直发+统配)
50695,电商订单,GXP20250709026089,1,东北,2025-07-10,2025-07-14,4,1,4.0,0.02,6.1,新模式(集中仓储+分级配送)
50696,电商订单,GXP20240212015772,2,华东,2024-02-13,2024-02-17,4,2,10.53,0.04,22.5,旧模式(分散直发+统配)
50697,电商订单,GXP20251231012208,1,西南,2025-12-31,2026-01-02,2,1,3.63,0.01,5.5,新模式(集中仓储+分级配送)
50698,电商订单,GXP20251215016281,1,甘肃,2025-12-15,2025-12-17,2,1,3.38,0.02,11.8,旧模式(分散直发+统配)
50699,电商订单,GXP20240412018546,1,甘肃,2024-04-13,2024-04-15,2,1,6.07,0.2,18.2,旧模式(分散直发+统配)
50700,电商订单,GXP20251223012184,1,华东,2025-12-24,2025-12-27,3,1,3.09,0.04,4.8,新模式(集中仓储+分级配送)
50701,电商订单,GXP20251004010622,1,西南,2025-10-04,2025-10-07,3,1,8.88,0.04,15.6,新模式(集中仓储+分级配送)
50702,电商订单,GXP20240624011193,2,东北,2024-06-24,2024-06-29,5,1,2.54,0.01,7.9,旧模式(分散直发+统配)
50703,电商订单,GXP20250103008350,1,西北,2025-01-04,2025-01-07,3,1,3.94,0.03,12.9,旧模式(分散直发+统配)
50704,电商订单,GXP20250227000951,1,华东,2025-02-28,2025-03-03,3,1,2.67,0.08,8.3,旧模式(分散直发+统配)
50705,电商订单,GXP20240910021428,2,华东,2024-09-11,2024-09-16,5,1,1.85,0.01,7.2,旧模式(分散直发+统配)
50706,电商订单,GXP20240816003625,1,华南,2024-08-17,2024-08-22,5,1,0.88,0.0,5.1,旧模式(分散直发+统配)
50707,电商订单,GXP20240510021705,1,华北,2024-05-11,2024-05-16,5,1,2.51,0.01,8.9,旧模式(分散直发+统配)
50708,电商订单,GXP20250401010912,1,甘肃,2025-04-02,2025-04-03,1,1,1.24,0.02,2.0,新模式(集中仓储+分级配送)
50709,电商订单,GXP20240323002279,1,华北,2024-03-23,2024-03-26,3,1,4.69,0.02,13.2,旧模式(分散直发+统配)
50710,电商订单,GXP20250812013705,1,华南,2025-08-12,2025-08-15,3,1,7.45,0.03,13.0,新模式(集中仓储+分级配送)
50711,电商订单,GXP20251012008510,1,华东,2025-10-12,2025-10-15,3,1,3.61,0.01,7.2,新模式(集中仓储+分级配送)
50712,电商订单,GXP20241120013829,2,华南,2024-11-21,2024-11-27,6,1,3.33,0.01,11.4,旧模式(分散直发+统配)
50713,电商订单,GXP20250527026388,2,甘肃,2025-05-28,2025-05-29,1,1,1.16,0.01,5.1,旧模式(分散直发+统配)
50714,电商订单,GXP20240316016628,1,华东,2024-03-16,2024-03-20,4,1,3.36,0.02,11.2,旧模式(分散直发+统配)
50715,电商订单,GXP20251208018545,1,华东,2025-12-09,2025-12-11,2,1,4.7,0.01,8.0,新模式(集中仓储+分级配送)
50716,电商订单,GXP20250521015423,1,甘肃,2025-05-21,2025-05-22,1,1,2.31,0.07,8.0,旧模式(分散直发+统配)
50717,电商订单,GXP20241208010259,1,甘肃,2024-12-09,2024-12-11,2,1,3.16,0.14,9.8,旧模式(分散直发+统配)
50718,电商订单,GXP20250624019674,1,华北,2025-06-25,2025-06-27,2,1,1.92,0.0,3.9,新模式(集中仓储+分级配送)
50719,电商订单,GXP20240710021896,2,华南,2024-07-11,2024-07-15,4,1,6.3,0.27,17.8,旧模式(分散直发+统配)
50720,电商订单,GXP20250102000844,2,华东,2025-01-02,2025-01-07,5,1,3.03,0.01,9.8,旧模式(分散直发+统配)
50721,电商订单,GXP20240115020136,2,甘肃,2024-01-15,2024-01-17,2,1,0.92,0.0,4.9,旧模式(分散直发+统配)
50722,电商订单,GXP20240617017996,1,甘肃,2024-06-17,2024-06-19,2,1,3.96,0.02,10.7,旧模式(分散直发+统配)
50723,电商订单,GXP20240601003593,2,华北,2024-06-02,2024-06-06,4,1,3.69,0.02,12.3,旧模式(分散直发+统配)
50724,电商订单,GXP20250816008891,1,西南,2025-08-17,2025-08-20,3,1,1.1,0.0,1.7,新模式(集中仓储+分级配送)
50725,电商订单,GXP20250525023526,1,西北,2025-05-25,2025-05-26,1,1,3.51,0.08,7.0,新模式(集中仓储+分级配送)
50726,电商订单,GXP20240914020105,1,华北,2024-09-14,2024-09-17,3,1,2.6,0.01,9.4,旧模式(分散直发+统配)
50727,电商订单,GXP20241129021080,1,东北,2024-11-29,2024-12-05,6,1,3.01,0.12,10.6,旧模式(分散直发+统配)
50728,电商订单,GXP20240731006421,1,甘肃,2024-08-01,2024-08-02,1,1,5.62,0.22,14.6,旧模式(分散直发+统配)
50729,电商订单,GXP20250527022488,2,西北,2025-05-27,2025-05-30,3,1,1.39,0.04,5.6,旧模式(分散直发+统配)
50730,电商订单,GXP20250527020935,1,西南,2025-05-27,2025-05-30,3,1,2.22,0.05,3.4,新模式(集中仓储+分级配送)
50731,电商订单,GXP20240530025516,1,甘肃,2024-05-30,2024-05-31,1,1,4.92,0.03,11.9,旧模式(分散直发+统配)
50732,电商订单,GXP20250109025429,2,华东,2025-01-09,2025-01-13,4,1,0.95,0.01,4.8,旧模式(分散直发+统配)
50733,电商订单,GXP20250607007037,1,甘肃,2025-06-08,2025-06-10,2,1,8.18,0.33,21.1,旧模式(分散直发+统配)
50734,电商订单,GXP20240118013480,1,华东,2024-01-18,2024-01-23,5,1,4.27,0.16,13.0,旧模式(分散直发+统配)
50735,电商订单,GXP20251211003896,1,东北,2025-12-12,2025-12-15,3,1,4.47,0.08,8.3,新模式(集中仓储+分级配送)
50736,电商订单,GXP20251226025366,1,东北,2025-12-27,2025-12-31,4,1,3.84,0.05,6.6,新模式(集中仓储+分级配送)
50737,电商订单,GXP20240103000917,1,华北,2024-01-03,2024-01-06,3,1,1.31,0.01,6.0,旧模式(分散直发+统配)
50738,电商订单,GXP20251101014114,1,东北,2025-11-01,2025-11-04,3,2,6.15,0.03,9.7,新模式(集中仓储+分级配送)
50739,电商订单,GXP20251006026218,1,甘肃,2025-10-07,2025-10-08,1,1,4.3,0.02,8.4,新模式(集中仓储+分级配送)
50740,电商订单,GXP20250823016342,1,东北,2025-08-23,2025-08-25,2,1,2.24,0.05,4.0,新模式(集中仓储+分级配送)
50741,电商订单,GXP20251030007607,1,华南,2025-10-31,2025-11-04,4,1,1.12,0.0,1.9,新模式(集中仓储+分级配送)
50742,电商订单,GXP20240609009003,2,华北,2024-06-09,2024-06-13,4,1,4.3,0.03,14.1,旧模式(分散直发+统配)
50743,电商订单,GXP20240605025725,2,西北,2024-06-06,2024-06-09,3,1,0.91,0.01,4.7,旧模式(分散直发+统配)
50744,电商订单,GXP20250712003086,1,华南,2025-07-13,2025-07-17,4,1,2.04,0.01,7.7,旧模式(分散直发+统配)
50745,电商订单,GXP20240811015732,2,华东,2024-08-11,2024-08-16,5,1,2.83,0.09,9.4,旧模式(分散直发+统配)
50746,电商订单,GXP20250812004930,1,西南,2025-08-12,2025-08-15,3,1,1.75,0.01,3.4,新模式(集中仓储+分级配送)
50747,电商订单,GXP20250611019351,1,西南,2025-06-12,2025-06-16,4,2,9.82,0.22,16.4,新模式(集中仓储+分级配送)
50748,电商订单,GXP20241102003434,2,西南,2024-11-03,2024-11-08,5,1,2.46,0.01,7.7,旧模式(分散直发+统配)
50749,电商订单,GXP20240521009827,1,华东,2024-05-21,2024-05-24,3,1,1.35,0.05,6.4,旧模式(分散直发+统配)
50750,电商订单,GXP20251208019456,1,甘肃,2025-12-09,2025-12-10,1,2,7.36,0.02,12.5,新模式(集中仓储+分级配送)
50751,电商订单,GXP20251216010055,1,甘肃,2025-12-16,2025-12-17,1,1,4.78,0.11,8.8,新模式(集中仓储+分级配送)
50752,电商订单,GXP20250718018913,1,华北,2025-07-19,2025-07-22,3,1,4.37,0.02,7.2,新模式(集中仓储+分级配送)
50753,电商订单,GXP20240321000632,1,华东,2024-03-22,2024-03-26,4,1,5.73,0.03,17.3,旧模式(分散直发+统配)
50754,电商订单,GXP20250904007060,1,东北,2025-09-05,2025-09-08,3,1,4.57,0.02,9.2,新模式(集中仓储+分级配送)
50755,电商订单,GXP20251104016744,1,甘肃,2025-11-04,2025-11-05,-1,3,13.6,0.03,27.1,新模式(集中仓储+分级配送)
50756,电商订单,GXP20250207025739,1,西北,2025-02-07,2025-02-09,2,1,4.02,0.14,12.0,旧模式(分散直发+统配)
50757,电商订单,GXP20240115019495,1,华东,2024-01-16,2024-01-19,3,1,3.0,0.02,9.4,旧模式(分散直发+统配)
50758,电商订单,GXP20250517023061,2,华北,2025-05-17,2025-05-21,4,1,2.03,0.01,7.2,旧模式(分散直发+统配)
50759,电商订单,GXP20250725011587,1,华北,2025-07-26,2025-07-28,2,1,4.21,0.01,7.1,新模式(集中仓储+分级配送)
50760,电商订单,GXP20241204003643,2,西南,2024-12-05,2024-12-09,4,1,6.37,0.03,17.5,旧模式(分散直发+统配)
50761,电商订单,GXP20240528016070,1,甘肃,2024-05-29,2024-05-30,1,1,0.5,0.01,4.2,旧模式(分散直发+统配)
50762,电商订单,GXP20251123009954,1,甘肃,2025-11-23,2025-11-24,1,1,4.79,0.01,7.6,新模式(集中仓储+分级配送)
50763,电商订单,GXP20241107018767,1,华南,2024-11-08,2024-11-12,4,1,3.47,0.01,10.3,旧模式(分散直发+统配)
50764,电商订单,GXP20251126025192,1,华东,2025-11-27,2025-11-29,2,1,10.19,0.05,20.7,新模式(集中仓储+分级配送)
50765,电商订单,GXP20251105014876,1,华东,2025-11-06,2025-11-09,3,1,1.89,0.01,4.0,新模式(集中仓储+分级配送)
50766,电商订单,GXP20240806006515,1,甘肃,2024-08-06,2024-08-07,1,2,5.82,0.02,15.7,旧模式(分散直发+统配)
50767,电商订单,GXP20241004023826,1,华东,2024-10-05,2024-10-08,3,1,4.12,0.02,11.6,旧模式(分散直发+统配)
50768,电商订单,GXP20241129000002,1,东北,2024-11-29,2024-12-06,7,1,4.1,0.02,13.4,旧模式(分散直发+统配)
50769,电商订单,GXP20251005009035,1,西南,2025-10-06,2025-10-09,3,1,1.43,0.0,2.2,新模式(集中仓储+分级配送)
50770,电商订单,GXP20251118023104,1,华东,2025-11-19,2025-11-22,3,1,5.11,0.12,8.0,新模式(集中仓储+分级配送)
50771,电商订单,GXP20240605007482,2,甘肃,2024-06-06,2024-06-07,1,1,1.82,0.01,6.8,旧模式(分散直发+统配)
50772,电商订单,GXP20240427021528,2,甘肃,2024-04-27,2024-04-28,1,1,1.04,0.0,5.4,旧模式(分散直发+统配)
50773,电商订单,GXP20250722009520,1,华北,2025-07-22,2025-07-25,3,1,4.16,0.02,8.6,新模式(集中仓储+分级配送)
50774,电商订单,GXP20240110000838,2,华北,2024-01-10,2024-01-13,3,1,3.59,0.01,11.5,旧模式(分散直发+统配)
50775,电商订单,GXP20250429019237,1,甘肃,2025-04-30,2025-05-01,1,1,1.71,0.04,2.7,新模式(集中仓储+分级配送)
50776,电商订单,GXP20250203014257,1,华北,2025-02-03,2025-02-07,4,1,1.68,0.01,7.0,旧模式(分散直发+统配)
50777,电商订单,GXP20241027019803,1,东北,2024-10-28,2024-11-02,5,1,4.1,0.17,11.2,旧模式(分散直发+统配)
50778,电商订单,GXP20250216004127,1,东北,2025-02-16,2025-02-23,7,1,1.17,0.01,5.6,旧模式(分散直发+统配)
50779,电商订单,GXP20240705014412,1,西南,2024-07-05,2024-07-10,5,1,2.64,0.01,8.4,旧模式(分散直发+统配)
50780,电商订单,GXP20250902001790,1,华北,2025-09-03,2025-09-06,3,1,1.6,0.01,3.0,新模式(集中仓储+分级配送)
50781,电商订单,GXP20240411003273,2,东北,2024-04-11,2024-04-18,7,1,4.91,0.19,12.8,旧模式(分散直发+统配)
50782,电商订单,GXP20250505009936,2,华北,2025-05-06,2025-05-09,3,1,2.17,0.01,8.2,旧模式(分散直发+统配)
50783,电商订单,GXP20250611026162,1,东北,2025-06-11,2025-06-14,3,1,2.17,0.05,4.3,新模式(集中仓储+分级配送)
50784,电商订单,GXP20240924016254,1,甘肃,2024-09-25,2024-09-26,1,1,2.79,0.1,8.2,旧模式(分散直发+统配)
50785,电商订单,GXP20240401008810,2,西北,2024-04-02,2024-04-04,2,1,1.61,0.01,7.0,旧模式(分散直发+统配)
50786,电商订单,GXP20250704006545,1,西南,2025-07-04,2025-07-07,3,1,3.98,0.02,6.8,新模式(集中仓储+分级配送)
50787,电商订单,GXP20250630016727,1,华南,2025-06-30,2025-07-03,3,1,5.01,0.01,8.5,新模式(集中仓储+分级配送)
50788,电商订单,GXP20240319015953,1,甘肃,2024-03-19,2024-03-21,2,1,0.75,0.01,4.8,旧模式(分散直发+统配)
50789,电商订单,GXP20250604005882,2,东北,2025-06-04,2025-06-10,6,1,4.92,0.03,12.0,旧模式(分散直发+统配)
50790,电商订单,GXP20241006016883,2,华北,2024-10-07,2024-10-10,3,1,5.17,0.02,16.4,旧模式(分散直发+统配)
50791,电商订单,GXP20250109003540,1,华东,2025-01-10,2025-01-14,4,1,7.14,0.03,19.1,旧模式(分散直发+统配)
50792,电商订单,GXP20240625011044,1,华北,2024-06-25,2024-06-29,4,1,7.94,0.03,19.9,旧模式(分散直发+统配)
50793,电商订单,GXP20241126010080,2,华北,2024-11-26,2024-12-01,5,1,2.37,0.11,8.3,旧模式(分散直发+统配)
50794,电商订单,GXP20250414016092,1,华南,2025-04-15,2025-04-17,2,1,5.32,0.03,10.8,新模式(集中仓储+分级配送)
50795,电商订单,GXP20241202020678,1,华北,2024-12-03,2024-12-07,4,1,3.04,0.02,8.8,旧模式(分散直发+统配)
50796,电商订单,GXP20240208004071,2,甘肃,2024-02-09,2024-02-11,2,1,3.08,0.02,9.6,旧模式(分散直发+统配)
50797,电商订单,GXP20250210024570,2,华东,2025-02-11,2025-02-14,3,1,3.07,0.02,9.5,旧模式(分散直发+统配)
50798,电商订单,GXP20240212016686,2,华北,2024-02-13,2024-02-18,5,1,2.23,0.06,7.1,旧模式(分散直发+统配)
50799,电商订单,GXP20250209017209,2,甘肃,2025-02-10,2025-02-12,2,1,4.77,0.2,14.8,旧模式(分散直发+统配)
50800,电商订单,GXP20251221004941,1,华南,2025-12-22,2025-12-26,4,1,1.57,0.01,3.2,新模式(集中仓储+分级配送)
50801,电商订单,GXP20250731012346,1,西北,2025-08-01,2025-08-03,2,1,4.8,0.02,9.4,新模式(集中仓储+分级配送)
50802,电商订单,GXP20240504023856,1,华南,2024-05-05,2024-05-11,6,1,1.8,0.01,6.9,旧模式(分散直发+统配)
50803,电商订单,GXP20240726025653,1,西北,2024-07-26,2024-07-29,3,1,2.1,6.300000000000001,7.9,旧模式(分散直发+统配)
50804,电商订单,GXP20250125009267,1,甘肃,2025-01-26,2025-01-28,2,1,1.81,0.07,6.3,旧模式(分散直发+统配)
50805,电商订单,GXP20250412020587,1,西北,2025-04-12,2025-04-14,2,1,2.51,0.04,5.0,新模式(集中仓储+分级配送)
50806,电商订单,GXP20251211016118,1,甘肃,2025-12-12,2025-12-13,1,1,1.59,0.01,3.3,新模式(集中仓储+分级配送)
50807,电商订单,GXP20251213021100,1,西北,2025-12-13,2025-12-15,2,1,2.76,0.01,5.6,新模式(集中仓储+分级配送)
50808,电商订单,GXP20240708013191,1,东北,2024-07-09,2024-07-13,4,1,1.92,0.09,6.6,旧模式(分散直发+统配)
50809,电商订单,GXP20251120013324,1,西南,2025-11-20,2025-11-23,3,1,1.47,0.03,2.4,新模式(集中仓储+分级配送)
50810,电商订单,GXP20251118019463,1,东北,2025-11-18,2025-11-25,7,1,2.52,0.01,9.3,旧模式(分散直发+统配)
50811,电商订单,GXP20250907005115,1,东北,2025-09-08,2025-09-12,4,2,5.17,0.08,9.0,新模式(集中仓储+分级配送)
50812,电商订单,GXP20241207020228,1,华南,2024-12-07,2024-12-13,6,1,3.49,0.02,11.9,旧模式(分散直发+统配)
50813,电商订单,GXP20250619009372,1,华东,2025-06-19,2025-06-22,3,1,2.01,0.01,3.7,新模式(集中仓储+分级配送)
50814,电商订单,GXP20251220004306,1,西北,2025-12-21,2025-12-22,1,1,1.34,0.02,2.6,新模式(集中仓储+分级配送)
50815,电商订单,GXP20250821005224,1,华东,2025-08-22,2025-08-24,2,1,1.63,0.03,3.2,新模式(集中仓储+分级配送)
50816,电商订单,GXP20250331012587,1,华东,2025-04-01,2025-04-03,2,1,4.82,0.02,7.4,新模式(集中仓储+分级配送)
50817,电商订单,GXP20240521017825,1,华东,2024-05-21,2024-05-25,4,1,1.29,0.01,5.9,旧模式(分散直发+统配)
50818,电商订单,GXP20250329004451,1,华东,2025-03-29,2025-04-01,3,1,8.3,0.04,23.7,旧模式(分散直发+统配)
50819,电商订单,GXP20251023014783,1,甘肃,2025-10-23,2025-10-24,1,1,1.11,0.0,1.7,新模式(集中仓储+分级配送)
50820,电商订单,GXP20250612009084,1,华东,2025-06-13,2025-06-16,3,2,4.93,0.01,8.7,新模式(集中仓储+分级配送)
50821,电商订单,GXP20250624024059,1,西北,2025-06-25,2025-06-27,2,1,1.26,0.01,5.4,旧模式(分散直发+统配)
50822,电商订单,GXP20251030020516,1,西南,2025-10-30,2025-11-02,3,1,3.16,0.07,5.9,新模式(集中仓储+分级配送)
50823,电商订单,GXP20250628012837,1,华东,2025-06-28,2025-07-01,3,1,4.21,0.01,7.0,新模式(集中仓储+分级配送)
50824,电商订单,GXP20240506019923,1,西北,2024-05-06,2024-05-08,2,1,1.7,0.01,6.2,旧模式(分散直发+统配)
50825,电商订单,GXP20250227020980,2,华北,2025-02-28,2025-03-04,4,1,2.98,0.02,9.0,旧模式(分散直发+统配)
50826,电商订单,GXP20250922013781,1,甘肃,2025-09-22,2025-09-23,1,1,1.25,0.0,2.5,新模式(集中仓储+分级配送)
50827,电商订单,GXP20251219022011,1,华东,2025-12-19,2025-12-22,3,1,1.08,0.0,2.0,新模式(集中仓储+分级配送)
50828,电商订单,GXP20240304000223,1,西北,2024-03-04,2024-03-07,3,1,5.23,0.23,13.0,旧模式(分散直发+统配)
50829,电商订单,GXP20240205019683,1,华北,2024-02-05,2024-02-09,4,1,3.38,0.13,11.1,旧模式(分散直发+统配)
50830,电商订单,GXP20251105015355,1,西北,2025-11-06,2025-11-08,2,1,2.47,0.05,4.6,新模式(集中仓储+分级配送)
50831,电商订单,GXP20241129022167,1,华东,2024-11-30,2024-12-03,3,1,4.97,0.02,15.4,旧模式(分散直发+统配)
50832,电商订单,GXP20250420018223,1,西北,2025-04-21,2025-04-23,2,1,4.86,0.02,13.8,旧模式(分散直发+统配)
50833,电商订单,GXP20240524012354,1,西北,2024-05-24,2024-05-27,3,1,4.14,0.02,13.0,旧模式(分散直发+统配)
50834,电商订单,GXP20240626007677,1,华东,2024-06-27,2024-06-30,3,1,4.13,0.15,13.3,旧模式(分散直发+统配)
50835,电商订单,GXP20240506012695,1,华东,2024-05-06,2024-05-09,3,1,6.43,0.28,19.1,旧模式(分散直发+统配)
50836,电商订单,GXP20251020005960,1,华南,2025-10-20,2025-10-26,6,1,1.61,0.01,6.9,旧模式(分散直发+统配)
50837,电商订单,GXP20240908002946,1,甘肃,2024-09-08,2024-09-09,1,1,9.05,0.06,24.2,旧模式(分散直发+统配)
50838,电商订单,GXP20240512007021,1,东北,2024-05-12,2024-05-17,5,1,3.51,0.16,10.3,旧模式(分散直发+统配)
50839,电商订单,GXP20251108010203,1,华东,2025-11-08,2025-11-13,5,1,3.28,0.02,9.5,旧模式(分散直发+统配)
50840,电商订单,GXP20251027014509,1,西南,2025-10-28,2025-11-01,4,1,1.91,0.01,7.3,旧模式(分散直发+统配)
50841,电商订单,GXP20251216012685,1,西南,2025-12-16,2025-12-20,4,1,4.49,0.01,7.1,新模式(集中仓储+分级配送)
50842,电商订单,GXP20250408008527,1,西南,2025-04-09,2025-04-14,5,1,4.57,0.03,13.1,旧模式(分散直发+统配)
50843,电商订单,GXP20250803020903,1,西南,2025-08-03,2025-08-07,-1,1,4.38,0.01,6.9,新模式(集中仓储+分级配送)
50844,电商订单,GXP20250727000994,1,东北,2025-07-27,2025-08-03,7,1,0.94,0.01,5.0,旧模式(分散直发+统配)
50845,电商订单,GXP20240909011311,1,华南,2024-09-10,2024-09-15,5,1,2.11,0.09,7.6,旧模式(分散直发+统配)
50846,电商订单,GXP20250512023597,1,甘肃,2025-05-13,2025-05-14,1,1,6.11,18.330000000000002,10.3,新模式(集中仓储+分级配送)
50847,电商订单,GXP20240620009691,1,华东,2024-06-20,2024-06-23,3,1,1.92,0.01,7.8,旧模式(分散直发+统配)
50848,电商订单,GXP20251216011285,1,华北,2025-12-16,2025-12-19,3,1,1.27,0.02,2.4,新模式(集中仓储+分级配送)
50849,电商订单,GXP20251229025423,1,甘肃,2025-12-29,2025-12-30,1,1,4.2,0.01,11.3,旧模式(分散直发+统配)
50850,电商订单,GXP20240805002986,1,甘肃,2024-08-05,2024-08-07,2,1,2.87,0.09,10.1,旧模式(分散直发+统配)
50851,电商订单,GXP20250324022742,1,华北,2025-03-24,2025-03-29,5,1,4.69,0.03,14.4,旧模式(分散直发+统配)
50852,电商订单,GXP20241223017396,1,华东,2024-12-23,2024-12-26,3,1,4.28,0.02,11.4,旧模式(分散直发+统配)
50853,电商订单,GXP20250816021221,1,华北,2025-08-16,2025-08-18,2,1,2.26,0.01,3.6,新模式(集中仓储+分级配送)
50854,电商订单,GXP20250117014006,1,华北,2025-01-17,2025-01-22,5,1,3.02,0.01,10.6,旧模式(分散直发+统配)
50855,电商订单,GXP20250807004605,1,华南,2025-08-07,2025-08-10,3,1,3.78,0.01,6.4,新模式(集中仓储+分级配送)
50856,电商订单,GXP20250513019522,1,西南,2025-05-14,2025-05-17,3,1,1.42,0.02,2.3,新模式(集中仓储+分级配送)
50857,电商订单,GXP20250505017255,1,西北,2025-05-05,2025-05-07,2,1,3.44,0.02,5.8,新模式(集中仓储+分级配送)
50858,电商订单,GXP20251115015409,2,甘肃,2025-11-16,2025-11-18,2,1,3.49,0.11,9.8,旧模式(分散直发+统配)
50859,电商订单,GXP20240605012468,1,华东,2024-06-06,2024-06-10,4,1,0.64,0.0,4.5,旧模式(分散直发+统配)
50860,电商订单,GXP20241216016957,1,甘肃,2024-12-16,2024-12-18,2,1,3.66,0.03,9.6,旧模式(分散直发+统配)
50861,电商订单,GXP20240311009933,1,甘肃,2024-03-12,2024-03-13,1,1,1.02,0.04,5.4,旧模式(分散直发+统配)
50862,电商订单,GXP20250414016479,1,西南,2025-04-14,2025-04-18,4,1,3.03,0.01,10.5,旧模式(分散直发+统配)
50863,电商订单,GXP20240626022800,1,华东,2024-06-26,2024-07-01,5,1,4.05,0.02,11.6,旧模式(分散直发+统配)
50864,电商订单,GXP20250506021561,1,华东,2025-05-06,2025-05-11,5,1,5.14,0.03,13.5,旧模式(分散直发+统配)
50865,电商订单,GXP20251107016599,1,华南,2025-11-07,2025-11-10,3,1,3.75,0.02,7.0,新模式(集中仓储+分级配送)
50866,电商订单,GXP20251205024469,1,甘肃,2025-12-06,2025-12-07,1,1,3.43,0.01,7.2,新模式(集中仓储+分级配送)
50867,电商订单,GXP20250708024785,1,东北,2025-07-08,2025-07-12,4,3,12.84,0.27,22.7,新模式(集中仓储+分级配送)
50868,电商订单,GXP20250709001034,1,华东,2025-07-09,2025-07-12,3,1,1.66,0.03,3.2,新模式(集中仓储+分级配送)
50869,电商订单,GXP20250717017320,1,甘肃,2025-07-18,2025-07-19,1,1,3.29,0.08,11.2,旧模式(分散直发+统配)
50870,电商订单,GXP20241217017423,2,甘肃,2024-12-18,2024-12-19,1,1,3.0,0.02,10.2,旧模式(分散直发+统配)
50871,电商订单,GXP20251230021582,2,华南,2025-12-30,2026-01-05,6,1,4.08,0.02,13.3,旧模式(分散直发+统配)
50872,电商订单,GXP20240224012007,1,东北,2024-02-25,2024-02-29,4,1,1.71,0.01,6.6,旧模式(分散直发+统配)
50873,电商订单,GXP20240624009474,2,华北,2024-06-24,2024-06-29,5,1,1.26,0.01,6.1,旧模式(分散直发+统配)
50874,电商订单,GXP20240802001393,1,华南,2024-08-02,2024-08-06,4,1,1.6,0.01,6.8,旧模式(分散直发+统配)
50875,电商订单,GXP20250923010840,1,西南,2025-09-23,2025-09-26,3,1,2.8,0.01,5.2,新模式(集中仓储+分级配送)
50876,电商订单,GXP20250929017270,1,华东,2025-09-29,2025-10-02,3,1,1.81,0.01,2.8,新模式(集中仓储+分级配送)
50877,电商订单,GXP20250909011361,1,甘肃,2025-09-09,2025-09-10,1,1,8.18,0.02,16.7,新模式(集中仓储+分级配送)
50878,电商订单,GXP20241120005378,2,西南,2024-11-21,2024-11-27,6,1,2.19,0.01,7.3,旧模式(分散直发+统配)
50879,电商订单,GXP20250619003631,1,东北,2025-06-20,2025-06-25,5,1,4.28,0.02,11.3,旧模式(分散直发+统配)
50880,电商订单,GXP20251005021124,1,华东,2025-10-06,2025-10-09,3,1,1.03,0.0,1.7,新模式(集中仓储+分级配送)
50881,电商订单,GXP20241222020395,1,西南,2024-12-23,2024-12-29,6,1,2.55,0.01,8.0,旧模式(分散直发+统配)
50882,电商订单,GXP20250406018569,1,华南,2025-04-07,2025-04-10,3,1,3.88,0.06,7.1,新模式(集中仓储+分级配送)
50883,电商订单,GXP20251029013311,1,西南,2025-10-30,2025-11-02,3,1,2.06,0.01,3.8,新模式(集中仓储+分级配送)
50884,电商订单,GXP20250707019404,1,东北,2025-07-07,2025-07-11,4,4,13.95,0.03,28.2,新模式(集中仓储+分级配送)
50885,电商订单,GXP20240321009384,2,华东,2024-03-22,2024-03-26,4,1,1.09,0.04,5.7,旧模式(分散直发+统配)
50886,电商订单,GXP20250311015267,1,华南,2025-03-12,2025-03-17,5,1,1.02,0.01,5.2,旧模式(分散直发+统配)
50887,电商订单,GXP20240429009664,1,华南,2024-04-30,2024-05-06,6,1,4.48,0.03,12.7,旧模式(分散直发+统配)
50888,电商订单,GXP20251005009638,1,华东,2025-10-06,2025-10-09,3,1,2.4,0.01,4.5,新模式(集中仓储+分级配送)
50889,电商订单,GXP20251211014415,1,华北,2025-12-11,2025-12-13,2,1,2.22,0.01,3.9,新模式(集中仓储+分级配送)
50890,电商订单,GXP20250824014836,1,华东,2025-08-25,2025-08-28,3,1,1.06,0.0,1.6,新模式(集中仓储+分级配送)
50891,电商订单,GXP20250426014227,1,西南,2025-04-27,2025-05-01,4,1,2.33,0.03,4.6,新模式(集中仓储+分级配送)
50892,电商订单,GXP20240317025406,1,东北,2024-03-18,2024-03-24,6,1,2.55,0.02,8.5,旧模式(分散直发+统配)
50893,电商订单,GXP20251121025123,1,华南,2025-11-22,2025-11-26,4,1,1.95,0.0,3.9,新模式(集中仓储+分级配送)
50894,电商订单,GXP20240215009838,1,华北,2024-02-15,2024-02-19,4,2,6.63,0.17,20.1,旧模式(分散直发+统配)
50895,电商订单,GXP20240401019987,2,华东,2024-04-01,2024-04-05,4,1,6.79,0.04,17.7,旧模式(分散直发+统配)
50896,电商订单,GXP20251214022073,1,华南,2025-12-14,2025-12-19,5,1,4.39,0.14,11.5,旧模式(分散直发+统配)
50897,电商订单,GXP20250502019698,1,华南,2025-05-02,2025-05-06,4,1,3.95,0.15,11.9,旧模式(分散直发+统配)
50898,电商订单,GXP20240914010939,1,西北,2024-09-14,2024-09-16,-1,1,1.29,0.04,5.7,旧模式(分散直发+统配)
50899,电商订单,GXP20241112013981,1,西南,2024-11-13,2024-11-19,6,1,1.28,0.01,5.9,旧模式(分散直发+统配)
50900,电商订单,GXP20250926005498,1,华北,2025-09-26,2025-09-29,3,1,2.3,0.01,4.3,新模式(集中仓储+分级配送)
50901,电商订单,GXP20250530001864,1,西北,2025-05-31,2025-06-01,1,1,2.32,0.05,4.6,新模式(集中仓储+分级配送)
50902,电商订单,GXP20250106005060,1,华东,2025-01-07,2025-01-10,3,1,4.63,0.02,12.6,旧模式(分散直发+统配)
50903,电商订单,GXP20250203010786,1,华北,2025-02-03,2025-02-06,3,1,1.1,0.0,5.3,旧模式(分散直发+统配)
50904,电商订单,GXP20250609007049,1,华北,2025-06-09,2025-06-12,3,1,1.55,0.0,2.8,新模式(集中仓储+分级配送)
50905,电商订单,GXP20241130016376,1,东北,2024-12-01,2024-12-08,7,1,4.06,0.03,12.2,旧模式(分散直发+统配)
50906,电商订单,GXP20251112005075,1,甘肃,2025-11-12,2025-11-13,1,1,3.91,0.02,6.0,新模式(集中仓储+分级配送)
50907,电商订单,GXP20250129010608,1,西北,2025-01-29,2025-02-01,3,1,6.69,0.03,18.9,旧模式(分散直发+统配)
50908,电商订单,GXP20251102014443,1,华北,2025-11-02,2025-11-05,3,1,3.01,0.02,8.6,旧模式(分散直发+统配)
50909,电商订单,GXP20240331007178,2,华北,2024-03-31,2024-04-04,4,1,1.87,0.07,7.0,旧模式(分散直发+统配)
50910,电商订单,GXP20250702001563,1,华南,2025-07-03,2025-07-06,3,1,4.14,0.09,6.9,新模式(集中仓储+分级配送)
50911,电商订单,GXP20241205022076,1,甘肃,2024-12-06,2024-12-07,1,1,2.02,0.01,7.6,旧模式(分散直发+统配)
50912,电商订单,GXP20251206001959,2,甘肃,2025-12-07,2025-12-09,2,1,2.07,0.01,8.0,旧模式(分散直发+统配)
50913,电商订单,GXP20250223023337,1,华东,2025-02-23,2025-02-28,5,1,2.61,0.08,8.0,旧模式(分散直发+统配)
50914,电商订单,GXP20240502005270,1,华东,2024-05-02,2024-05-06,4,1,2.3,0.06,8.2,旧模式(分散直发+统配)
50915,电商订单,GXP20250412000273,1,华北,2025-04-12,2025-04-16,4,1,4.78,0.02,13.0,旧模式(分散直发+统配)
50916,电商订单,GXP20240618011397,2,华南,2024-06-19,2024-06-24,5,1,1.23,0.01,5.3,旧模式(分散直发+统配)
50917,电商订单,GXP20250526014355,1,华东,2025-05-27,2025-06-01,5,1,2.6,0.01,8.4,旧模式(分散直发+统配)
50918,电商订单,GXP20240610006923,1,西南,2024-06-10,2024-06-15,5,1,7.31,0.25,20.5,旧模式(分散直发+统配)
50919,电商订单,GXP20241122026206,2,甘肃,2024-11-22,2024-11-23,1,1,1.47,0.01,5.8,旧模式(分散直发+统配)
50920,电商订单,GXP20241101005442,2,华北,2024-11-01,2024-11-05,4,1,2.41,0.01,7.7,旧模式(分散直发+统配)
50921,电商订单,GXP20251211001076,1,华北,2025-12-11,2025-12-13,2,1,1.16,0.01,2.1,新模式(集中仓储+分级配送)
50922,电商订单,GXP20240131022680,1,甘肃,2024-01-31,2024-02-01,1,1,4.6,0.02,13.7,旧模式(分散直发+统配)
50923,电商订单,GXP20251215018561,2,华东,2025-12-15,2025-12-19,4,1,3.02,0.1,9.4,旧模式(分散直发+统配)
50924,电商订单,GXP20251205006959,1,华北,2025-12-06,2025-12-09,3,1,1.39,0.03,2.2,新模式(集中仓储+分级配送)
50925,电商订单,GXP20240115023594,2,西南,2024-01-16,2024-01-21,5,1,3.22,0.01,9.7,旧模式(分散直发+统配)
50926,电商订单,GXP20251123001520,1,西北,2025-11-23,2025-11-25,2,1,2.01,0.07,6.7,旧模式(分散直发+统配)
50927,电商订单,GXP20251122022866,1,西北,2025-11-23,2025-11-24,1,1,2.78,0.01,4.7,新模式(集中仓储+分级配送)
50928,电商订单,GXP20250929021780,1,华南,2025-09-29,2025-10-01,2,1,0.86,0.02,1.7,新模式(集中仓储+分级配送)
50929,电商订单,GXP20250311002658,2,甘肃,2025-03-12,2025-03-14,2,1,2.51,0.01,8.0,旧模式(分散直发+统配)
50930,电商订单,GXP20250113023563,2,东北,2025-01-13,2025-01-20,7,1,2.73,0.02,8.1,旧模式(分散直发+统配)
50931,电商订单,GXP20240411004629,1,华南,2024-04-11,2024-04-16,5,1,2.6,0.01,8.3,旧模式(分散直发+统配)
50932,电商订单,GXP20240530000096,1,华东,2024-05-30,2024-06-04,5,1,1.65,0.01,6.0,旧模式(分散直发+统配)
50933,电商订单,GXP20251107002344,1,甘肃,2025-11-08,2025-11-09,1,1,2.47,0.01,4.4,新模式(集中仓储+分级配送)
50934,电商订单,GXP20251207018598,1,西南,2025-12-08,2025-12-14,6,1,2.39,0.01,8.7,旧模式(分散直发+统配)
50935,电商订单,GXP20240710014375,1,甘肃,2024-07-10,2024-07-11,1,2,9.56,0.05,27.3,旧模式(分散直发+统配)
50936,电商订单,GXP20250111021921,1,西南,2025-01-12,2025-01-16,4,1,3.6,0.16,10.2,旧模式(分散直发+统配)
50937,电商订单,GXP20250824014969,1,甘肃,2025-08-24,2025-08-25,1,1,2.34,0.01,3.8,新模式(集中仓储+分级配送)
50938,电商订单,GXP20250623022224,1,西南,2025-06-24,2025-06-28,4,1,0.83,0.0,1.5,新模式(集中仓储+分级配送)
50939,电商订单,GXP20240110004470,1,东北,2024-01-10,2024-01-16,6,1,2.81,0.01,9.6,旧模式(分散直发+统配)
50940,电商订单,GXP20241105013846,1,华北,2024-11-06,2024-11-09,3,1,1.79,0.01,7.3,旧模式(分散直发+统配)
50941,电商订单,GXP20241223010002,1,华东,2024-12-23,2024-12-27,4,1,1.59,0.01,6.0,旧模式(分散直发+统配)
50942,电商订单,GXP20250623011572,1,华东,2025-06-23,2025-06-26,3,1,1.85,0.01,3.7,新模式(集中仓储+分级配送)
50943,电商订单,GXP20251109022204,1,西南,2025-11-10,2025-11-13,3,1,5.12,0.02,10.2,新模式(集中仓储+分级配送)
50944,电商订单,GXP20240902001354,2,华东,2024-09-02,2024-09-07,5,1,2.79,0.02,10.1,旧模式(分散直发+统配)
50945,电商订单,GXP20250624020002,1,华东,2025-06-24,2025-06-27,3,1,1.41,0.0,2.7,新模式(集中仓储+分级配送)
50946,电商订单,GXP20250610015473,1,华东,2025-06-11,2025-06-13,2,1,1.55,0.0,2.5,新模式(集中仓储+分级配送)
50947,电商订单,GXP20250407009072,1,甘肃,2025-04-07,2025-04-08,1,1,2.22,0.05,4.4,新模式(集中仓储+分级配送)
50948,电商订单,GXP20251221009843,1,西南,2025-12-22,2025-12-28,6,1,1.58,0.01,6.9,旧模式(分散直发+统配)
50949,电商订单,GXP20241006009139,1,华南,2024-10-07,2024-10-12,5,1,4.0,0.17,13.0,旧模式(分散直发+统配)
50950,电商订单,GXP20251007010793,1,华东,2025-10-08,2025-10-11,3,1,2.07,0.0,4.0,新模式(集中仓储+分级配送)
50951,电商订单,GXP20250321007750,1,东北,2025-03-21,2025-03-28,7,1,8.5,0.27,18.4,旧模式(分散直发+统配)
50952,电商订单,GXP20240126017565,1,华东,2024-01-27,2024-01-31,4,1,1.08,0.01,5.5,旧模式(分散直发+统配)
50953,电商订单,GXP20240317005533,1,西南,2024-03-17,2024-03-23,6,2,11.14,0.06,23.1,旧模式(分散直发+统配)
50954,电商订单,GXP20240129010394,1,甘肃,2024-01-30,2024-02-01,2,1,4.56,0.02,13.0,旧模式(分散直发+统配)
50955,电商订单,GXP20240618025624,2,甘肃,2024-06-19,2024-06-21,2,1,1.62,0.07,6.4,旧模式(分散直发+统配)
50956,电商订单,GXP20251108003572,2,华东,2025-11-09,2025-11-13,4,1,3.4,0.01,10.0,旧模式(分散直发+统配)
50957,电商订单,GXP20251124006929,1,华南,2025-11-24,2025-11-27,3,1,3.0,0.01,6.2,新模式(集中仓储+分级配送)
50958,电商订单,GXP20250625013276,1,甘肃,2025-06-26,2025-06-27,1,1,1.51,0.03,3.1,新模式(集中仓储+分级配送)
50959,电商订单,GXP20251226014030,1,华北,2025-12-26,2025-12-28,2,1,1.04,0.01,2.1,新模式(集中仓储+分级配送)
50960,电商订单,GXP20240511001481,1,东北,2024-05-12,2024-05-17,5,1,4.29,0.02,11.4,旧模式(分散直发+统配)
50961,电商订单,GXP20250717022815,1,甘肃,2025-07-18,2025-07-19,1,1,2.19,0.01,4.1,新模式(集中仓储+分级配送)
50962,电商订单,GXP20250827007790,1,华南,2025-08-28,2025-09-02,5,1,1.68,0.01,7.2,旧模式(分散直发+统配)
50963,电商订单,GXP20250907013102,2,华东,2025-09-07,2025-09-11,4,1,3.02,0.01,9.1,旧模式(分散直发+统配)
50964,电商订单,GXP20240624009079,1,华东,2024-06-25,2024-06-30,5,1,4.48,0.18,14.1,旧模式(分散直发+统配)
50965,电商订单,GXP20250131007501,1,华东,2025-01-31,2025-02-04,4,1,7.97,0.05,18.7,旧模式(分散直发+统配)
50966,电商订单,GXP20250520006002,1,西南,2025-05-20,2025-05-23,3,1,1.59,0.0,3.0,新模式(集中仓储+分级配送)
50967,电商订单,GXP20250311011863,2,华东,2025-03-11,2025-03-14,3,1,2.43,0.01,7.9,旧模式(分散直发+统配)
50968,电商订单,GXP20240614023217,2,华东,2024-06-15,2024-06-18,3,1,2.52,0.01,7.7,旧模式(分散直发+统配)
50969,电商订单,GXP20251202022582,1,甘肃,2025-12-02,2025-12-04,2,1,1.34,0.01,5.6,旧模式(分散直发+统配)
50970,电商订单,GXP20250812000006,1,华东,2025-08-13,2025-08-15,2,1,2.27,0.01,3.9,新模式(集中仓储+分级配送)
50971,电商订单,GXP20250320014232,1,西南,2025-03-21,2025-03-26,5,1,5.96,0.04,17.2,旧模式(分散直发+统配)
50972,电商订单,GXP20250821007167,1,西南,2025-08-22,2025-08-26,4,1,3.03,0.1,9.0,旧模式(分散直发+统配)
50973,电商订单,GXP20240802019288,1,甘肃,2024-08-02,2024-08-03,1,1,3.31,0.01,10.6,旧模式(分散直发+统配)
50974,电商订单,GXP20240515015280,1,华北,2024-05-16,2024-05-21,5,1,1.51,0.06,6.0,旧模式(分散直发+统配)
50975,电商订单,GXP20250726001578,1,华东,2025-07-26,2025-07-28,2,1,0.81,0.0,1.7,新模式(集中仓储+分级配送)
50976,电商订单,GXP20240605017342,1,华东,2024-06-05,2024-06-10,5,1,1.48,0.06,6.4,旧模式(分散直发+统配)
50977,电商订单,GXP20251008010315,1,华东,2025-10-08,2025-10-12,4,1,1.8,0.01,2.8,新模式(集中仓储+分级配送)
50978,电商订单,GXP20240316005488,2,华南,2024-03-16,2024-03-21,5,1,0.93,0.03,5.0,旧模式(分散直发+统配)
50979,电商订单,GXP20250311008628,1,甘肃,2025-03-11,2025-03-12,1,1,2.28,0.1,8.0,旧模式(分散直发+统配)
50980,电商订单,GXP20250927008000,1,华东,2025-09-27,2025-10-02,5,1,4.07,0.02,11.1,旧模式(分散直发+统配)
50981,电商订单,GXP20250613025237,1,华东,2025-06-13,2025-06-17,4,1,2.89,0.09,10.3,旧模式(分散直发+统配)
50982,电商订单,GXP20241112017754,2,华南,2024-11-13,2024-11-18,5,1,1.08,0.01,5.3,旧模式(分散直发+统配)
50983,电商订单,GXP20251228006360,1,华北,2025-12-29,2026-01-01,3,1,1.87,0.0,3.3,新模式(集中仓储+分级配送)
50984,电商订单,GXP20241103024391,1,华北,2024-11-03,2024-11-08,5,1,1.46,0.01,6.0,旧模式(分散直发+统配)
50985,电商订单,GXP20240112003800,1,东北,2024-01-13,2024-01-17,4,1,0.92,0.0,5.3,旧模式(分散直发+统配)
50986,电商订单,GXP20251207022762,1,华东,2025-12-07,2025-12-10,3,1,2.49,0.04,4.5,新模式(集中仓储+分级配送)
50987,电商订单,GXP20251220009217,1,华北,2025-12-20,2025-12-23,3,1,1.58,0.0,2.7,新模式(集中仓储+分级配送)
50988,电商订单,GXP20250927018811,1,甘肃,2025-09-28,2025-09-29,1,1,2.87,0.02,8.4,旧模式(分散直发+统配)
50989,电商订单,GXP20250425022651,1,西北,2025-04-26,2025-04-27,1,1,2.24,0.04,3.4,新模式(集中仓储+分级配送)
50990,电商订单,GXP20250225008785,2,东北,2025-02-26,2025-03-02,4,1,2.33,0.01,7.4,旧模式(分散直发+统配)
50991,电商订单,GXP20240426007510,1,西北,2024-04-26,2024-04-28,2,1,3.41,0.02,9.6,旧模式(分散直发+统配)
50992,电商订单,GXP20250429010499,1,华南,2025-04-30,2025-05-03,3,1,3.01,0.01,6.3,新模式(集中仓储+分级配送)
50993,电商订单,GXP20251109017039,1,东北,2025-11-09,2025-11-12,3,1,3.5,0.01,6.0,新模式(集中仓储+分级配送)
50994,电商订单,GXP20241016016408,1,西南,2024-10-17,2024-10-22,5,1,6.74,0.04,16.7,旧模式(分散直发+统配)
50995,电商订单,GXP20250910012773,1,甘肃,2025-09-11,2025-09-12,1,1,1.96,0.01,3.6,新模式(集中仓储+分级配送)
50996,电商订单,GXP20241127004093,1,甘肃,2024-11-28,2024-11-29,1,1,1.29,0.01,6.0,旧模式(分散直发+统配)
50997,电商订单,GXP20251211019910,1,华南,2025-12-11,2025-12-15,4,1,4.22,0.07,7.6,新模式(集中仓储+分级配送)
50998,电商订单,GXP20240411008038,1,华东,2024-04-11,2024-04-15,4,1,5.58,0.14,16.9,旧模式(分散直发+统配)
50999,电商订单,GXP20241217007039,1,西北,2024-12-17,2024-12-20,3,1,2.27,0.01,7.7,旧模式(分散直发+统配)
