id,purchase_id,sku_id,quantity_kg,unit_cost,amount,quality_grade,rejected_kg
1,1,719,62.9,79.69,5012.5,A2,0.8
2,1,312,13.4,12.36,165.62,A1,0.1
3,1,27,53.3,58.01,3091.93,A1,0.3
4,2,1171,28.8,39.47,1136.74,A2,0.1
5,2,1916,27.2,55.6,1512.32,A2,0.2
6,3,1553,86.0,26.43,2272.98,A2,0.4
7,4,1571,70.4,32.43,2283.07,A1,1.0
8,5,470,22.3,55.87,1245.9,A2,0.4
9,5,1503,30.0,41.59,1247.7,A1,0.6
10,5,1662,182.2,16.65,3033.63,A1,1.4
11,6,18,37.9,49.72,1884.39,A2,0.6
12,7,432,28.7,47.44,1361.53,A1,0.3
13,8,467,157.2,17.6,2766.72,A3,8.5
14,9,1083,243.8,24.23,5907.27,A3,6.1
15,10,334,94.9,18.86,1789.81,A2,1.4
16,10,47,35.2,56.53,1989.86,A1,0.8
17,10,318,38.9,34.73,1351.0,A1,0.7
18,11,246,137.0,35.64,4882.68,A1,3.1
19,12,468,27.5,19.05,523.88,A2,0.3
20,13,1608,26.3,23.63,621.47,A1,0.4
21,13,1765,51.0,42.8,2182.8,A2,0.9
22,14,69,29.4,41.52,1220.69,A1,0.2
23,14,316,39.7,45.77,1817.07,A3,1.2
24,15,1371,165.6,44.58,7382.45,A1,0.2
25,16,1331,409.7,50.97,20882.41,A2,9.5
26,17,2016,82.4,17.44,1437.06,A2,1.1
27,17,1127,330.8,30.95,10238.26,A2,1.0
28,18,26,87.0,42.94,3735.78,A1,0.2
29,19,1727,181.1,28.98,5248.28,A2,4.5
30,20,305,115.4,49.17,5674.22,A1,2.6
31,21,1191,80.4,14.6,1173.84,A1,0.1
32,22,1457,90.5,55.96,5064.38,A1,1.2
33,22,1757,25.6,56.91,1456.9,A1,0.2
34,22,640,44.3,92.62,4103.07,A2,0.6
35,23,480,26.1,51.55,1345.46,A2,0.2
36,24,41,67.0,21.99,1473.33,A2,0.2
37,25,1222,75.4,21.6,1628.64,A1,0.2
38,25,1654,395.3,26.66,10538.7,A1,4.6
39,26,163,124.8,46.46,5798.21,A2,1.0
40,27,783,30.3,106.05,3213.32,A1,0.1
41,27,370,61.6,44.48,2739.97,A1,0.6
42,27,1001,101.8,20.35,2071.63,A2,1.3
43,28,277,54.8,36.22,1984.86,A1,0.6
44,29,480,102.6,53.59,5498.33,A2,0.9
45,30,176,30.6,43.61,1334.47,A1,0.6
46,31,584,97.6,80.66,7872.42,A2,1.3
47,32,415,18.9,33.19,627.29,A1,0.1
48,33,389,12.7,14.2,180.34,A2,0.2
49,34,2037,204.4,26.08,5330.75,A1,3.6
50,35,1141,258.0,34.46,8890.68,A1,5.1
51,35,378,44.3,35.84,1587.71,A3,1.3
52,36,867,82.1,85.06,6983.43,A2,1.3
53,36,380,16.5,45.78,755.37,A2,0.0
54,37,558,94.0,31.95,3003.3,A2,1.7
55,38,315,44.1,42.75,1885.28,A1,0.5
56,38,400,32.8,29.78,976.78,A1,0.2
57,39,734,52.5,31.06,1630.65,A2,1.2
58,40,283,100.2,18.75,1878.75,A2,1.2
59,41,1921,34.6,46.53,1609.94,A2,0.2
60,41,38,45.9,28.67,1315.95,A1,1.0
61,42,1618,36.1,84.11,3036.37,A1,0.7
62,42,2024,164.9,19.05,3141.34,A2,3.0
63,43,1532,55.4,37.6,2083.04,A1,0.7
64,44,750,68.4,101.94,6972.7,A1,1.1
65,44,1502,43.2,56.66,2447.71,A2,0.2
66,44,805,131.7,48.66,6408.52,A2,2.8
67,45,179,26.1,47.43,1237.92,A1,0.6
68,45,1951,112.3,57.26,6430.3,A1,0.9
69,46,1062,273.9,39.23,10745.1,A1,1.9
70,46,449,53.4,42.06,2246.0,A2,0.8
71,46,267,49.0,59.76,2928.24,A1,0.7
72,47,1637,271.0,32.88,8910.48,A1,1.4
73,48,1796,73.6,48.3,3554.88,A2,1.8
74,48,1048,125.1,23.69,2963.62,A1,2.9
75,49,951,109.9,21.83,2399.12,A1,1.4
76,49,1615,97.3,59.27,5766.97,A2,1.1
77,50,776,75.5,80.31,6063.4,A1,0.5
78,50,1149,132.0,17.1,2257.2,A1,1.2
79,50,406,17.8,44.65,794.77,A2,0.1
80,51,159,45.6,19.6,893.76,A3,2.3
81,52,1216,65.2,12.66,825.43,A1,0.7
82,53,160,7.9,16.07,126.95,A1,0.0
83,54,85,27.0,31.74,856.98,A2,0.6
84,55,885,173.7,36.85,6400.84,A2,2.9
85,56,1855,40.7,35.24,1434.27,A1,0.7
86,57,1024,139.1,28.69,3990.78,A2,2.8
87,58,1460,102.3,64.45,6593.24,A3,5.7
88,58,151,47.5,24.62,1169.45,A1,0.1
89,58,889,81.9,69.82,5718.26,A2,1.0
90,59,1992,26.7,148.79,3972.69,A2,0.6
91,60,146,179.9,19.69,3542.23,A1,1.4
92,60,782,234.4,24.58,5761.55,A1,4.1
93,61,372,20.5,49.76,1020.08,A3,0.2
94,61,1593,36.3,41.46,1505.0,A1,0.7
95,61,1234,128.5,17.16,2205.06,A1,3.0
96,62,1154,311.1,29.35,9130.79,A2,2.4
97,63,1999,20.2,97.71,1973.74,A1,0.4
98,64,1495,49.0,50.65,2481.85,A1,1.0
99,64,1518,42.7,55.08,2351.92,A2,0.2
100,65,1794,225.0,64.1,14422.5,A2,5.5
101,66,706,52.6,39.24,2064.02,A2,1.3
102,67,194,82.3,18.07,1487.16,A1,1.6
103,68,1185,102.8,12.41,1275.75,A2,0.0
104,69,1768,284.1,64.01,18185.24,A2,6.4
105,70,200,74.4,13.89,1033.42,A1,1.0
106,70,295,151.2,49.49,7482.89,A1,2.4
107,70,292,71.4,59.49,4247.59,A2,1.7
108,71,193,73.5,51.6,3792.6,A1,0.8
109,72,1479,66.9,48.54,3247.33,A2,0.4
110,72,1117,93.4,23.87,2229.46,A1,1.5
111,73,428,113.0,48.41,5470.33,A2,2.0
112,73,96,21.7,16.16,350.67,A1,0.2
113,74,517,38.9,38.45,1495.71,A1,0.8
114,74,797,49.1,53.14,2609.17,A2,0.0
115,75,1483,46.2,34.22,1580.96,A2,0.3
116,75,192,95.3,47.27,4504.83,A2,0.6
117,75,1664,85.1,8.45,719.09,A1,1.4
118,76,273,15.2,32.67,496.58,A2,0.3
119,76,349,28.0,23.31,652.68,A1,0.4
120,77,999,141.6,19.99,2830.58,A1,0.8
121,77,8,68.8,21.73,1495.02,A2,1.0
122,78,1025,193.6,37.71,7300.66,A2,2.2
123,78,522,184.2,38.98,7180.12,A1,1.4
124,79,1170,226.7,27.01,6123.17,A1,0.5
125,80,1626,139.8,19.09,2668.78,A1,2.3
126,80,976,145.3,32.54,4728.06,A1,2.7
127,81,643,26.4,54.54,1439.86,A1,0.1
128,82,218,80.9,42.97,3476.27,A2,0.5
129,83,141,29.4,36.69,1078.69,A2,0.2
130,84,1543,34.4,65.98,2269.71,A2,0.2
131,84,86,214.6,41.24,8850.1,A2,1.8
132,85,339,193.3,20.92,4043.84,A3,3.0
133,86,1947,123.0,100.83,12402.09,A2,0.2
134,87,511,190.3,72.1,13720.63,A1,3.6
135,88,1622,28.1,55.17,1550.28,A2,0.3
136,89,317,30.9,23.13,714.72,A1,0.1
137,90,922,151.0,33.61,5075.11,A2,3.5
138,91,443,54.2,19.46,1054.73,A3,3.0
139,91,960,31.8,22.99,731.08,A1,0.6
140,92,1901,84.7,65.59,5555.47,A1,0.6
141,93,121,92.7,30.54,2831.06,A2,0.4
142,93,520,71.2,27.95,1990.04,A2,1.3
143,93,1744,56.9,46.42,2641.3,A1,1.2
144,94,352,119.6,40.69,4866.52,A2,0.9
145,94,1193,103.2,37.12,3830.78,A2,0.8
146,95,463,110.9,46.37,5142.43,A1,2.5
147,96,398,26.0,33.59,873.34,A2,0.1
148,97,154,100.1,60.86,6092.09,A1,1.5
149,98,727,242.5,39.71,9629.68,A1,3.8
150,98,1642,275.3,11.85,3262.3,A2,5.1
151,99,119,59.3,30.73,1822.29,A1,0.3
152,99,1946,45.0,82.2,3699.0,A1,0.1
153,100,1621,19.4,63.11,1224.33,A2,0.4
154,101,487,19.5,39.25,765.38,A2,0.2
155,101,1132,117.6,16.4,1928.64,A2,0.4
156,102,361,35.9,13.53,485.73,A2,0.4
157,103,1454,121.3,17.61,2136.09,A1,0.0
158,104,273,93.1,32.55,3030.4,A1,1.9
159,105,332,38.5,47.99,1847.62,A1,0.4
160,105,1526,30.6,30.79,942.17,A2,0.5
161,106,528,36.4,106.83,3888.61,A1,0.7
162,106,127,46.2,46.59,2152.46,A1,0.7
163,106,414,63.6,37.4,2378.64,A2,1.4
164,107,224,339.3,47.66,16171.04,A1,8.2
165,107,1681,186.7,38.37,7163.68,A1,0.5
166,107,1703,293.5,13.07,3836.04,A1,0.6
167,108,758,55.4,61.82,3424.83,A1,0.6
168,109,1958,11.1,147.58,1638.14,A1,0.2
169,109,152,282.2,56.08,15825.78,A2,6.7
170,109,1328,128.6,40.49,5207.01,A1,1.0
171,110,1126,253.0,27.2,6881.6,A1,3.8
172,111,14,38.3,12.6,482.58,A1,0.1
173,112,1473,28.7,75.86,2177.18,A2,0.0
174,113,470,20.0,59.81,1196.2,A1,0.2
175,114,875,52.9,102.99,5448.17,A2,1.0
176,115,744,44.5,89.38,3977.41,A2,0.3
177,115,1185,147.6,13.95,2059.02,A1,0.6
178,115,1347,171.1,20.81,3560.59,A1,2.4
179,116,1619,98.4,72.5,7134.0,A1,2.2
180,117,1487,20.3,35.53,721.26,A1,0.1
181,118,173,41.7,31.92,1331.06,A1,0.5
182,119,1436,79.7,45.2,3602.44,A2,0.2
183,119,1583,121.8,66.75,8130.15,A1,1.2
184,119,148,41.6,25.4,1056.64,A1,0.5
185,120,1463,53.7,81.62,4382.99,A2,0.9
186,120,890,144.2,73.82,10644.84,A1,2.8
187,121,19,68.9,16.32,1124.45,A2,0.1
188,122,56,145.7,52.62,7666.73,A1,1.9
189,123,1533,187.9,61.76,11604.7,A2,1.0
190,123,55,98.2,58.48,5742.74,A1,0.3
191,123,1426,61.4,23.69,1454.57,A1,1.5
192,124,993,68.6,38.46,2638.36,A2,0.4
193,124,1034,252.4,35.27,8902.15,A2,3.9
194,124,969,41.6,21.97,913.95,A1,0.4
195,125,272,46.8,25.41,1189.19,A1,1.0
196,126,1364,175.5,26.44,4640.22,A1,1.9
197,127,221,36.2,48.44,1753.53,A2,0.7
198,128,273,19.7,35.25,694.42,A1,0.1
199,129,326,38.1,16.37,623.7,A2,0.1
200,130,566,54.2,94.06,5098.05,A3,0.6
201,130,870,18.3,91.14,1667.86,A2,0.3
202,131,1925,186.1,24.8,4615.28,A1,3.0
203,132,1032,142.8,29.57,4222.6,A1,0.7
204,132,1198,134.3,28.78,3865.15,A3,3.8
205,132,922,67.7,35.07,2374.24,A2,0.8
206,133,320,44.6,39.9,1779.54,A1,0.7
207,134,1948,44.2,51.63,2282.05,A2,0.0
208,134,87,24.9,20.15,501.73,A1,0.2
209,135,987,73.0,35.06,2559.38,A1,0.9
210,135,1908,77.0,63.41,4882.57,A1,0.2
211,135,245,14.4,24.24,349.06,A1,0.1
212,136,1064,30.4,19.31,587.02,A1,0.7
213,137,630,39.3,67.98,2671.61,A1,0.6
214,138,503,273.7,33.91,9281.17,A3,6.2
215,139,379,67.8,27.1,1837.38,A1,1.5
216,139,238,37.8,48.8,1844.64,A1,0.9
217,140,35,103.3,17.58,1816.01,A1,1.9
218,141,498,26.1,18.26,476.59,A2,0.1
219,142,96,72.7,14.43,1049.06,A1,1.1
220,143,434,62.2,21.72,1350.98,A1,0.8
221,144,1104,52.4,30.82,1614.97,A2,0.3
222,144,551,102.4,82.51,8449.02,A1,1.8
223,144,55,46.4,55.36,2568.7,A2,0.9
224,145,718,45.1,57.53,2594.6,A2,0.3
225,145,134,71.3,41.5,2958.95,A2,0.1
226,146,589,77.4,70.25,5437.35,A2,0.9
227,147,1806,25.3,61.03,1544.06,A1,0.4
228,147,179,44.6,45.85,2044.91,A2,0.5
229,148,767,51.9,74.15,3848.38,A2,1.1
230,148,880,101.7,95.13,9674.72,A2,2.5
231,149,1529,61.4,77.68,4769.55,A1,1.5
232,149,175,41.7,24.61,1026.24,A1,0.3
233,150,310,27.0,29.44,794.88,A1,0.2
234,151,507,20.6,78.87,1624.72,A1,0.3
235,152,308,77.0,58.58,4510.66,A1,0.8
236,152,406,239.3,41.61,9957.27,A1,2.7
237,153,528,52.7,105.13,5540.35,A2,0.6
238,154,665,43.7,87.98,3844.73,A2,0.7
239,154,1513,55.4,49.02,2715.71,A2,0.1
240,155,604,61.9,48.74,3017.01,A2,1.2
241,155,1163,156.3,34.27,5356.4,A3,4.3
242,156,1146,69.3,35.12,2433.82,A2,1.2
243,156,708,258.0,73.76,19030.08,A2,1.8
244,157,1812,28.2,38.64,1089.65,A1,0.1
245,157,1380,126.9,19.81,2513.89,A1,2.8
246,158,139,41.5,12.24,507.96,A3,1.2
247,159,177,32.7,40.39,1320.75,A2,0.5
248,160,1600,27.4,16.75,458.95,A1,0.5
249,161,1552,49.2,44.98,2213.02,A1,0.2
250,161,1508,45.1,38.95,1756.65,A1,1.1
251,161,118,250.1,33.7,8428.37,A2,3.7
252,162,1121,390.4,37.18,14515.07,A1,0.9
253,163,748,84.8,61.54,5218.59,A2,2.0
254,164,673,33.4,57.65,1925.51,A2,0.3
255,165,224,108.8,51.81,5636.93,A1,0.8
256,166,191,60.0,19.1,1146.0,A2,1.1
257,167,686,122.1,88.69,10829.05,A3,1.7
258,168,396,365.0,51.33,18735.45,A2,5.3
259,169,531,37.6,84.67,3183.59,A1,0.5
260,170,292,41.3,63.99,2642.79,A2,0.8
261,171,1472,54.9,48.9,2684.61,A1,0.3
262,171,213,33.3,28.82,959.71,A2,0.8
263,172,249,216.6,62.78,13598.15,A1,3.2
264,172,231,44.4,13.34,592.3,A1,0.2
265,172,1076,28.0,33.59,940.52,A2,0.4
266,173,1615,45.5,61.35,2791.42,A1,0.3
267,174,1560,101.7,38.87,3953.08,A3,1.9
268,174,1149,66.1,18.41,1216.9,A2,1.1
269,174,1108,63.2,27.94,1765.81,A3,3.2
270,175,1465,33.7,81.84,2758.01,A2,0.6
271,176,1313,55.9,28.39,1587.0,A2,0.7
272,177,954,234.7,36.77,8629.92,A1,0.7
273,177,1111,209.0,36.63,7655.67,A2,4.7
274,177,159,77.8,17.62,1370.84,A2,1.5
275,178,1700,351.7,33.37,11736.23,A1,3.4
276,178,401,34.8,22.52,783.7,A2,0.3
277,179,220,106.2,62.73,6661.93,A1,1.6
278,179,134,130.8,46.55,6088.74,A3,7.9
279,180,1162,60.8,26.15,1589.92,A2,1.1
280,181,1650,189.5,32.81,6217.5,A1,1.9
281,181,358,117.4,41.18,4834.53,A2,1.1
282,181,1744,14.2,50.55,717.81,A1,0.0
283,182,1781,31.2,69.79,2177.45,A3,0.6
284,182,235,217.0,13.69,2970.73,A1,0.8
285,182,1057,244.7,25.99,6359.75,A1,4.8
286,183,1653,124.3,22.06,2742.06,A1,0.4
287,183,2015,99.2,19.26,1910.59,A1,0.8
288,184,435,31.0,41.57,1288.67,A2,0.6
289,185,328,47.2,37.17,1754.42,A2,0.2
290,186,260,21.3,47.52,1012.18,A2,0.0
291,187,810,89.8,80.82,7257.64,A2,1.2
292,188,467,41.8,18.7,781.66,A2,0.6
293,189,319,75.6,22.64,1711.58,A1,0.4
294,190,1524,28.8,21.7,624.96,A1,0.2
295,191,1160,139.1,19.05,2649.86,A1,1.8
296,191,1798,50.3,96.28,4842.88,A1,0.1
297,192,461,28.2,31.32,883.22,A3,0.5
298,193,737,117.7,74.16,8728.63,A1,0.7
299,193,648,50.0,89.57,4478.5,A2,0.8
300,194,247,57.7,42.23,2436.67,A1,1.3
301,194,278,19.9,25.11,499.69,A1,0.3
302,195,57,58.4,36.34,2122.26,A2,1.2
303,196,1180,100.1,19.85,1986.98,A1,1.0
304,196,1072,403.9,33.49,13526.61,A2,7.5
305,197,571,11.4,37.99,433.09,A2,0.0
306,198,258,53.2,53.47,2844.6,A1,0.2
307,198,1478,44.3,33.92,1502.66,A2,1.0
308,198,1571,86.7,34.95,3030.17,A1,1.3
309,199,103,29.8,22.95,683.91,A1,0.7
310,200,1663,142.4,14.29,2034.9,A1,3.5
311,200,417,68.5,52.72,3611.32,A1,1.0
312,201,976,126.2,33.23,4193.63,A1,0.5
313,202,1489,22.3,48.8,1088.24,A1,0.4
314,203,410,36.3,15.14,549.58,A2,0.7
315,204,784,97.7,65.85,6433.54,A3,3.4
316,204,194,150.8,20.49,3089.89,A2,2.5
317,205,1263,152.1,17.32,2634.37,A2,3.3
318,206,1220,176.4,14.19,2503.12,A2,1.0
319,207,1528,59.4,28.55,1695.87,A1,0.6
320,207,471,27.9,22.94,640.03,A1,0.3
321,207,547,71.8,99.31,7130.46,A1,1.3
322,208,1033,89.3,22.41,2001.21,A1,2.2
323,209,943,127.9,23.84,3049.14,A1,0.7
324,210,208,166.6,22.14,3688.52,A1,1.5
325,211,2041,397.0,13.95,5538.15,A1,5.8
326,211,1553,46.3,28.5,1319.55,A2,0.4
327,212,266,41.0,41.76,1712.16,A1,0.4
328,213,1581,97.7,76.61,7484.8,A2,2.0
329,214,400,20.7,28.63,592.64,A2,0.2
330,215,1203,161.1,19.12,3080.23,A1,3.0
331,216,742,87.8,40.64,3568.19,A1,0.3
332,217,1558,41.7,47.12,1964.9,A1,1.0
333,218,1993,60.5,60.01,3630.6,A1,1.2
334,219,1624,226.7,32.55,7379.08,A1,1.6
335,220,1531,8.6,22.87,196.68,A1,0.1
336,221,466,40.0,22.1,884.0,A1,0.7
337,222,1426,62.6,25.84,1617.58,A2,1.3
338,222,961,201.4,31.28,6299.79,A1,0.3
339,223,892,24.2,74.9,1812.58,A1,0.1
340,223,1071,142.3,16.71,2377.83,A2,1.8
341,224,589,74.3,65.2,4844.36,A1,1.6
342,225,1982,20.1,91.33,1835.73,A2,0.3
343,225,1586,40.5,65.62,2657.61,A2,0.6
344,226,1127,93.3,27.35,2551.76,A2,2.2
345,226,1817,48.7,79.22,3858.01,A2,1.0
346,227,589,61.2,64.34,3937.61,A1,0.0
347,228,493,29.8,36.41,1085.02,A3,1.7
348,228,1964,15.9,173.61,2760.4,A1,0.3
349,229,1220,205.1,14.53,2980.1,A1,4.3
350,230,310,40.2,28.91,1162.18,A1,0.8
351,230,1952,20.2,82.3,1662.46,A2,0.3
352,231,281,46.3,39.95,1849.68,A1,0.5
353,231,1476,77.5,69.09,5354.48,A1,1.5
354,231,339,38.4,22.79,875.14,A1,0.6
355,232,1442,135.3,20.55,2780.42,A1,3.1
356,233,90,23.2,28.79,667.93,A1,0.1
357,234,11,110.5,37.71,4166.96,A3,4.1
358,234,1213,159.5,16.17,2579.12,A1,3.5
359,234,1148,313.2,42.18,13210.78,A1,0.6
360,235,160,71.7,15.14,1085.54,A2,0.8
361,236,1210,47.0,15.92,748.24,A3,1.1
362,236,221,19.5,51.08,996.06,A2,0.3
363,237,209,57.7,24.19,1395.76,A1,0.7
364,237,131,191.2,25.95,4961.64,A1,4.6
365,238,1024,166.4,26.43,4397.95,A1,1.0
366,239,276,20.3,49.23,999.37,A2,0.3
367,240,423,197.3,50.91,10044.54,A1,3.0
368,241,1165,600.9,42.25,25388.02,A1,12.8
369,242,404,23.3,48.65,1133.54,A2,0.3
370,242,1773,21.2,59.13,1253.56,A1,0.1
371,243,276,66.6,55.4,3689.64,A1,0.9
372,243,1489,12.0,48.52,582.24,A2,0.1
373,243,736,64.0,91.93,5883.52,A3,2.9
374,244,2007,41.2,130.09,5359.71,A1,0.5
375,244,1805,47.1,36.82,1734.22,A1,1.0
376,245,805,103.7,51.52,5342.62,A1,1.4
377,245,2039,111.9,24.97,2794.14,A2,1.5
378,246,960,175.0,21.87,3827.25,A1,2.5
379,246,63,81.2,39.63,3217.96,A1,1.6
380,246,1207,205.1,15.82,3244.68,A1,4.8
381,247,906,44.7,120.49,5385.9,A1,1.1
382,247,100,218.1,54.56,11899.54,A2,4.0
383,248,1156,268.5,39.52,10611.12,A1,4.1
384,249,1599,12.9,38.96,502.58,A1,0.1
385,249,452,32.9,26.78,881.06,A1,0.6
386,249,1131,210.0,27.83,5844.3,A1,4.0
387,250,1984,50.8,76.98,3910.58,A1,0.4
388,250,1093,107.2,17.49,1874.93,A1,0.6
389,250,1486,52.2,64.13,3347.59,A2,0.9
390,251,91,37.0,18.2,673.4,A3,1.8
391,252,1073,78.3,31.08,2433.56,A1,1.4
392,253,302,14.8,28.62,423.58,A2,0.3
393,254,466,63.3,25.77,1631.24,A1,0.7
394,255,1916,91.2,56.98,5196.58,A1,1.4
395,256,1519,11.8,84.75,1000.05,A1,0.1
396,256,214,85.5,29.77,2545.34,A3,2.5
397,257,1592,61.4,46.62,2862.47,A1,0.9
398,258,1965,42.4,102.17,4332.01,A1,0.9
399,259,1916,150.6,61.82,9310.09,A1,2.7
400,260,1506,116.0,39.85,4622.6,A2,2.5
401,260,295,157.6,49.19,7752.34,A2,2.2
402,260,381,38.4,38.52,1479.17,A1,0.4
403,261,771,83.1,93.14,7739.93,A1,2.0
404,261,261,34.4,58.32,2006.21,A2,0.4
405,262,979,193.9,29.97,5811.18,A1,2.5
406,262,1047,117.2,28.93,3390.6,A2,0.6
407,262,396,22.9,50.66,1160.11,A3,1.3
408,263,778,63.1,90.99,5741.47,A2,0.6
409,264,830,43.3,64.8,2805.84,A3,2.3
410,265,1502,138.6,55.53,7696.46,A2,0.4
411,265,1029,436.8,40.38,17637.98,A1,9.0
412,265,1504,33.2,75.13,2494.32,A1,0.8
413,266,1130,188.8,31.93,6028.38,A1,1.6
414,267,1294,509.3,24.3,12375.99,A2,11.6
415,267,263,39.0,33.86,1320.54,A1,0.6
416,268,202,46.6,52.08,2426.93,A3,1.4
417,269,1182,60.3,42.77,2579.03,A2,0.3
418,269,1543,35.4,69.07,2445.08,A3,1.4
419,269,1577,135.3,44.43,6011.38,A2,1.8
420,270,23,51.8,22.72,1176.9,A2,1.1
421,271,230,114.3,13.59,1553.34,A2,0.3
422,272,993,152.4,36.38,5544.31,A1,2.2
423,272,1640,173.4,28.1,4872.54,A2,0.3
424,273,40,25.1,48.44,1215.84,A1,0.5
425,273,997,115.0,13.54,1557.1,A1,1.3
426,273,454,53.5,24.07,1287.75,A1,0.6
427,274,497,66.3,23.53,1560.04,A3,1.8
428,275,1069,71.5,39.15,2799.22,A2,0.2
429,275,15,54.4,17.05,927.52,A1,1.1
430,276,1111,304.7,34.43,10490.82,A1,5.0
431,276,1612,12.0,49.1,589.2,A1,0.3
432,277,254,30.7,33.15,1017.7,A2,0.3
433,278,123,74.7,41.65,3111.26,A2,0.1
434,279,1190,111.8,34.79,3889.52,A1,1.2
435,279,1316,88.8,33.72,2994.34,A2,2.1
436,279,8,39.4,21.49,846.71,A3,1.9
437,280,485,46.2,36.18,1671.52,A2,1.1
438,281,712,81.4,68.32,5561.25,A2,0.4
439,281,694,137.4,84.4,11596.56,A2,0.6
440,281,228,33.5,21.05,705.18,A2,0.4
441,282,1547,137.2,53.48,7337.46,A1,1.8
442,282,271,11.9,53.21,633.2,A2,0.1
443,282,231,12.9,13.67,176.34,A2,0.3
444,283,1395,143.4,45.34,6501.76,A1,0.0
445,284,82,22.4,30.38,680.51,A3,0.5
446,285,477,21.4,32.96,705.34,A1,0.3
447,285,1733,110.0,16.07,1767.7,A2,0.3
448,286,374,35.9,15.42,553.58,A1,0.5
449,287,27,48.7,55.26,2691.16,A2,0.6
450,288,12,34.7,60.74,2107.68,A1,0.6
451,289,1405,126.5,33.26,4207.39,A1,2.7
452,290,1354,54.1,48.76,2637.92,A2,1.1
453,290,1743,34.2,31.16,1065.67,A2,0.6
454,291,419,166.9,36.01,6010.07,A1,3.0
455,291,772,161.2,40.35,6504.42,A1,0.8
456,291,1283,73.4,41.49,3045.37,A1,0.3
457,292,1352,289.2,40.39,11680.79,A1,7.2
458,292,853,98.7,72.79,7184.37,A3,3.4
459,293,216,154.6,19.29,2982.23,A1,0.6
460,294,331,34.6,30.07,1040.42,A1,0.5
461,295,1585,42.8,25.25,1080.7,A1,0.5
462,295,401,48.5,23.02,1116.47,A2,0.3
463,296,198,111.0,35.24,3911.64,A1,0.2
464,297,1506,60.8,38.66,2350.53,A1,0.5
465,297,1621,11.7,61.66,721.42,A1,0.0
466,298,268,42.8,34.64,1482.59,A1,0.1
467,299,914,88.6,81.7,7238.62,A1,0.0
468,300,266,154.8,36.87,5707.48,A3,8.4
469,300,1501,119.5,87.01,10397.7,A2,2.0
470,301,1456,52.1,25.04,1304.58,A2,0.3
471,301,1799,22.7,52.42,1189.93,A2,0.3
472,301,724,43.1,52.11,2245.94,A1,0.3
473,302,253,38.8,52.85,2050.58,A1,0.0
474,302,708,98.8,79.36,7840.77,A2,1.2
475,303,5,32.3,51.86,1675.08,A2,0.2
476,303,1025,83.3,40.16,3345.33,A1,1.9
477,304,51,61.4,33.36,2048.3,A1,1.1
478,305,33,105.3,49.77,5240.78,A1,1.9
479,305,311,93.4,21.01,1962.33,A1,1.0
480,305,1447,185.3,18.21,3374.31,A1,3.3
481,306,1846,38.0,33.58,1276.04,A3,2.0
482,306,795,107.7,56.69,6105.51,A1,0.2
483,306,1626,75.2,21.23,1596.5,A1,0.1
484,307,671,63.8,87.75,5598.45,A1,1.2
485,308,167,154.4,37.87,5847.13,A1,3.8
486,309,557,79.9,89.09,7118.29,A2,1.5
487,310,425,102.1,40.79,4164.66,A1,1.9
488,310,642,36.3,37.59,1364.52,A1,0.7
489,311,755,99.2,88.8,8808.96,A1,0.5
490,312,1058,114.2,18.11,2068.16,A1,1.9
491,313,794,372.5,36.55,13614.87,A2,3.2
492,314,184,83.1,64.0,5318.4,A2,1.9
493,315,956,443.9,22.24,9872.34,A1,5.5
494,316,1219,191.4,26.11,4997.45,A2,4.4
495,316,302,43.9,28.57,1254.22,A2,0.1
496,316,972,120.9,14.01,1693.81,A2,2.6
497,317,168,113.9,39.19,4463.74,A1,0.8
498,318,233,35.2,20.32,715.26,A1,0.8
499,318,1699,191.5,10.09,1932.24,A1,2.7
500,319,1525,28.6,57.04,1631.34,A1,0.6
501,320,1273,127.1,41.43,5265.75,A2,2.3
502,320,491,33.0,33.05,1090.65,A3,1.6
503,321,1467,47.9,40.26,1928.45,A1,0.3
504,322,474,249.2,31.53,7857.28,A2,2.9
505,322,1435,286.0,60.11,17191.46,A3,11.2
506,323,1487,34.2,35.21,1204.18,A1,0.4
507,324,257,162.1,47.67,7727.31,A1,0.7
508,325,1096,146.3,18.09,2646.57,A1,2.7
509,325,12,71.1,66.44,4723.88,A2,0.0
510,325,335,68.9,49.6,3417.44,A1,0.8
511,326,1739,60.0,29.11,1746.6,A2,1.3
512,327,1372,86.4,28.6,2471.04,A2,0.9
513,328,1203,253.3,18.44,4670.85,A1,4.0
514,329,567,104.0,63.76,6631.04,A3,5.9
515,329,1569,118.3,48.03,5681.95,A2,0.3
516,330,239,37.9,50.87,1927.97,A3,0.7
517,330,863,69.4,43.84,3042.5,A2,0.9
518,331,276,27.6,48.98,1351.85,A1,0.2
519,331,1493,57.4,62.48,3586.35,A2,0.7
520,331,1452,45.3,29.31,1327.74,A2,0.6
521,332,719,136.4,77.09,10515.08,A2,2.4
522,332,105,281.7,57.17,16104.79,A3,9.4
523,333,1732,469.3,35.48,16650.76,A1,7.0
524,334,83,65.2,12.34,804.57,A2,1.0
525,335,155,82.8,51.76,4285.73,A1,1.8
526,336,962,138.4,16.73,2315.43,A1,1.0
527,336,1543,87.8,70.35,6176.73,A3,4.1
528,337,1029,119.1,40.61,4836.65,A3,1.8
529,338,652,43.6,40.68,1773.65,A1,0.3
530,338,451,147.6,49.95,7372.62,A2,0.9
531,339,278,96.4,25.26,2435.06,A3,5.5
532,340,270,39.9,17.32,691.07,A2,1.0
533,340,1982,63.3,85.89,5436.84,A2,0.4
534,341,283,263.1,18.95,4985.74,A2,2.9
535,342,540,28.3,47.12,1333.5,A1,0.2
536,342,333,190.9,48.88,9331.19,A2,1.6
537,342,1200,88.3,34.58,3053.41,A1,0.9
538,343,1554,89.3,58.86,5256.2,A1,1.0
539,344,1578,21.8,41.45,903.61,A2,0.1
540,345,164,30.4,52.81,1605.42,A2,0.3
541,346,1578,40.6,42.87,1740.52,A2,0.9
542,346,1379,148.0,19.03,2816.44,A1,1.1
543,347,679,43.2,62.85,2715.12,A2,0.5
544,348,237,100.3,25.51,2558.65,A2,0.4
545,349,522,55.6,41.15,2287.94,A1,0.8
546,350,1716,155.9,27.68,4315.31,A2,3.7
547,351,321,29.2,27.94,815.85,A2,0.6
548,352,1501,87.8,93.49,8208.42,A2,0.2
549,353,1290,69.8,19.94,1391.81,A1,0.4
550,353,677,194.0,38.34,7437.96,A1,2.0
551,353,1063,60.1,21.49,1291.55,A2,0.1
552,354,482,23.9,25.34,605.63,A1,0.4
553,354,1462,46.4,82.17,3812.69,A1,0.8
554,355,1399,95.5,34.61,3305.26,A2,1.2
555,356,399,56.0,56.64,3171.84,A2,0.5
556,357,1106,193.3,37.38,7225.55,A3,4.7
557,358,158,33.4,33.27,1111.22,A1,0.2
558,358,447,131.8,17.51,2307.82,A2,3.0
559,359,1215,117.0,18.5,2164.5,A3,4.5
560,359,1001,136.4,19.05,2598.42,A2,3.0
561,359,1616,35.7,45.07,1609.0,A3,2.0
562,360,58,49.2,21.59,1062.23,A2,0.2
563,361,714,162.6,97.36,15830.74,A1,0.2
564,362,827,129.1,44.98,5806.92,A2,0.9
565,362,512,37.6,69.95,2630.12,A2,0.7
566,363,1744,54.3,49.5,2687.85,A2,1.2
567,364,53,32.0,33.23,1063.36,A1,0.4
568,365,1586,48.3,64.83,3131.29,A1,1.1
569,366,2094,1919.8,70.76,135845.05,A2,37.6
570,367,48,22.8,25.99,592.57,A1,0.3
571,367,1407,71.0,33.19,2356.49,A2,0.9
572,368,1483,65.7,30.84,2026.19,A3,3.9
573,369,193,31.2,56.02,1747.82,A2,0.2
574,370,194,191.1,19.1,3650.01,A2,0.7
575,371,1952,26.6,80.01,2128.27,A1,0.1
576,371,1394,96.0,45.31,4349.76,A3,3.9
577,372,1598,12.2,79.74,972.83,A2,0.2
578,372,1198,161.6,30.18,4877.09,A1,1.4
579,373,33,63.9,54.7,3495.33,A1,1.2
580,374,471,107.3,21.45,2301.58,A1,0.5
581,374,193,27.1,55.34,1499.71,A1,0.1
582,374,931,145.8,26.18,3817.04,A3,3.5
583,375,1908,708.0,65.33,46253.64,A1,15.2
584,376,1843,26.0,69.76,1813.76,A3,0.4
585,377,770,115.2,101.61,11705.47,A3,3.6
586,377,718,63.0,57.67,3633.21,A2,0.2
587,378,841,92.9,55.36,5142.94,A2,1.0
588,378,980,120.1,35.13,4219.11,A2,2.9
589,379,1572,41.6,71.01,2954.02,A2,0.6
590,380,277,20.1,33.05,664.3,A1,0.5
591,381,1845,208.6,45.49,9489.21,A1,0.3
592,382,207,27.1,61.85,1676.14,A1,0.5
593,383,472,102.8,25.59,2630.65,A1,0.8
594,384,1026,102.6,31.1,3190.86,A2,1.9
595,384,406,48.5,45.9,2226.15,A1,0.2
596,384,922,14.9,35.65,531.18,A2,0.3
597,385,164,8.5,50.37,428.14,A1,0.1
598,385,815,85.9,107.37,9223.08,A2,0.3
599,385,1482,12.1,65.03,786.86,A1,0.3
600,386,1046,71.9,32.52,2338.19,A1,0.9
601,386,1071,229.4,14.67,3365.3,A1,3.7
602,387,539,143.8,49.49,7116.66,A2,1.6
603,387,1372,138.0,27.77,3832.26,A3,7.6
604,388,1618,65.5,82.45,5400.48,A3,3.7
605,388,1074,43.6,20.76,905.14,A1,0.6
606,388,1826,20.1,68.39,1374.64,A1,0.1
607,389,1790,52.1,28.9,1505.69,A1,0.8
608,389,1556,119.9,34.49,4135.35,A1,1.8
609,390,265,129.0,21.16,2729.64,A2,1.4
610,391,877,141.2,39.42,5566.1,A3,2.0
611,392,1600,34.2,16.04,548.57,A1,0.5
612,393,1224,84.9,40.69,3454.58,A1,1.8
613,394,1458,18.5,54.15,1001.78,A1,0.4
614,395,213,91.4,30.92,2826.09,A1,0.8
615,396,490,38.5,32.76,1261.26,A1,0.3
616,397,983,253.4,17.94,4546.0,A1,2.7
617,397,144,69.1,19.87,1373.02,A2,1.5
618,398,1078,131.3,32.77,4302.7,A1,0.6
619,398,1113,52.7,29.52,1555.7,A3,2.4
620,398,1585,31.0,23.03,713.93,A1,0.6
621,399,498,83.7,19.26,1612.06,A2,2.0
622,399,313,51.0,23.23,1184.73,A1,1.0
623,399,986,131.9,14.09,1858.47,A1,2.9
624,400,1579,18.1,39.96,723.28,A2,0.2
625,401,1377,75.2,21.04,1582.21,A2,0.2
626,402,5,110.5,51.83,5727.22,A1,0.2
627,403,1130,96.9,31.9,3091.11,A1,1.2
628,403,1608,20.8,22.29,463.63,A3,0.9
629,404,825,35.8,40.96,1466.37,A1,0.3
630,405,158,55.0,34.11,1876.05,A1,0.7
631,406,54,69.8,32.14,2243.37,A2,0.9
632,407,821,43.3,81.84,3543.67,A3,1.0
633,407,1138,139.5,43.63,6086.38,A1,2.9
634,408,1176,270.2,33.73,9113.85,A1,3.9
635,409,465,155.2,24.84,3855.17,A2,0.9
636,410,1596,66.1,33.97,2245.42,A2,0.5
637,411,104,33.1,53.32,1764.89,A2,0.5
638,412,36,51.6,34.56,1783.3,A1,1.1
639,412,577,74.8,56.72,4242.66,A1,1.7
640,413,980,129.7,35.38,4588.79,A1,3.0
641,414,919,117.3,25.76,3021.65,A1,1.6
642,415,648,146.2,90.65,13253.03,A1,0.5
643,415,1399,145.4,35.98,5231.49,A2,1.7
644,416,597,20.5,40.94,839.27,A2,0.5
645,417,1612,42.4,52.6,2230.24,A3,1.6
646,417,461,16.1,33.24,535.16,A1,0.2
647,417,1223,65.1,23.91,1556.54,A1,1.5
648,418,1137,221.9,31.05,6890.0,A2,1.3
649,418,1128,111.2,28.57,3176.98,A1,0.8
650,419,656,58.9,45.38,2672.88,A2,0.8
651,420,1517,19.2,25.47,489.02,A1,0.2
652,420,492,64.9,35.38,2296.16,A2,1.4
653,421,1524,86.5,19.3,1669.45,A3,1.3
654,422,1696,76.3,9.32,711.12,A2,1.5
655,423,239,119.7,56.09,6713.97,A2,0.2
656,424,1564,21.8,26.47,577.05,A1,0.4
657,425,322,23.8,46.62,1109.56,A2,0.5
658,425,289,59.6,35.76,2131.3,A2,0.1
659,426,1079,301.5,14.98,4516.47,A2,6.9
660,426,861,67.6,48.32,3266.43,A2,1.5
661,426,104,22.5,47.63,1071.68,A1,0.4
662,427,405,30.8,53.55,1649.34,A1,0.4
663,427,606,66.2,61.59,4077.26,A1,1.5
664,427,1570,13.2,16.84,222.29,A1,0.1
665,428,1820,171.8,85.69,14721.54,A3,3.6
666,429,239,143.2,53.78,7701.3,A1,2.9
667,430,79,63.9,21.39,1366.82,A1,1.3
668,430,42,95.1,18.35,1745.08,A2,0.6
669,431,1418,60.1,19.34,1162.33,A1,0.2
670,431,1512,148.5,68.55,10179.67,A1,2.8
671,432,1990,48.2,146.09,7041.54,A2,1.2
672,432,254,97.8,35.16,3438.65,A1,1.4
673,432,481,55.0,42.83,2355.65,A2,0.6
674,433,1100,55.4,35.3,1955.62,A3,0.8
675,433,1121,112.6,39.19,4412.79,A1,2.2
676,434,274,20.1,64.37,1293.84,A2,0.1
677,435,979,122.8,30.14,3701.19,A2,1.5
678,435,157,116.7,51.0,5951.7,A1,1.5
679,436,1395,189.1,46.35,8764.78,A1,2.8
680,437,1642,147.3,11.4,1679.22,A1,2.4
681,437,840,38.1,61.78,2353.82,A1,0.3
682,437,168,111.1,37.48,4164.03,A1,1.3
683,438,693,83.1,91.6,7611.96,A2,0.3
684,439,71,54.0,16.27,878.58,A2,1.0
685,439,1087,218.7,13.39,2928.39,A1,4.1
686,440,1204,49.3,31.31,1543.58,A1,0.1
687,440,340,134.9,53.49,7215.8,A1,2.0
688,441,1213,20.6,15.44,318.06,A2,0.2
689,442,1878,275.4,27.68,7623.07,A2,3.1
690,442,1552,21.1,46.51,981.36,A1,0.3
691,443,315,18.0,41.15,740.7,A1,0.1
692,444,1041,129.2,18.87,2438.0,A2,0.1
693,445,575,42.6,60.0,2556.0,A2,0.2
694,445,1477,24.5,27.62,676.69,A1,0.1
695,446,304,74.0,28.18,2085.32,A2,1.8
696,446,917,35.4,91.78,3249.01,A1,0.7
697,447,1208,84.0,22.56,1895.04,A3,2.4
698,447,144,93.9,20.87,1959.69,A1,1.2
699,448,883,73.0,29.04,2119.92,A3,3.4
700,449,1519,78.5,85.66,6724.31,A3,1.0
701,449,478,49.6,27.34,1356.06,A2,0.8
702,450,230,47.4,13.37,633.74,A2,0.1
703,451,2024,158.2,19.06,3015.29,A3,9.1
704,451,1382,103.0,50.12,5162.36,A1,1.0
705,451,815,64.3,106.71,6861.45,A1,0.8
706,452,234,33.3,67.09,2234.1,A2,0.8
707,453,1859,30.2,27.29,824.16,A2,0.3
708,453,1119,136.0,13.99,1902.64,A1,0.3
709,454,462,57.0,28.49,1623.93,A1,0.5
710,455,499,90.3,35.4,3196.62,A1,0.8
711,456,33,7.9,49.08,387.73,A1,0.0
712,456,735,37.0,108.13,4000.81,A2,0.5
713,457,695,152.4,75.64,11527.54,A2,0.8
714,458,1200,94.8,30.92,2931.22,A2,0.7
715,458,312,83.9,13.44,1127.62,A1,0.5
716,458,1417,101.5,33.47,3397.2,A1,1.8
717,459,1546,68.2,67.21,4583.72,A2,0.0
718,459,1126,209.2,25.76,5388.99,A1,1.8
719,459,883,11.4,29.62,337.67,A1,0.1
720,460,226,69.0,14.53,1002.57,A1,0.4
721,461,1894,189.6,27.34,5183.66,A1,1.8
722,462,1743,93.7,29.1,2726.67,A2,0.2
723,462,1571,74.1,34.68,2569.79,A2,1.3
724,463,1718,412.4,11.85,4886.94,A1,6.2
725,464,1490,59.0,25.65,1513.35,A3,2.6
726,465,1315,102.7,42.31,4345.24,A1,0.8
727,466,1836,44.7,45.08,2015.08,A2,0.1
728,467,3,22.3,26.94,600.76,A1,0.0
729,467,1738,52.7,86.56,4561.71,A1,0.6
730,468,686,82.5,90.36,7454.7,A1,1.1
731,469,1009,54.1,28.97,1567.28,A3,2.5
732,469,93,16.0,24.25,388.0,A1,0.1
733,470,508,34.6,46.29,1601.63,A1,0.1
734,470,1717,172.1,10.56,1817.38,A2,0.3
735,471,813,39.7,81.6,3239.52,A1,0.3
736,472,1686,277.0,13.4,3711.8,A1,6.0
737,473,257,40.7,46.02,1873.01,A2,0.6
738,474,201,31.1,36.78,1143.86,A2,0.3
739,474,1227,271.5,38.88,10555.92,A1,6.3
740,475,238,73.3,47.56,3486.15,A2,0.4
741,475,425,34.1,44.54,1518.81,A2,0.4
742,476,85,127.0,31.28,3972.56,A1,2.9
743,476,126,119.1,50.06,5962.15,A2,2.7
744,477,1107,118.9,29.22,3474.26,A2,1.0
745,477,972,137.9,15.36,2118.14,A2,0.4
746,477,774,86.9,54.89,4769.94,A1,2.0
747,478,1130,192.6,36.79,7085.75,A1,3.5
748,478,746,90.7,39.87,3616.21,A2,1.2
749,479,1313,48.5,28.95,1404.08,A2,0.2
750,479,1017,60.0,21.22,1273.2,A1,0.6
751,480,720,109.8,84.62,9291.28,A2,0.8
752,481,134,42.8,47.3,2024.44,A1,1.0
753,481,1007,290.5,27.57,8009.08,A1,1.9
754,481,199,52.4,57.98,3038.15,A2,0.4
755,482,18,315.8,47.09,14871.02,A1,6.8
756,483,948,229.4,28.82,6611.31,A1,3.7
757,483,1742,52.1,94.16,4905.74,A2,1.1
758,484,396,26.7,50.79,1356.09,A1,0.5
759,484,467,49.3,19.14,943.6,A2,0.5
760,485,1003,164.9,28.52,4702.95,A1,3.4
761,485,424,57.6,24.26,1397.38,A1,0.5
762,486,1722,202.9,14.32,2905.53,A2,0.9
763,486,462,12.1,27.19,329.0,A1,0.2
764,487,643,137.1,52.77,7234.77,A2,1.2
765,488,552,111.2,72.44,8055.33,A1,1.3
766,489,1508,88.6,38.95,3450.97,A2,1.8
767,490,1074,125.4,21.33,2674.78,A3,4.4
768,491,1470,43.5,52.23,2272.0,A2,0.4
769,491,878,40.0,95.39,3815.6,A1,0.5
770,492,509,41.2,68.7,2830.44,A2,0.1
771,492,76,79.1,33.92,2683.07,A2,0.8
772,493,637,132.4,35.42,4689.61,A1,0.9
773,494,964,24.7,17.36,428.79,A1,0.3
774,494,1665,304.3,19.8,6025.14,A3,11.1
775,495,194,90.5,19.74,1786.47,A1,1.1
776,495,1609,134.6,77.61,10446.31,A2,0.5
777,496,944,76.2,14.44,1100.33,A1,0.8
778,497,1567,22.5,89.45,2012.62,A2,0.4
779,498,412,274.4,31.67,8690.25,A2,6.7
780,499,622,96.5,76.84,7415.06,A1,0.3
781,499,724,38.6,50.94,1966.28,A2,0.5
782,499,1494,31.2,16.84,525.41,A2,0.4
783,500,1832,19.1,26.67,509.4,A1,0.4
784,501,1979,25.1,147.05,3690.96,A1,0.4
785,501,110,39.0,27.2,1060.8,A1,0.3
786,502,1955,51.2,172.31,8822.27,A1,1.3
787,502,1326,274.3,34.01,9328.94,A2,0.3
788,503,393,18.5,42.81,791.98,A1,0.1
789,504,1395,83.0,44.1,3660.3,A2,1.3
790,504,1563,67.6,63.88,4318.29,A1,0.7
791,504,1494,24.4,17.35,423.34,A2,0.1
792,505,365,81.5,32.7,2665.05,A2,0.5
793,506,1631,293.7,31.66,9298.54,A1,3.5
794,506,29,164.6,41.56,6840.78,A2,1.2
795,506,1803,59.5,22.63,1346.48,A1,0.6
796,507,1622,82.9,54.02,4478.26,A1,1.9
797,508,1458,32.9,49.2,1618.68,A2,0.4
798,509,54,26.4,32.15,848.76,A1,0.4
799,510,1809,65.7,48.3,3173.31,A1,0.2
800,511,51,86.1,32.84,2827.52,A1,1.4
801,511,386,93.3,48.55,4529.71,A1,0.4
802,512,1431,102.1,40.72,4157.51,A1,0.1
803,513,1741,92.4,91.45,8449.98,A1,1.8
804,513,319,95.4,21.24,2026.3,A2,2.1
805,514,413,58.4,48.24,2817.22,A1,0.7
806,515,948,45.9,30.93,1419.69,A1,1.0
807,515,248,183.3,28.06,5143.4,A2,2.5
808,516,355,31.7,48.78,1546.33,A1,0.2
809,517,368,53.5,26.9,1439.15,A1,1.0
810,518,1477,74.9,25.82,1933.92,A1,0.2
811,519,969,396.4,24.44,9688.02,A1,7.7
812,520,1272,260.3,31.39,8170.82,A1,1.4
813,520,1777,67.5,46.54,3141.45,A1,1.0
814,521,669,105.2,105.98,11149.1,A2,2.6
815,522,1988,13.2,149.84,1977.89,A1,0.3
816,523,1711,308.3,12.22,3767.43,A2,0.9
817,524,1472,120.0,52.23,6267.6,A2,1.1
818,525,598,115.2,85.13,9806.98,A1,2.8
819,526,1583,18.9,69.28,1309.39,A1,0.5
820,526,244,123.9,38.19,4731.74,A1,0.2
821,527,80,31.6,38.01,1201.12,A2,0.7
822,528,150,140.8,41.32,5817.86,A2,3.4
823,529,1141,72.7,35.54,2583.76,A2,0.3
824,529,748,63.6,58.16,3698.98,A2,0.6
825,530,891,94.0,89.3,8394.2,A1,1.7
826,531,1467,34.0,40.37,1372.58,A3,0.7
827,532,1511,26.8,73.8,1977.84,A1,0.6
828,533,291,21.6,43.53,940.25,A2,0.3
829,534,1540,217.9,43.5,9478.65,A2,1.9
830,535,522,138.2,37.95,5244.69,A1,2.2
831,535,302,43.6,29.25,1275.3,A1,0.5
832,536,1635,269.4,11.62,3130.43,A2,3.8
833,536,1592,11.6,46.22,536.15,A1,0.1
834,537,1125,71.1,21.55,1532.2,A2,0.6
835,537,1138,266.1,37.75,10045.28,A1,4.0
836,538,362,44.4,39.08,1735.15,A2,1.0
837,539,1564,34.6,26.88,930.05,A2,0.6
838,539,431,395.1,19.45,7684.7,A2,0.2
839,540,1728,226.5,23.17,5248.0,A1,2.9
840,541,453,65.3,51.13,3338.79,A2,1.6
841,542,473,51.1,46.47,2374.62,A1,1.1
842,543,1055,116.0,21.27,2467.32,A1,0.6
843,544,1575,107.9,60.19,6494.5,A1,2.0
844,544,207,26.9,62.71,1686.9,A1,0.3
845,544,868,76.3,40.6,3097.78,A1,0.7
846,545,797,260.2,56.27,14641.45,A1,2.7
847,545,1788,81.8,38.49,3148.48,A1,1.5
848,545,1208,154.8,23.39,3620.77,A2,2.4
849,546,51,47.7,32.15,1533.56,A1,0.0
850,546,1159,111.8,19.73,2205.81,A2,0.3
851,547,2055,110.6,26.77,2960.76,A2,1.7
852,547,958,384.7,36.09,13883.82,A1,8.1
853,548,376,42.4,30.99,1313.98,A2,0.8
854,548,1133,658.9,13.15,8664.54,A2,11.8
855,549,1747,18.6,55.28,1028.21,A1,0.3
856,549,1129,19.4,31.45,610.13,A2,0.4
857,550,120,29.1,21.24,618.08,A1,0.0
858,550,1508,16.7,37.27,622.41,A2,0.0
859,551,498,216.2,18.67,4036.45,A2,3.6
860,552,59,50.5,41.1,2075.55,A2,0.9
861,553,372,227.2,49.35,11212.32,A2,4.2
862,553,419,23.3,35.59,829.25,A1,0.1
863,553,1151,159.5,17.12,2730.64,A1,0.5
864,554,104,125.7,47.95,6027.32,A3,6.5
865,555,765,51.5,99.92,5145.88,A1,0.3
866,556,1981,34.2,53.91,1843.72,A2,0.1
867,557,1161,39.7,20.25,803.92,A2,0.8
868,558,860,104.1,44.71,4654.31,A1,1.1
869,558,948,57.2,28.97,1657.08,A2,0.4
870,558,481,35.9,37.21,1335.84,A2,0.4
871,559,253,36.7,52.52,1927.48,A1,0.3
872,559,1556,75.3,35.71,2688.96,A1,1.8
873,560,714,180.0,106.37,19146.6,A1,0.8
874,561,1848,40.5,23.6,955.8,A1,0.4
875,561,493,16.5,40.21,663.46,A2,0.3
876,562,1415,101.9,34.98,3564.46,A2,0.4
877,563,1487,14.9,30.71,457.58,A2,0.1
878,563,191,223.2,17.46,3897.07,A1,1.1
879,564,92,60.9,47.08,2867.17,A1,1.2
880,564,152,58.4,58.54,3418.74,A3,1.6
881,565,1494,29.9,16.62,496.94,A1,0.5
882,566,370,43.7,45.87,2004.52,A1,0.9
883,566,1002,153.8,20.17,3102.15,A1,2.3
884,566,665,73.2,78.37,5736.68,A1,1.6
885,567,269,26.4,34.03,898.39,A2,0.2
886,568,833,87.2,53.72,4684.38,A1,1.3
887,569,1224,91.4,41.11,3757.45,A2,0.9
888,569,353,115.0,53.25,6123.75,A2,0.1
889,570,667,147.9,29.31,4334.95,A1,2.1
890,570,1593,46.2,37.24,1720.49,A3,0.6
891,571,614,44.1,37.06,1634.35,A1,0.5
892,572,82,74.3,33.8,2511.34,A1,1.8
893,573,1045,111.2,37.55,4175.56,A2,1.1
894,574,1982,114.4,82.77,9468.89,A1,2.0
895,575,22,67.8,50.54,3426.61,A2,1.0
896,576,595,83.5,50.83,4244.3,A1,1.6
897,577,979,82.5,32.46,2677.95,A1,0.1
898,577,202,197.3,52.11,10281.3,A2,3.8
899,578,1484,33.3,28.85,960.7,A1,0.4
900,578,1383,321.7,40.37,12987.03,A2,4.6
901,579,760,82.7,82.13,6792.15,A1,0.6
902,580,557,109.6,89.19,9775.22,A1,0.1
903,581,447,61.1,18.43,1126.07,A1,1.2
904,581,221,28.5,48.99,1396.22,A1,0.5
905,581,1760,45.8,30.42,1393.24,A1,1.1
906,582,1085,77.2,16.53,1276.12,A2,0.4
907,583,1780,39.5,32.84,1297.18,A2,0.4
908,584,35,19.7,18.25,359.52,A1,0.0
909,585,261,25.4,58.74,1492.0,A1,0.4
910,585,1023,69.7,27.42,1911.17,A2,1.3
911,586,898,59.5,39.07,2324.66,A2,0.5
912,587,1443,74.9,56.25,4213.12,A1,1.2
913,588,1587,52.2,81.96,4278.31,A1,0.6
914,589,1456,61.2,27.16,1662.19,A1,0.9
915,590,710,224.9,94.96,21356.5,A3,9.1
916,591,733,83.7,27.13,2270.78,A2,1.0
917,592,745,52.2,37.38,1951.24,A1,1.0
918,593,1751,19.7,51.03,1005.29,A1,0.1
919,594,506,79.4,40.93,3249.84,A1,1.4
920,594,911,42.4,28.24,1197.38,A1,0.4
921,595,193,53.9,51.34,2767.23,A2,1.2
922,596,1645,509.4,12.35,6291.09,A2,8.0
923,597,645,100.3,108.12,10844.44,A2,1.4
924,598,1481,26.5,62.52,1656.78,A1,0.5
925,598,1647,387.0,10.19,3943.53,A1,5.7
926,599,144,69.7,21.7,1512.49,A1,0.3
927,600,1381,190.2,48.34,9194.27,A3,7.8
928,601,1436,180.8,42.88,7752.7,A1,1.7
929,601,773,147.0,93.73,13778.31,A1,2.4
930,602,1473,40.9,76.14,3114.13,A3,1.2
931,603,1423,136.0,28.75,3910.0,A2,2.5
932,603,1828,31.5,81.27,2560.0,A1,0.4
933,603,1237,80.8,31.83,2571.86,A2,0.8
934,604,1073,313.3,35.44,11103.35,A1,0.8
935,604,298,20.1,56.61,1137.86,A2,0.2
936,605,1586,46.9,71.41,3349.13,A2,0.8
937,605,855,105.4,58.46,6161.68,A2,1.6
938,606,80,27.3,37.27,1017.47,A2,0.4
939,607,287,26.2,15.7,411.34,A2,0.1
940,608,1061,146.7,22.85,3352.1,A2,2.9
941,608,1018,123.3,32.84,4049.17,A1,1.0
942,608,1382,68.6,47.93,3288.0,A1,0.2
943,609,174,30.0,35.52,1065.6,A2,0.7
944,609,1604,14.0,49.91,698.74,A1,0.2
945,610,1716,87.3,30.04,2622.49,A1,1.4
946,611,250,80.8,18.33,1481.06,A2,2.0
947,611,77,47.7,20.98,1000.75,A2,0.2
948,612,929,12.9,67.35,868.82,A2,0.0
949,613,732,227.3,37.64,8555.57,A1,4.1
950,613,13,47.5,37.12,1763.2,A1,0.1
951,614,420,62.1,32.7,2030.67,A1,0.1
952,615,88,31.3,41.73,1306.15,A1,0.8
953,616,439,133.2,48.83,6504.16,A1,0.7
954,616,485,56.8,36.06,2048.21,A1,0.2
955,617,658,102.9,92.56,9524.42,A2,0.3
956,618,1002,105.8,20.08,2124.46,A1,0.8
957,619,2004,33.9,168.77,5721.3,A1,0.7
958,620,1601,189.4,37.32,7068.41,A2,0.1
959,620,1703,53.6,12.66,678.58,A1,0.9
960,621,648,137.0,88.67,12147.79,A1,0.4
961,621,1061,149.9,22.75,3410.22,A1,2.1
962,622,1478,103.0,33.92,3493.76,A2,0.8
963,622,1286,83.7,49.38,4133.11,A2,0.7
964,623,1162,178.8,27.31,4883.03,A1,2.4
965,623,130,57.5,52.26,3004.95,A2,0.5
966,624,165,74.3,32.51,2415.49,A1,1.4
967,624,161,94.1,47.47,4466.93,A2,2.2
968,625,1087,165.2,14.61,2413.57,A1,1.4
969,625,1493,17.4,55.62,967.79,A1,0.1
970,626,27,83.6,53.6,4480.96,A2,1.9
971,626,1676,317.5,7.87,2498.72,A3,18.4
972,627,149,153.4,68.97,10580.0,A1,0.8
973,628,345,127.6,53.22,6790.87,A1,0.3
974,629,490,17.5,32.87,575.22,A3,0.9
975,629,680,22.1,72.1,1593.41,A1,0.5
976,629,182,57.8,56.0,3236.8,A1,1.0
977,630,786,22.3,97.88,2182.72,A1,0.3
978,631,57,35.3,34.19,1206.91,A2,0.3
979,632,1795,123.3,83.04,10238.83,A1,0.0
980,632,439,27.7,54.92,1521.28,A1,0.6
981,633,429,35.4,48.22,1706.99,A1,0.3
982,633,138,17.8,20.28,360.98,A1,0.0
983,633,1709,247.8,15.44,3826.03,A1,3.2
984,634,273,30.2,30.82,930.76,A1,0.4
985,635,1008,110.6,38.88,4300.13,A1,0.6
986,636,233,27.3,17.73,484.03,A1,0.4
987,636,1309,52.8,31.11,1642.61,A3,1.0
988,636,1190,141.2,37.21,5254.05,A1,1.3
989,637,863,107.1,45.46,4868.77,A2,1.0
990,638,1130,66.8,33.4,2231.12,A1,0.1
991,639,149,26.8,66.33,1777.64,A1,0.1
992,640,990,231.8,28.3,6559.94,A1,0.5
993,640,291,130.2,47.38,6168.88,A2,2.3
994,640,565,18.4,33.91,623.94,A1,0.1
995,641,1854,26.5,92.65,2455.23,A2,0.5
996,642,72,45.6,52.39,2388.98,A1,0.2
997,643,308,28.1,63.97,1797.56,A1,0.2
998,644,1484,14.8,30.97,458.36,A2,0.4
999,645,1200,36.8,34.81,1281.01,A1,0.2
1000,646,1521,126.5,46.34,5862.01,A1,1.5
