id,snapshot_date,warehouse_id,sku_id,stock_kg,in_transit_kg,avg_daily_outflow_kg,avg_days_in_stock
1,2024-01-01,1,227,9392.7,1373.4,438.4,20.6
2,2024-01-15,1,227,16698.2,3213.9,390.5,37.9
3,2024-01-29,1,227,10725.8,972.3,391.4,20.1
4,2024-02-12,1,227,9287.1,1797.5,307.9,17.2
5,2024-02-26,1,227,6457.2,1025.7,332.1,10.8
6,2024-03-11,1,227,6016.3,331.5,326.5,11.7
7,2024-03-25,1,227,8114.1,1004.6,363.4,15.0
8,2024-04-08,1,227,12420.2,2498.0,367.9,22.1
9,2024-04-22,1,227,10580.7,1884.1,326.7,19.8
10,2024-05-06,1,227,9274.3,1168.0,320.4,16.8
11,2024-05-20,1,227,6904.5,1639.7,321.2,12.9
12,2024-06-03,1,227,8079.7,1713.3,278.6,16.0
13,2024-06-17,1,227,10307.6,1189.3,317.9,17.1
14,2024-07-01,1,227,9573.5,1131.0,255.6,15.3
15,2024-07-15,1,227,12972.7,745.3,309.6,27.6
16,2024-07-29,1,227,12782.3,736.5,276.1,26.9
17,2024-08-12,1,227,8943.0,2012.6,322.8,19.7
18,2024-08-26,1,227,11925.4,1248.2,347.4,19.6
19,2024-09-09,1,227,8917.1,756.0,370.0,20.2
20,2024-09-23,1,227,8081.7,1337.9,305.3,15.1
21,2024-10-07,1,227,10727.3,1909.7,249.8,18.0
22,2024-10-21,1,227,6367.0,825.9,340.5,11.7
23,2024-11-04,1,227,18697.7,2998.3,486.3,33.2
24,2024-11-18,1,227,15121.4,2697.2,391.9,24.3
25,2024-12-02,1,227,12128.3,1228.8,526.2,23.1
26,2024-12-16,1,227,8270.0,455.2,407.6,13.7
27,2024-12-30,1,227,19122.3,1830.9,446.2,36.5
28,2025-01-13,1,227,10757.5,2350.9,489.4,20.7
29,2025-01-27,1,227,18005.5,3204.6,548.7,39.7
30,2025-02-10,1,227,10182.4,2246.6,253.3,19.7
31,2025-02-24,1,227,11896.8,2449.8,288.3,25.7
32,2025-03-10,1,227,5869.7,706.1,371.0,10.5
33,2025-03-24,1,227,7095.2,817.6,261.7,16.2
34,2025-04-07,1,227,9360.4,1986.6,354.3,16.9
35,2025-04-21,1,227,11290.7,2768.6,368.7,21.4
36,2025-05-05,1,227,10256.7,1758.3,316.3,17.4
37,2025-05-19,1,227,9651.0,2116.7,251.5,16.2
38,2025-06-02,1,227,11622.2,2672.0,318.3,19.3
39,2025-06-16,1,227,5981.3,1089.4,353.9,12.1
40,2025-06-30,1,227,11653.0,1739.0,342.3,21.5
41,2025-07-14,1,227,9837.6,1046.7,259.2,19.2
42,2025-07-28,1,227,7423.3,1146.4,252.4,16.2
43,2025-08-11,1,227,10777.3,1881.3,331.5,23.1
44,2025-08-25,1,227,9378.8,848.8,321.6,19.0
45,2025-09-08,1,227,9426.7,471.8,269.4,21.5
46,2025-09-22,1,227,6961.6,1642.5,286.3,11.2
47,2024-01-01,2,227,11870.7,1330.3,429.1,26.5
48,2024-01-15,2,227,11057.6,1368.8,452.1,24.1
49,2024-01-29,2,227,6842.0,1592.2,523.5,13.4
50,2024-02-12,2,227,5852.2,844.6,278.6,10.8
51,2024-02-26,2,227,9220.6,713.3,373.9,16.2
52,2024-03-11,2,227,8828.8,1124.5,355.9,17.5
53,2024-03-25,2,227,4888.9,927.8,311.6,9.7
54,2024-04-08,2,227,8918.2,996.2,277.4,16.5
55,2024-04-22,2,227,6102.9,786.5,252.9,12.6
56,2024-05-06,2,227,3789.7,795.1,322.2,6.6
57,2024-05-20,2,227,6161.1,542.6,262.8,13.2
58,2024-06-03,2,227,6440.2,1214.0,258.1,10.2
59,2024-06-17,2,227,3703.3,695.1,313.9,6.3
60,2024-07-01,2,227,5010.0,941.1,255.6,8.6
61,2024-07-15,2,227,6972.5,498.7,289.5,11.7
62,2024-07-29,2,227,9074.1,1932.7,341.1,16.8
63,2024-08-12,2,227,6597.6,1348.8,272.1,13.2
64,2024-08-26,2,227,4398.2,1051.8,296.9,8.2
65,2024-09-09,2,227,8059.1,721.7,360.5,17.0
66,2024-09-23,2,227,5276.1,730.5,325.5,10.3
67,2024-10-07,2,227,6508.4,1495.5,313.6,14.1
68,2024-10-21,2,227,6971.9,1146.4,288.7,12.5
69,2024-11-04,2,227,8473.6,772.0,437.6,14.8
70,2024-11-18,2,227,11653.9,2901.7,448.0,20.7
71,2024-12-02,2,227,13926.7,1760.7,498.7,27.4
72,2024-12-16,2,227,10545.1,604.0,481.5,22.5
73,2024-12-30,2,227,11633.4,1027.5,389.8,20.2
74,2025-01-13,2,227,12042.6,1243.6,481.2,19.4
75,2025-01-27,2,227,9253.5,2023.0,510.1,15.1
76,2025-02-10,2,227,9062.8,515.8,369.4,18.7
77,2025-02-24,2,227,5509.5,1040.7,338.0,10.5
78,2025-03-10,2,227,6353.0,1284.5,329.8,13.8
79,2025-03-24,2,227,6367.0,789.7,308.5,13.5
80,2025-04-07,2,227,4272.0,641.1,278.4,6.8
81,2025-04-21,2,227,6134.9,1190.3,369.0,11.0
82,2025-05-05,2,227,5162.0,917.6,323.3,11.0
83,2025-05-19,2,227,3994.2,667.3,346.6,7.7
84,2025-06-02,2,227,8054.2,806.8,345.8,14.2
85,2025-06-16,2,227,9142.8,904.4,294.5,18.9
86,2025-06-30,2,227,3614.5,488.8,332.6,7.2
87,2025-07-14,2,227,4750.8,1075.6,369.1,9.4
88,2025-07-28,2,227,6789.3,1126.5,301.7,11.3
89,2025-08-11,2,227,7914.7,1047.7,364.5,16.8
90,2025-08-25,2,227,8116.0,1681.5,273.2,14.3
91,2025-09-08,2,227,8259.9,1282.0,356.5,18.8
92,2025-09-22,2,227,5715.3,1118.8,337.8,12.0
93,2024-01-01,1,448,14049.8,1343.8,242.8,42.3
94,2024-01-15,1,448,12526.7,2121.9,349.3,39.3
95,2024-01-29,1,448,7939.7,1771.2,244.9,24.7
96,2024-02-12,1,448,10728.6,2014.3,201.8,27.2
97,2024-02-26,1,448,7057.2,965.6,200.1,21.9
98,2024-03-11,1,448,12603.5,1416.9,210.8,33.5
99,2024-03-25,1,448,8832.5,1167.3,186.7,26.2
100,2024-04-08,1,448,12874.4,2265.8,220.4,42.0
101,2024-04-22,1,448,8783.2,496.1,168.9,26.7
102,2024-05-06,1,448,9092.0,1019.0,162.7,22.7
103,2024-05-20,1,448,8751.5,957.4,160.5,23.9
104,2024-06-03,1,448,11675.9,2845.0,166.6,28.9
105,2024-06-17,1,448,11566.4,1488.9,194.0,38.9
106,2024-07-01,1,448,6603.0,501.1,181.9,22.4
107,2024-07-15,1,448,6681.8,1206.8,182.4,20.8
108,2024-07-29,1,448,5646.7,1254.2,203.7,17.8
109,2024-08-12,1,448,10475.5,1238.5,227.3,27.7
110,2024-08-26,1,448,10829.7,1026.9,231.9,35.1
111,2024-09-09,1,448,10650.4,2660.5,230.0,37.1
112,2024-09-23,1,448,5886.1,681.9,185.6,19.6
113,2024-10-07,1,448,7712.1,1359.0,223.1,22.7
114,2024-10-21,1,448,8230.3,1864.0,214.9,24.6
115,2024-11-04,1,448,18522.5,1690.0,235.8,52.8
116,2024-11-18,1,448,12488.1,1390.9,316.8,40.9
117,2024-12-02,1,448,7704.0,1514.1,321.2,19.3
118,2024-12-16,1,448,12239.4,1416.9,276.9,30.7
119,2024-12-30,1,448,10706.5,567.9,285.0,28.1
120,2025-01-13,1,448,13640.3,2936.8,244.1,50.4
121,2025-01-27,1,448,12594.7,705.6,349.5,40.5
122,2025-02-10,1,448,7446.1,1279.9,178.2,26.6
123,2025-02-24,1,448,6604.2,1082.9,174.0,18.0
124,2025-03-10,1,448,5679.7,1067.4,176.9,14.3
125,2025-03-24,1,448,8224.8,1724.6,229.1,30.3
126,2025-04-07,1,448,6518.5,871.6,212.3,18.1
127,2025-04-21,1,448,12344.2,675.2,224.1,34.8
128,2025-05-05,1,448,5575.2,323.8,163.5,18.1
129,2025-05-19,1,448,7022.8,973.2,205.0,21.3
130,2025-06-02,1,448,6769.7,921.2,201.4,19.7
131,2025-06-16,1,448,9156.7,1973.1,194.5,32.0
132,2025-06-30,1,448,6280.4,1424.7,163.6,16.1
133,2025-07-14,1,448,4977.8,658.9,230.3,13.1
134,2025-07-28,1,448,5231.9,1083.3,179.7,14.6
135,2025-08-11,1,448,7583.0,1619.7,223.3,25.6
136,2025-08-25,1,448,7572.5,630.3,223.2,20.7
137,2025-09-08,1,448,4993.5,336.5,170.8,14.1
138,2025-09-22,1,448,5577.1,359.3,199.2,15.4
139,2024-01-01,2,448,8943.1,736.1,271.8,27.5
140,2024-01-15,2,448,6353.6,1362.5,280.0,17.5
141,2024-01-29,2,448,11644.9,1842.4,276.9,31.1
142,2024-02-12,2,448,4732.4,1125.3,180.9,13.0
143,2024-02-26,2,448,4917.0,1192.8,180.8,14.1
144,2024-03-11,2,448,7993.7,740.3,209.7,25.0
145,2024-03-25,2,448,4340.2,939.4,198.2,14.1
146,2024-04-08,2,448,8766.9,740.9,159.2,26.0
147,2024-04-22,2,448,6245.7,1350.1,193.0,17.4
148,2024-05-06,2,448,7347.9,1512.4,156.2,19.1
149,2024-05-20,2,448,4301.1,932.2,227.3,14.4
150,2024-06-03,2,448,9096.9,2193.0,228.6,24.8
151,2024-06-17,2,448,7286.2,602.2,200.7,20.3
152,2024-07-01,2,448,3913.6,701.6,215.5,13.3
153,2024-07-15,2,448,9100.1,1772.3,208.6,27.9
154,2024-07-29,2,448,6774.7,1069.6,173.5,16.9
155,2024-08-12,2,448,6200.9,1495.9,184.2,21.5
156,2024-08-26,2,448,5647.3,678.0,197.4,17.6
157,2024-09-09,2,448,8232.2,1397.9,164.0,27.3
158,2024-09-23,2,448,3824.4,528.6,186.5,11.2
159,2024-10-07,2,448,6863.2,640.9,223.0,22.5
160,2024-10-21,2,448,5248.3,883.2,227.7,15.3
161,2024-11-04,2,448,9318.6,1758.4,245.7,25.0
162,2024-11-18,2,448,10706.3,2396.5,300.8,37.3
163,2024-12-02,2,448,5545.0,483.1,295.5,17.5
164,2024-12-16,2,448,12550.5,2740.9,319.6,32.7
165,2024-12-30,2,448,8067.6,589.4,301.8,27.5
166,2025-01-13,2,448,9715.0,1084.8,309.6,24.6
167,2025-01-27,2,448,13069.8,1763.7,238.0,45.5
168,2025-02-10,2,448,7223.9,497.8,168.2,21.6
169,2025-02-24,2,448,4548.3,407.3,156.7,13.0
170,2025-03-10,2,448,8795.5,787.5,228.9,31.0
171,2025-03-24,2,448,6950.0,915.2,186.4,22.8
172,2025-04-07,2,448,4830.5,863.2,157.7,13.4
173,2025-04-21,2,448,4617.7,302.4,204.7,12.2
174,2025-05-05,2,448,5710.3,404.5,170.1,15.5
175,2025-05-19,2,448,5162.8,907.7,171.4,18.3
176,2025-06-02,2,448,7808.5,506.3,229.5,20.6
177,2025-06-16,2,448,9210.6,1607.6,173.5,31.8
178,2025-06-30,2,448,8286.8,1498.7,233.6,26.6
179,2025-07-14,2,448,7255.9,598.2,164.5,25.2
180,2025-07-28,2,448,4674.8,689.1,213.5,13.6
181,2025-08-11,2,448,4723.0,1017.7,223.8,13.9
182,2025-08-25,2,448,8644.3,1942.2,230.1,28.1
183,2025-09-08,2,448,5847.0,796.0,224.5,17.7
184,2025-09-22,2,448,3672.2,700.2,184.0,11.6
185,2024-01-01,1,214,10054.2,1842.3,355.6,32.1
186,2024-01-15,1,214,17089.9,1103.5,295.4,55.6
187,2024-01-29,1,214,18987.2,1444.5,308.0,53.2
188,2024-02-12,1,214,12176.2,1647.7,198.2,29.5
189,2024-02-26,1,214,6389.5,964.8,194.6,18.6
190,2024-03-11,1,214,7293.2,1732.6,209.1,21.2
191,2024-03-25,1,214,12210.1,1599.1,208.4,32.8
192,2024-04-08,1,214,6524.9,878.7,233.1,18.5
193,2024-04-22,1,214,8048.4,1181.4,229.6,27.2
194,2024-05-06,1,214,9497.2,1450.2,215.4,29.4
195,2024-05-20,1,214,7244.0,1224.3,213.1,16.6
196,2024-06-03,1,214,12732.5,2111.5,182.7,37.1
197,2024-06-17,1,214,8943.0,974.4,170.4,30.2
198,2024-07-01,1,214,5242.0,850.9,181.1,17.1
199,2024-07-15,1,214,6502.7,1089.9,208.8,20.1
200,2024-07-29,1,214,12860.5,2568.2,235.6,40.1
201,2024-08-12,1,214,6649.0,1535.7,251.8,20.9
202,2024-08-26,1,214,12727.0,3008.6,190.5,37.1
203,2024-09-09,1,214,10715.4,2407.8,195.4,36.2
204,2024-09-23,1,214,12830.5,824.7,221.7,36.3
205,2024-10-07,1,214,11142.8,666.6,224.1,25.7
206,2024-10-21,1,214,13040.9,2897.2,235.7,36.6
207,2024-11-04,1,214,11229.1,1639.3,262.7,30.4
208,2024-11-18,1,214,16745.5,3401.3,310.3,49.4
209,2024-12-02,1,214,9299.0,1530.5,324.8,21.6
210,2024-12-16,1,214,17170.9,3641.8,346.3,55.7
211,2024-12-30,1,214,16243.1,1009.8,325.2,42.7
212,2025-01-13,1,214,9749.4,1009.5,318.5,29.3
213,2025-01-27,1,214,8421.9,1230.3,352.2,26.2
214,2025-02-10,1,214,9624.1,924.9,214.0,30.4
215,2025-02-24,1,214,5349.5,1042.4,226.2,18.0
216,2025-03-10,1,214,7279.1,1640.1,218.0,19.4
217,2025-03-24,1,214,11700.4,994.8,175.9,30.4
218,2025-04-07,1,214,11044.6,1851.1,188.0,32.8
219,2025-04-21,1,214,12536.1,1000.7,176.7,41.1
220,2025-05-05,1,214,11404.8,679.4,247.6,33.8
221,2025-05-19,1,214,11610.9,2094.3,195.7,27.4
222,2025-06-02,1,214,10897.5,2098.8,171.8,32.2
223,2025-06-16,1,214,5558.3,688.2,185.0,16.9
224,2025-06-30,1,214,9345.1,477.8,212.7,25.0
225,2025-07-14,1,214,7813.0,685.2,195.3,18.0
226,2025-07-28,1,214,6847.9,1087.0,225.3,19.6
227,2025-08-11,1,214,6828.0,1642.6,245.6,17.0
228,2025-08-25,1,214,7699.9,644.7,205.9,22.1
229,2025-09-08,1,214,9887.6,1958.6,199.8,26.9
230,2025-09-22,1,214,7248.9,678.5,204.1,17.0
231,2024-01-01,2,214,6299.6,1029.6,345.4,17.0
232,2024-01-15,2,214,10541.9,1485.2,336.1,31.8
233,2024-01-29,2,214,6359.3,1544.8,334.6,20.8
234,2024-02-12,2,214,3987.4,558.2,205.1,9.7
235,2024-02-26,2,214,7084.7,970.7,237.1,22.3
236,2024-03-11,2,214,6282.6,1107.8,238.2,17.3
237,2024-03-25,2,214,5428.5,346.1,234.6,16.0
238,2024-04-08,2,214,9176.3,1861.3,183.8,26.4
239,2024-04-22,2,214,6816.0,540.5,214.8,16.7
240,2024-05-06,2,214,5535.7,1006.5,214.6,18.0
241,2024-05-20,2,214,6519.5,336.0,203.8,21.5
242,2024-06-03,2,214,8113.7,1552.2,173.6,22.2
243,2024-06-17,2,214,3917.4,324.8,240.6,9.2
244,2024-07-01,2,214,7091.1,1447.4,248.1,18.7
245,2024-07-15,2,214,6328.4,1187.7,239.6,20.8
246,2024-07-29,2,214,4459.5,543.4,219.6,15.0
247,2024-08-12,2,214,3857.6,731.7,252.4,12.6
248,2024-08-26,2,214,6596.4,755.6,232.7,22.0
249,2024-09-09,2,214,7470.2,1854.9,197.2,19.9
250,2024-09-23,2,214,5832.1,1369.4,212.8,16.2
251,2024-10-07,2,214,6267.2,633.3,186.8,18.4
252,2024-10-21,2,214,5467.6,1242.1,209.7,13.6
253,2024-11-04,2,214,7652.4,831.6,261.2,24.5
254,2024-11-18,2,214,7130.6,1621.6,363.5,22.5
255,2024-12-02,2,214,11244.9,964.4,334.3,30.7
256,2024-12-16,2,214,13962.5,2940.4,372.7,34.7
257,2024-12-30,2,214,11022.6,2466.7,378.8,31.0
258,2025-01-13,2,214,13311.5,3243.1,365.6,35.2
259,2025-01-27,2,214,10940.4,1638.5,256.4,25.3
260,2025-02-10,2,214,7476.9,1726.2,222.1,21.9
261,2025-02-24,2,214,4675.2,852.2,195.8,12.6
262,2025-03-10,2,214,5364.2,965.7,190.0,12.7
263,2025-03-24,2,214,6206.9,974.0,179.5,17.1
264,2025-04-07,2,214,5810.1,530.6,212.3,16.4
265,2025-04-21,2,214,8137.9,598.5,174.1,25.3
266,2025-05-05,2,214,6998.5,722.1,213.2,23.5
267,2025-05-19,2,214,4691.4,588.5,228.2,13.2
268,2025-06-02,2,214,5103.8,540.3,204.9,13.0
269,2025-06-16,2,214,8323.9,1286.4,243.1,23.3
270,2025-06-30,2,214,8395.1,434.8,185.6,25.0
271,2025-07-14,2,214,7987.9,1146.9,184.3,26.4
272,2025-07-28,2,214,4010.7,654.1,176.6,12.0
273,2025-08-11,2,214,6056.2,1410.0,253.6,15.8
274,2025-08-25,2,214,4723.8,1036.3,176.1,15.2
275,2025-09-08,2,214,8107.1,832.2,231.1,23.0
276,2025-09-22,2,214,8701.1,1154.2,188.9,27.1
277,2024-01-01,1,396,16195.8,1046.6,502.3,38.5
278,2024-01-15,1,396,16280.7,1247.7,477.1,28.9
279,2024-01-29,1,396,12260.2,2294.3,456.3,22.0
280,2024-02-12,1,396,8200.3,1059.3,280.8,18.2
281,2024-02-26,1,396,12362.4,1040.2,330.8,23.7
282,2024-03-11,1,396,6807.0,1310.1,309.5,11.4
283,2024-03-25,1,396,7717.2,405.8,304.4,17.8
284,2024-04-08,1,396,10111.0,514.9,252.7,22.7
285,2024-04-22,1,396,9820.8,787.7,285.9,19.4
286,2024-05-06,1,396,8087.3,467.6,287.2,19.4
287,2024-05-20,1,396,10855.9,2558.9,257.2,23.2
288,2024-06-03,1,396,6906.7,345.9,279.9,13.0
289,2024-06-17,1,396,10978.8,945.8,346.7,20.3
290,2024-07-01,1,396,6959.0,487.5,310.8,17.0
291,2024-07-15,1,396,7106.2,651.3,333.9,15.2
292,2024-07-29,1,396,8960.6,606.9,348.5,20.1
293,2024-08-12,1,396,6388.5,1346.8,323.7,12.7
294,2024-08-26,1,396,12524.1,2642.0,255.2,30.7
295,2024-09-09,1,396,11517.1,2409.5,248.0,27.5
296,2024-09-23,1,396,5384.9,776.0,244.2,9.4
297,2024-10-07,1,396,10138.1,990.8,347.9,17.3
298,2024-10-21,1,396,7422.2,741.6,288.4,14.3
299,2024-11-04,1,396,14925.1,1629.9,524.1,30.8
300,2024-11-18,1,396,13060.5,944.8,359.8,29.8
301,2024-12-02,1,396,15712.1,2243.9,484.3,26.0
302,2024-12-16,1,396,15161.0,1341.0,488.6,33.9
303,2024-12-30,1,396,15729.7,942.2,424.7,32.6
304,2025-01-13,1,396,10655.8,2602.5,352.0,20.1
305,2025-01-27,1,396,14018.3,1926.0,520.8,23.2
306,2025-02-10,1,396,11977.9,2075.1,240.3,28.5
307,2025-02-24,1,396,5705.4,536.6,264.2,12.6
308,2025-03-10,1,396,6587.9,676.9,274.7,14.1
309,2025-03-24,1,396,8560.3,1806.3,335.5,15.0
310,2025-04-07,1,396,9694.9,1796.3,260.3,19.1
311,2025-04-21,1,396,11457.2,1592.2,269.9,18.9
312,2025-05-05,1,396,4999.5,728.5,320.6,12.2
313,2025-05-19,1,396,7961.5,1771.8,331.0,14.8
314,2025-06-02,1,396,9738.7,600.5,274.4,20.1
315,2025-06-16,1,396,8171.3,779.9,258.1,19.8
316,2025-06-30,1,396,12970.7,1459.8,290.9,27.4
317,2025-07-14,1,396,9612.9,2123.6,347.0,20.0
318,2025-07-28,1,396,11358.2,1680.2,305.6,24.9
319,2025-08-11,1,396,13026.7,773.8,294.2,21.7
320,2025-08-25,1,396,6140.8,988.1,280.2,14.2
321,2025-09-08,1,396,5211.4,354.4,240.7,9.1
322,2025-09-22,1,396,7625.7,1594.9,248.0,15.7
323,2024-01-01,2,396,11661.1,960.7,470.7,20.0
324,2024-01-15,2,396,10590.8,1416.8,488.1,18.4
325,2024-01-29,2,396,10502.0,1051.8,411.2,25.7
326,2024-02-12,2,396,4901.7,785.9,334.5,8.1
327,2024-02-26,2,396,3832.0,756.7,253.5,9.1
328,2024-03-11,2,396,5560.5,1210.3,236.0,13.6
329,2024-03-25,2,396,8886.8,1434.0,317.6,14.7
330,2024-04-08,2,396,7148.4,912.1,283.8,14.2
331,2024-04-22,2,396,4078.8,562.9,301.2,6.7
332,2024-05-06,2,396,3910.9,617.2,290.4,6.4
333,2024-05-20,2,396,6895.3,1690.0,292.4,16.4
334,2024-06-03,2,396,7633.1,483.9,250.2,17.0
335,2024-06-17,2,396,3673.8,549.1,260.6,8.6
336,2024-07-01,2,396,5821.6,713.1,266.4,11.6
337,2024-07-15,2,396,4361.9,602.8,254.7,7.3
338,2024-07-29,2,396,4547.1,438.2,298.0,10.6
339,2024-08-12,2,396,3866.4,760.2,266.1,7.0
340,2024-08-26,2,396,5178.8,757.0,350.1,11.0
341,2024-09-09,2,396,8375.9,2046.9,273.7,20.2
342,2024-09-23,2,396,8392.2,1505.4,307.9,16.3
343,2024-10-07,2,396,6118.7,362.0,237.9,13.5
344,2024-10-21,2,396,8319.4,1283.8,276.2,18.4
345,2024-11-04,2,396,12323.8,2278.5,467.8,25.6
346,2024-11-18,2,396,12992.4,2659.6,420.1,28.2
347,2024-12-02,2,396,8548.0,2058.8,397.8,20.2
348,2024-12-16,2,396,6367.3,1056.5,397.9,10.6
349,2024-12-30,2,396,11071.8,570.1,467.5,24.6
350,2025-01-13,2,396,5871.2,706.4,450.6,14.3
351,2025-01-27,2,396,12448.7,2237.8,434.2,21.2
352,2025-02-10,2,396,4942.8,1159.4,267.6,9.6
353,2025-02-24,2,396,4741.3,877.3,241.7,10.7
354,2025-03-10,2,396,7959.7,627.8,321.0,16.2
355,2025-03-24,2,396,5928.3,1410.9,279.9,12.0
356,2025-04-07,2,396,7405.9,1588.1,274.7,14.4
357,2025-04-21,2,396,9283.3,1591.4,343.5,21.3
358,2025-05-05,2,396,8350.1,472.1,262.0,15.6
359,2025-05-19,2,396,5621.5,760.7,251.3,12.2
360,2025-06-02,2,396,7951.3,1714.8,306.7,13.7
361,2025-06-16,2,396,8875.1,1685.7,236.5,20.9
362,2025-06-30,2,396,4040.6,880.8,237.3,6.9
363,2025-07-14,2,396,7357.1,1284.5,294.9,13.9
364,2025-07-28,2,396,7940.5,506.4,297.2,17.8
365,2025-08-11,2,396,8136.6,683.7,334.9,13.4
366,2025-08-25,2,396,9217.1,2253.9,327.3,19.6
367,2025-09-08,2,396,8767.2,744.5,309.0,18.9
368,2025-09-22,2,396,6887.9,785.8,270.9,15.5
369,2024-01-01,1,354,14121.0,1536.7,345.7,34.9
370,2024-01-15,1,354,17997.9,2347.0,284.5,51.3
371,2024-01-29,1,354,15048.2,2965.6,307.1,45.6
372,2024-02-12,1,354,11314.3,1564.2,196.8,29.7
373,2024-02-26,1,354,7695.6,1749.9,181.9,22.6
374,2024-03-11,1,354,7027.7,1205.5,190.2,20.0
375,2024-03-25,1,354,12612.9,2463.5,178.9,38.7
376,2024-04-08,1,354,5910.5,1131.6,221.4,17.8
377,2024-04-22,1,354,11821.8,2851.0,238.4,34.1
378,2024-05-06,1,354,12488.6,1402.9,190.2,30.9
379,2024-05-20,1,354,7598.3,1832.4,208.4,17.4
380,2024-06-03,1,354,11540.0,2038.3,236.2,35.3
381,2024-06-17,1,354,8610.1,1592.1,248.9,20.4
382,2024-07-01,1,354,11904.2,2828.5,243.6,26.1
383,2024-07-15,1,354,9417.4,1430.7,228.0,27.8
384,2024-07-29,1,354,12377.7,1460.6,261.7,36.7
385,2024-08-12,1,354,10975.4,1058.8,211.8,28.8
386,2024-08-26,1,354,7143.6,1424.6,222.0,16.4
387,2024-09-09,1,354,6329.5,518.4,232.3,20.8
388,2024-09-23,1,354,9049.9,1742.9,210.9,24.0
389,2024-10-07,1,354,12820.0,2132.7,228.0,37.5
390,2024-10-21,1,354,8223.3,1425.8,187.1,19.8
391,2024-11-04,1,354,11634.9,1682.9,318.9,34.4
392,2024-11-18,1,354,15768.2,2056.8,329.7,38.7
393,2024-12-02,1,354,14597.3,3422.6,311.0,45.1
394,2024-12-16,1,354,15142.3,2332.7,304.6,47.9
395,2024-12-30,1,354,18839.1,3372.1,298.2,47.2
396,2025-01-13,1,354,19399.9,1504.4,275.1,60.8
397,2025-01-27,1,354,12384.7,773.8,339.1,37.6
398,2025-02-10,1,354,10177.4,853.3,200.7,23.1
399,2025-02-24,1,354,10796.6,2690.4,188.7,28.5
400,2025-03-10,1,354,6928.4,582.3,262.1,16.4
401,2025-03-24,1,354,5943.2,1318.6,234.8,16.0
402,2025-04-07,1,354,7722.0,1386.5,241.6,21.6
403,2025-04-21,1,354,10955.3,716.5,193.3,29.0
404,2025-05-05,1,354,7355.0,848.8,198.8,21.1
405,2025-05-19,1,354,5881.5,605.3,249.8,17.1
406,2025-06-02,1,354,8774.8,1880.5,182.6,27.2
407,2025-06-16,1,354,12457.8,2302.0,244.6,28.1
408,2025-06-30,1,354,10889.0,2018.2,180.7,35.2
409,2025-07-14,1,354,10308.8,1031.0,198.6,22.8
410,2025-07-28,1,354,6647.8,377.3,240.6,17.2
411,2025-08-11,1,354,12924.5,1684.0,236.4,29.0
412,2025-08-25,1,354,8724.5,793.6,223.4,28.5
413,2025-09-08,1,354,7599.7,1867.1,191.8,23.4
414,2025-09-22,1,354,5900.8,1127.6,175.3,16.4
415,2024-01-01,2,354,5654.9,1026.5,284.7,17.2
416,2024-01-15,2,354,13678.6,688.8,274.2,41.3
417,2024-01-29,2,354,9190.7,2294.9,350.8,28.5
418,2024-02-12,2,354,9156.1,2221.6,251.0,23.7
419,2024-02-26,2,354,4406.8,596.1,214.1,11.5
420,2024-03-11,2,354,7685.3,998.9,197.2,20.4
421,2024-03-25,2,354,3936.6,533.7,218.7,8.7
422,2024-04-08,2,354,7579.2,956.9,254.2,19.6
423,2024-04-22,2,354,7503.2,744.9,202.2,16.8
424,2024-05-06,2,354,7433.6,688.8,195.1,17.5
425,2024-05-20,2,354,7454.3,1476.9,180.6,17.4
426,2024-06-03,2,354,3972.1,903.3,210.3,11.6
427,2024-06-17,2,354,3721.7,761.1,204.5,9.8
428,2024-07-01,2,354,4457.4,270.1,256.1,12.0
429,2024-07-15,2,354,7655.1,1589.1,175.6,21.6
430,2024-07-29,2,354,8501.0,1250.0,188.4,26.4
431,2024-08-12,2,354,3653.7,556.9,234.0,11.5
432,2024-08-26,2,354,4252.8,258.3,237.4,11.9
433,2024-09-09,2,354,5575.1,1295.6,203.8,17.1
434,2024-09-23,2,354,3878.9,756.0,176.9,10.6
435,2024-10-07,2,354,4559.8,564.1,243.5,14.6
436,2024-10-21,2,354,3783.4,508.0,234.5,8.5
437,2024-11-04,2,354,9859.1,722.1,365.2,31.5
438,2024-11-18,2,354,11509.7,2682.0,272.7,36.0
439,2024-12-02,2,354,10315.1,783.3,335.0,26.9
440,2024-12-16,2,354,11751.7,1822.9,291.6,26.4
441,2024-12-30,2,354,9407.4,1700.5,292.8,22.3
442,2025-01-13,2,354,9535.5,1166.0,270.2,27.6
443,2025-01-27,2,354,9976.3,1407.5,298.0,27.2
444,2025-02-10,2,354,6118.3,841.5,202.4,14.4
445,2025-02-24,2,354,6390.6,477.4,180.2,18.3
446,2025-03-10,2,354,6077.1,1020.5,229.8,14.5
447,2025-03-24,2,354,6016.6,1304.9,236.4,17.9
448,2025-04-07,2,354,4484.3,388.4,255.9,11.1
449,2025-04-21,2,354,5716.8,1254.6,237.0,15.3
450,2025-05-05,2,354,8247.9,1511.2,228.6,26.1
451,2025-05-19,2,354,7146.2,1366.2,227.4,21.6
452,2025-06-02,2,354,4526.9,278.7,247.3,14.7
453,2025-06-16,2,354,6190.4,1409.0,199.1,15.9
454,2025-06-30,2,354,8438.8,1779.7,198.3,19.1
455,2025-07-14,2,354,7623.3,1821.1,254.5,18.9
456,2025-07-28,2,354,8673.9,808.5,213.7,23.6
457,2025-08-11,2,354,7093.3,1266.9,245.9,16.7
458,2025-08-25,2,354,4045.1,862.0,191.4,10.3
459,2025-09-08,2,354,4184.6,385.2,218.8,9.5
460,2025-09-22,2,354,5980.2,1044.8,203.4,16.5
461,2024-01-01,1,248,13967.3,1366.7,376.3,34.6
462,2024-01-15,1,248,10404.6,763.9,375.9,30.0
463,2024-01-29,1,248,10223.5,1643.3,344.2,28.7
464,2024-02-12,1,248,10111.1,1109.7,212.9,25.2
465,2024-02-26,1,248,11073.5,1066.4,211.4,31.0
466,2024-03-11,1,248,5307.2,1051.7,242.6,12.6
467,2024-03-25,1,248,6023.3,584.8,253.9,12.3
468,2024-04-08,1,248,5667.5,596.4,227.1,16.5
469,2024-04-22,1,248,12537.2,2178.5,268.1,34.7
470,2024-05-06,1,248,8281.8,591.1,227.1,22.2
471,2024-05-20,1,248,7495.1,561.1,234.6,22.1
472,2024-06-03,1,248,5859.4,379.8,221.5,14.6
473,2024-06-17,1,248,11065.5,1107.5,252.5,32.4
474,2024-07-01,1,248,10805.1,1098.2,256.8,27.5
475,2024-07-15,1,248,12467.3,1873.8,206.6,29.4
476,2024-07-29,1,248,12416.2,2966.2,275.2,34.5
477,2024-08-12,1,248,8553.1,975.9,245.3,22.2
478,2024-08-26,1,248,5017.9,349.1,196.9,13.3
479,2024-09-09,1,248,9383.0,1284.2,197.2,19.5
480,2024-09-23,1,248,9709.6,2157.5,245.3,24.8
481,2024-10-07,1,248,11269.8,1760.1,271.5,25.0
482,2024-10-21,1,248,5344.4,1241.9,264.7,13.7
483,2024-11-04,1,248,18326.7,3955.5,288.8,50.4
484,2024-11-18,1,248,15911.6,1276.7,391.5,36.6
485,2024-12-02,1,248,15153.9,1436.2,291.7,34.1
486,2024-12-16,1,248,16680.2,2280.3,372.7,39.0
487,2024-12-30,1,248,12899.9,1918.8,368.7,37.8
488,2025-01-13,1,248,14586.4,2533.8,333.9,41.8
489,2025-01-27,1,248,17352.6,3418.3,340.0,46.4
490,2025-02-10,1,248,6445.4,1456.5,241.5,17.7
491,2025-02-24,1,248,7820.8,560.9,261.9,20.5
492,2025-03-10,1,248,12923.0,3208.4,275.9,37.4
493,2025-03-24,1,248,5944.3,829.9,244.0,16.8
494,2025-04-07,1,248,6461.2,1252.2,273.6,14.5
495,2025-04-21,1,248,12783.8,2333.7,249.1,30.6
496,2025-05-05,1,248,11091.4,1386.8,268.7,30.3
497,2025-05-19,1,248,10574.9,873.0,224.0,32.0
498,2025-06-02,1,248,9157.3,1579.5,253.6,21.0
499,2025-06-16,1,248,7546.9,716.0,263.3,15.9
500,2025-06-30,1,248,11182.4,1102.8,209.1,25.4
501,2025-07-14,1,248,7394.4,1324.4,220.6,18.9
502,2025-07-28,1,248,7785.2,1561.6,197.2,20.3
503,2025-08-11,1,248,8287.4,1181.6,248.6,22.1
504,2025-08-25,1,248,11995.0,2764.6,207.6,29.1
505,2025-09-08,1,248,8870.2,2040.0,276.5,22.4
506,2025-09-22,1,248,6365.8,1457.2,209.9,14.1
507,2024-01-01,2,248,13885.8,1825.9,402.2,30.1
508,2024-01-15,2,248,9748.4,1696.3,399.8,28.4
509,2024-01-29,2,248,12269.8,1348.8,399.1,36.5
510,2024-02-12,2,248,5905.0,802.3,220.4,15.1
511,2024-02-26,2,248,5392.0,767.6,265.4,15.7
512,2024-03-11,2,248,6567.7,848.2,225.0,19.9
513,2024-03-25,2,248,5215.7,1128.6,259.2,10.9
514,2024-04-08,2,248,3647.5,345.5,258.0,9.8
515,2024-04-22,2,248,6108.4,1167.9,257.4,15.5
516,2024-05-06,2,248,3616.9,593.9,268.2,10.2
517,2024-05-20,2,248,8599.7,1851.0,252.2,23.7
518,2024-06-03,2,248,9005.6,1589.2,269.1,27.1
519,2024-06-17,2,248,9005.9,1310.2,219.6,27.5
520,2024-07-01,2,248,6414.5,1203.5,222.7,13.9
521,2024-07-15,2,248,4207.3,784.2,196.2,9.1
522,2024-07-29,2,248,7926.3,1044.4,211.4,22.1
523,2024-08-12,2,248,9278.9,1077.2,209.4,28.3
524,2024-08-26,2,248,4601.6,556.5,277.3,10.3
525,2024-09-09,2,248,3715.6,468.5,276.7,10.6
526,2024-09-23,2,248,7939.4,1650.9,259.8,21.0
527,2024-10-07,2,248,7236.5,781.4,232.8,21.9
528,2024-10-21,2,248,4968.3,1230.4,230.5,14.5
529,2024-11-04,2,248,8969.9,617.1,371.4,20.8
530,2024-11-18,2,248,8788.8,1061.6,372.1,24.8
531,2024-12-02,2,248,12334.7,2794.6,284.9,27.8
532,2024-12-16,2,248,10247.8,1856.6,407.7,30.4
533,2024-12-30,2,248,5498.6,460.1,331.5,12.3
534,2025-01-13,2,248,11551.2,1827.0,381.1,33.9
535,2025-01-27,2,248,13208.9,1111.7,307.3,31.7
536,2025-02-10,2,248,7484.4,1125.3,260.2,19.3
537,2025-02-24,2,248,6628.1,1296.1,257.4,16.1
538,2025-03-10,2,248,8984.8,2166.0,255.4,18.8
539,2025-03-24,2,248,6159.1,838.3,189.9,15.4
540,2025-04-07,2,248,4337.3,948.2,253.9,12.8
541,2025-04-21,2,248,6334.1,397.5,232.2,18.0
542,2025-05-05,2,248,7155.9,774.7,276.8,15.3
543,2025-05-19,2,248,4223.6,387.2,190.6,10.5
544,2025-06-02,2,248,9202.8,1630.6,249.9,27.2
545,2025-06-16,2,248,9267.7,2009.0,205.8,27.1
546,2025-06-30,2,248,6756.9,1245.9,206.5,15.1
547,2025-07-14,2,248,4653.1,444.1,257.4,11.8
548,2025-07-28,2,248,4139.6,266.8,261.1,12.0
549,2025-08-11,2,248,4616.4,765.5,203.3,11.3
550,2025-08-25,2,248,7963.1,1369.8,194.6,19.8
551,2025-09-08,2,248,8199.3,767.4,261.9,18.4
552,2025-09-22,2,248,4315.1,381.9,219.9,9.8
553,2024-01-01,1,470,12792.2,1989.1,506.0,28.1
554,2024-01-15,1,470,12891.0,2163.6,359.1,27.3
555,2024-01-29,1,470,8138.9,811.2,515.7,17.0
556,2024-02-12,1,470,7528.9,1530.9,296.6,15.3
557,2024-02-26,1,470,8111.0,641.3,283.5,17.7
558,2024-03-11,1,470,8634.3,1696.0,322.5,20.2
559,2024-03-25,1,470,8749.5,702.8,342.7,16.2
560,2024-04-08,1,470,7911.1,1860.0,248.4,14.7
561,2024-04-22,1,470,11558.6,2162.6,270.8,22.5
562,2024-05-06,1,470,7721.0,507.8,255.8,13.6
563,2024-05-20,1,470,7937.4,1004.0,348.4,13.1
564,2024-06-03,1,470,9958.9,1972.4,304.5,20.6
565,2024-06-17,1,470,7879.8,1347.5,346.3,17.8
566,2024-07-01,1,470,5210.7,365.1,345.6,10.0
567,2024-07-15,1,470,5792.7,1279.9,292.4,10.8
568,2024-07-29,1,470,7179.3,1615.8,351.6,15.7
569,2024-08-12,1,470,9204.1,2062.4,262.2,16.6
570,2024-08-26,1,470,12205.2,2543.6,329.9,27.1
571,2024-09-09,1,470,12356.7,921.4,248.9,23.5
572,2024-09-23,1,470,8783.5,1978.1,283.7,21.0
573,2024-10-07,1,470,10012.5,913.4,238.3,20.3
574,2024-10-21,1,470,7947.6,1477.2,261.8,18.1
575,2024-11-04,1,470,8892.7,1058.4,448.2,18.2
576,2024-11-18,1,470,9180.1,542.1,454.8,20.3
577,2024-12-02,1,470,10342.1,2142.9,522.6,25.1
578,2024-12-16,1,470,19412.5,2467.4,382.0,34.9
579,2024-12-30,1,470,7805.5,1378.9,467.1,16.7
580,2025-01-13,1,470,14171.3,2056.3,473.0,31.4
581,2025-01-27,1,470,8016.8,1641.4,520.1,18.1
582,2025-02-10,1,470,6940.2,1265.6,340.1,11.3
583,2025-02-24,1,470,11513.7,1149.4,279.2,20.6
584,2025-03-10,1,470,10095.3,1016.2,337.5,17.8
585,2025-03-24,1,470,5233.6,1303.8,278.5,10.3
586,2025-04-07,1,470,9810.9,1429.1,246.6,22.2
587,2025-04-21,1,470,11187.0,2116.3,308.2,20.6
588,2025-05-05,1,470,8949.9,684.0,284.2,20.9
589,2025-05-19,1,470,6173.9,1032.7,251.4,11.9
590,2025-06-02,1,470,8806.2,951.4,314.3,17.4
591,2025-06-16,1,470,7005.1,592.7,253.4,14.9
592,2025-06-30,1,470,9345.1,1423.7,243.9,19.5
593,2025-07-14,1,470,5351.9,650.8,273.0,9.3
594,2025-07-28,1,470,5667.1,1017.5,345.6,9.9
595,2025-08-11,1,470,11518.9,2500.4,330.1,19.9
596,2025-08-25,1,470,9483.2,1052.2,276.9,19.3
597,2025-09-08,1,470,7895.0,1736.2,271.8,17.9
598,2025-09-22,1,470,12793.7,2105.3,294.3,22.3
599,2024-01-01,2,470,6168.1,497.4,433.8,10.4
600,2024-01-15,2,470,11160.3,1420.2,474.1,22.7
601,2024-01-29,2,470,8336.2,1591.9,446.6,16.2
602,2024-02-12,2,470,4673.5,936.0,273.7,10.7
603,2024-02-26,2,470,4729.4,525.6,272.6,10.9
604,2024-03-11,2,470,6471.0,1418.7,324.3,11.8
605,2024-03-25,2,470,9039.1,1921.9,309.6,21.4
606,2024-04-08,2,470,8539.8,1768.8,266.6,19.5
607,2024-04-22,2,470,4078.1,584.3,349.8,9.1
608,2024-05-06,2,470,3664.0,296.6,262.5,6.9
609,2024-05-20,2,470,8301.2,1983.9,246.3,17.6
610,2024-06-03,2,470,7524.1,1560.2,337.2,16.9
611,2024-06-17,2,470,8660.8,1381.4,292.5,15.1
612,2024-07-01,2,470,7957.4,1717.7,286.4,16.1
613,2024-07-15,2,470,7208.2,1148.4,332.3,13.6
614,2024-07-29,2,470,6647.9,462.4,309.3,15.5
615,2024-08-12,2,470,5327.9,422.9,303.9,10.9
616,2024-08-26,2,470,4538.1,243.0,239.2,7.7
617,2024-09-09,2,470,8851.9,665.1,322.1,17.1
618,2024-09-23,2,470,7855.6,429.9,256.1,18.4
619,2024-10-07,2,470,5616.9,443.5,331.5,11.5
620,2024-10-21,2,470,5794.8,1073.9,290.3,10.2
621,2024-11-04,2,470,12374.0,1782.5,449.2,30.2
622,2024-11-18,2,470,7732.5,1497.9,446.7,17.4
623,2024-12-02,2,470,13054.5,1717.2,450.9,25.3
624,2024-12-16,2,470,8876.2,584.0,414.2,19.6
625,2024-12-30,2,470,7848.0,973.7,364.7,18.8
626,2025-01-13,2,470,7485.8,1669.5,521.5,16.9
627,2025-01-27,2,470,9653.9,836.2,423.5,17.9
628,2025-02-10,2,470,6442.6,1569.1,298.8,12.5
629,2025-02-24,2,470,6924.4,513.2,261.0,12.7
630,2025-03-10,2,470,8147.1,1342.2,307.1,16.5
631,2025-03-24,2,470,6565.4,839.6,274.5,11.8
632,2025-04-07,2,470,4794.5,1041.5,320.4,8.1
633,2025-04-21,2,470,8256.5,1156.3,332.7,17.8
634,2025-05-05,2,470,6347.0,433.5,240.3,11.7
635,2025-05-19,2,470,8665.6,1489.4,321.1,17.2
636,2025-06-02,2,470,7405.1,1166.8,317.9,13.0
637,2025-06-16,2,470,6086.6,1454.3,262.0,10.6
638,2025-06-30,2,470,4017.6,394.4,350.1,7.0
639,2025-07-14,2,470,7189.7,1081.1,286.0,14.2
640,2025-07-28,2,470,4215.6,738.7,261.9,9.0
641,2025-08-11,2,470,5212.4,310.8,294.2,8.8
642,2025-08-25,2,470,8334.4,506.5,273.2,19.1
643,2025-09-08,2,470,5941.7,721.3,289.4,13.7
644,2025-09-22,2,470,6923.4,1178.0,288.4,15.8
645,2024-01-01,1,459,9207.1,1680.0,407.2,17.7
646,2024-01-15,1,459,12878.3,767.5,466.0,21.4
647,2024-01-29,1,459,7904.7,941.6,544.2,14.8
648,2024-02-12,1,459,7986.6,1904.1,322.0,12.8
649,2024-02-26,1,459,11761.9,1186.9,367.0,19.8
650,2024-03-11,1,459,7992.3,1249.0,399.9,14.2
651,2024-03-25,1,459,9562.4,487.4,277.8,13.6
652,2024-04-08,1,459,9815.7,1211.3,362.5,16.4
653,2024-04-22,1,459,12141.2,2620.1,312.8,24.2
654,2024-05-06,1,459,5553.5,290.5,318.2,10.6
655,2024-05-20,1,459,10216.3,2268.7,334.9,15.5
656,2024-06-03,1,459,8274.2,734.8,304.3,16.1
657,2024-06-17,1,459,7448.9,1283.1,382.6,10.9
658,2024-07-01,1,459,7731.7,1862.4,351.0,14.0
659,2024-07-15,1,459,6379.7,413.4,359.7,10.0
660,2024-07-29,1,459,11727.8,1660.3,322.4,18.9
661,2024-08-12,1,459,6860.3,1332.8,319.2,10.2
662,2024-08-26,1,459,5696.8,1235.0,386.3,8.3
663,2024-09-09,1,459,8379.5,1159.6,335.6,13.0
664,2024-09-23,1,459,9065.5,1032.5,396.6,13.8
665,2024-10-07,1,459,5254.3,1039.0,337.2,10.4
666,2024-10-21,1,459,10267.1,1412.2,326.8,18.5
667,2024-11-04,1,459,10780.3,1467.0,526.6,19.5
668,2024-11-18,1,459,10915.2,2431.1,564.3,18.0
669,2024-12-02,1,459,14028.9,2005.9,482.6,27.6
670,2024-12-16,1,459,16708.2,1725.4,475.0,24.0
671,2024-12-30,1,459,18216.0,3803.9,477.6,32.2
672,2025-01-13,1,459,12354.9,1923.7,513.4,22.5
673,2025-01-27,1,459,8614.6,1977.3,519.6,18.3
674,2025-02-10,1,459,11326.8,1983.1,396.7,22.5
675,2025-02-24,1,459,8323.6,681.7,375.7,16.2
676,2025-03-10,1,459,10487.0,1096.8,277.5,16.8
677,2025-03-24,1,459,10946.4,2184.0,277.1,21.6
678,2025-04-07,1,459,11939.1,1296.9,296.9,23.6
679,2025-04-21,1,459,8719.4,1713.5,275.4,17.0
680,2025-05-05,1,459,8678.9,799.4,305.1,17.7
681,2025-05-19,1,459,9323.8,1525.6,380.5,14.2
682,2025-06-02,1,459,11103.4,1585.5,322.0,20.3
683,2025-06-16,1,459,12693.6,2906.1,357.6,20.6
684,2025-06-30,1,459,5601.1,936.4,276.7,9.6
685,2025-07-14,1,459,12952.5,2595.9,296.8,26.0
686,2025-07-28,1,459,9255.2,1140.0,354.6,15.7
687,2025-08-11,1,459,11790.1,2370.7,364.0,19.3
688,2025-08-25,1,459,9371.3,666.6,293.8,17.4
689,2025-09-08,1,459,8576.8,474.5,313.7,13.1
690,2025-09-22,1,459,8336.0,1513.2,310.7,15.3
691,2024-01-01,2,459,7065.8,1609.3,503.3,10.4
692,2024-01-15,2,459,9649.2,1721.4,479.1,15.5
693,2024-01-29,2,459,10576.8,1818.6,446.6,21.0
694,2024-02-12,2,459,4230.5,964.2,403.2,7.4
695,2024-02-26,2,459,5413.0,934.0,298.4,8.4
696,2024-03-11,2,459,5184.4,534.2,357.5,10.1
697,2024-03-25,2,459,8352.3,740.1,358.9,12.3
698,2024-04-08,2,459,9117.4,1925.2,402.9,15.8
699,2024-04-22,2,459,6855.1,1709.2,358.3,13.5
700,2024-05-06,2,459,3993.8,349.0,306.8,6.8
701,2024-05-20,2,459,7125.0,587.4,284.4,14.1
702,2024-06-03,2,459,5419.1,1209.5,346.3,11.4
703,2024-06-17,2,459,7678.3,699.8,394.7,14.5
704,2024-07-01,2,459,6387.3,960.5,359.1,12.1
705,2024-07-15,2,459,5219.7,291.4,276.2,9.4
706,2024-07-29,2,459,4812.8,656.6,285.7,9.6
707,2024-08-12,2,459,9288.8,1507.2,296.9,17.6
708,2024-08-26,2,459,4503.7,779.5,294.8,8.6
709,2024-09-09,2,459,9221.6,1337.1,300.8,13.8
710,2024-09-23,2,459,7157.9,965.3,405.4,13.2
711,2024-10-07,2,459,3598.5,711.7,387.7,5.2
712,2024-10-21,2,459,6843.9,1396.5,367.2,12.5
713,2024-11-04,2,459,8176.2,1654.1,522.8,17.2
714,2024-11-18,2,459,11808.7,1381.5,408.1,19.6
715,2024-12-02,2,459,7764.5,1587.8,443.0,12.6
716,2024-12-16,2,459,10187.0,606.1,504.4,18.8
717,2024-12-30,2,459,7885.0,812.7,419.2,13.0
718,2025-01-13,2,459,13955.8,1943.2,550.0,23.9
719,2025-01-27,2,459,6557.2,611.7,441.2,12.9
720,2025-02-10,2,459,3828.1,819.3,371.2,7.7
721,2025-02-24,2,459,7897.4,1075.3,330.9,13.0
722,2025-03-10,2,459,4181.8,216.4,279.6,6.0
723,2025-03-24,2,459,3898.0,822.5,299.7,5.7
724,2025-04-07,2,459,8846.2,1223.0,394.8,15.9
725,2025-04-21,2,459,4116.6,475.5,357.1,8.4
726,2025-05-05,2,459,9023.1,631.0,400.8,18.7
727,2025-05-19,2,459,3859.9,318.2,393.9,6.9
728,2025-06-02,2,459,7422.0,668.7,276.2,12.6
729,2025-06-16,2,459,7597.9,1219.1,373.0,14.8
730,2025-06-30,2,459,4368.1,1026.9,362.2,6.3
731,2025-07-14,2,459,7529.2,880.8,334.1,14.1
732,2025-07-28,2,459,6141.0,1297.8,313.4,12.3
733,2025-08-11,2,459,6114.0,1431.9,383.1,10.6
734,2025-08-25,2,459,4955.6,934.0,322.2,9.8
735,2025-09-08,2,459,5211.2,360.2,324.7,8.3
736,2025-09-22,2,459,9262.0,2189.6,295.5,19.3
737,2024-01-01,1,874,5372.8,1106.2,137.6,23.2
738,2024-01-15,1,874,6231.3,941.2,142.3,27.5
739,2024-01-29,1,874,3660.9,522.2,113.9,14.3
740,2024-02-12,1,874,4281.5,372.0,124.4,17.0
741,2024-02-26,1,874,5304.3,510.7,139.4,20.5
742,2024-03-11,1,874,4920.4,591.7,141.4,21.3
743,2024-03-25,1,874,6444.9,1266.2,123.4,24.1
744,2024-04-08,1,874,3735.4,587.7,111.0,20.3
745,2024-04-22,1,874,6366.8,342.0,125.9,28.7
746,2024-05-06,1,874,4178.8,476.7,119.4,15.8
747,2024-05-20,1,874,4870.3,336.5,140.0,22.8
748,2024-06-03,1,874,3725.4,261.7,145.1,16.7
749,2024-06-17,1,874,7473.3,1778.6,144.4,28.5
750,2024-07-01,1,874,4068.2,891.6,144.4,15.2
751,2024-07-15,1,874,4357.6,322.9,134.8,19.0
752,2024-07-29,1,874,4207.2,596.2,120.1,22.6
753,2024-08-12,1,874,5060.1,841.9,107.3,21.4
754,2024-08-26,1,874,2954.3,343.2,150.3,12.8
755,2024-09-09,1,874,12524.4,1368.8,283.2,64.5
756,2024-09-23,1,874,14988.2,2732.2,239.8,55.5
757,2024-10-07,1,874,16083.0,2095.6,314.3,76.4
758,2024-10-21,1,874,13023.4,3213.0,261.0,57.6
759,2024-11-04,1,874,11829.5,2853.5,240.5,54.1
760,2024-11-18,1,874,7216.5,1755.0,256.9,29.2
761,2024-12-02,1,874,6275.1,454.7,148.4,23.4
762,2024-12-16,1,874,3536.6,245.3,118.2,14.2
763,2024-12-30,1,874,4211.4,216.9,157.1,22.0
764,2025-01-13,1,874,5584.7,934.3,113.8,22.8
765,2025-01-27,1,874,4063.0,776.0,132.2,15.9
766,2025-02-10,1,874,5923.1,379.8,138.7,21.7
767,2025-02-24,1,874,4905.9,553.9,124.0,20.2
768,2025-03-10,1,874,6338.8,369.5,123.4,34.0
769,2025-03-24,1,874,3339.6,201.7,139.6,12.6
770,2025-04-07,1,874,5890.0,925.8,144.2,27.7
771,2025-04-21,1,874,3359.2,776.2,124.5,13.9
772,2025-05-05,1,874,7200.7,1185.6,114.8,33.5
773,2025-05-19,1,874,6971.8,1526.4,154.4,34.5
774,2025-06-02,1,874,7434.0,830.4,144.5,29.0
775,2025-06-16,1,874,2911.7,586.9,115.2,15.0
776,2025-06-30,1,874,2944.2,495.5,147.3,11.3
777,2025-07-14,1,874,3890.6,373.3,148.4,18.8
778,2025-07-28,1,874,6062.2,1450.5,145.4,29.7
779,2025-08-11,1,874,6001.3,1441.9,129.9,26.7
780,2025-08-25,1,874,6533.8,331.6,127.4,33.3
781,2025-09-08,1,874,9563.4,1405.7,342.0,46.5
782,2025-09-22,1,874,15496.7,1943.5,306.7,70.1
783,2024-01-01,2,874,2726.4,226.0,145.6,14.2
784,2024-01-15,2,874,2625.8,617.0,151.7,12.9
785,2024-01-29,2,874,5171.9,979.3,137.2,20.4
786,2024-02-12,2,874,4392.9,618.2,141.3,19.1
787,2024-02-26,2,874,3607.3,803.1,122.1,13.7
788,2024-03-11,2,874,3858.8,426.1,127.6,18.7
789,2024-03-25,2,874,2488.2,233.5,112.7,11.7
790,2024-04-08,2,874,4962.5,1105.8,141.0,21.1
791,2024-04-22,2,874,3438.5,195.4,151.9,18.3
792,2024-05-06,2,874,2107.3,238.0,134.9,11.4
793,2024-05-20,2,874,3243.4,657.3,135.7,12.9
794,2024-06-03,2,874,5028.0,673.8,137.8,25.3
795,2024-06-17,2,874,4833.0,703.8,109.3,18.5
796,2024-07-01,2,874,4131.2,412.0,138.9,19.7
797,2024-07-15,2,874,2221.2,170.2,157.4,10.8
798,2024-07-29,2,874,2173.1,496.2,108.6,8.8
799,2024-08-12,2,874,2297.4,537.1,144.7,9.0
800,2024-08-26,2,874,5159.6,738.6,119.7,22.2
801,2024-09-09,2,874,9322.8,1598.5,281.5,47.4
802,2024-09-23,2,874,10613.4,2208.5,236.2,49.2
803,2024-10-07,2,874,8767.7,1935.7,234.7,40.5
804,2024-10-21,2,874,8972.8,476.3,307.7,35.5
805,2024-11-04,2,874,5431.0,1058.4,299.2,22.4
806,2024-11-18,2,874,5495.2,1178.0,233.7,21.8
807,2024-12-02,2,874,4240.4,728.3,145.2,20.4
808,2024-12-16,2,874,3461.0,297.0,151.4,13.2
809,2024-12-30,2,874,2408.4,344.7,146.7,10.0
810,2025-01-13,2,874,2955.0,414.0,154.6,15.3
811,2025-01-27,2,874,4143.5,870.6,134.1,21.8
812,2025-02-10,2,874,3038.0,364.6,132.3,15.8
813,2025-02-24,2,874,2300.1,127.8,131.4,10.9
814,2025-03-10,2,874,2734.7,282.4,157.0,13.0
815,2025-03-24,2,874,2063.0,288.8,140.0,10.4
816,2025-04-07,2,874,2944.6,276.4,152.6,12.5
817,2025-04-21,2,874,4223.2,369.8,137.2,18.2
818,2025-05-05,2,874,3517.1,335.8,122.7,14.9
819,2025-05-19,2,874,3770.8,461.1,153.7,14.9
820,2025-06-02,2,874,4952.6,652.6,138.3,18.0
821,2025-06-16,2,874,4785.4,847.5,157.3,21.5
822,2025-06-30,2,874,3748.6,759.2,128.2,13.8
823,2025-07-14,2,874,2157.4,276.2,153.0,8.5
824,2025-07-28,2,874,2686.7,499.3,129.3,13.9
825,2025-08-11,2,874,4427.7,604.0,105.7,23.7
826,2025-08-25,2,874,5055.6,735.9,114.2,19.7
827,2025-09-08,2,874,9545.8,732.4,330.0,46.6
828,2025-09-22,2,874,6366.2,645.3,246.5,26.3
829,2024-01-01,1,612,5667.0,1266.6,138.4,23.6
830,2024-01-15,1,612,3512.0,789.0,118.5,15.4
831,2024-01-29,1,612,5274.4,489.4,137.9,24.0
832,2024-02-12,1,612,6599.5,1076.9,102.7,29.5
833,2024-02-26,1,612,6847.1,1394.3,122.5,26.3
834,2024-03-11,1,612,3342.2,318.8,112.5,16.1
835,2024-03-25,1,612,3061.3,183.8,150.1,16.1
836,2024-04-08,1,612,3324.5,242.9,137.3,14.3
837,2024-04-22,1,612,5729.4,515.9,147.7,29.9
838,2024-05-06,1,612,7046.8,1180.9,110.6,38.1
839,2024-05-20,1,612,5727.7,1135.8,115.3,31.8
840,2024-06-03,1,612,4864.6,480.6,134.5,21.1
841,2024-06-17,1,612,7355.7,1719.1,143.4,38.1
842,2024-07-01,1,612,3162.9,698.3,130.0,16.1
843,2024-07-15,1,612,6765.0,851.8,132.9,28.5
844,2024-07-29,1,612,5105.0,513.6,149.7,25.3
845,2024-08-12,1,612,4989.2,1173.9,120.7,22.2
846,2024-08-26,1,612,4728.2,520.2,146.4,22.2
847,2024-09-09,1,612,14941.8,2460.0,293.2,73.0
848,2024-09-23,1,612,14082.6,2583.3,294.5,66.3
849,2024-10-07,1,612,13411.2,3237.6,311.3,69.7
850,2024-10-21,1,612,11186.0,2563.7,310.1,61.7
851,2024-11-04,1,612,7687.4,1746.0,318.9,33.0
852,2024-11-18,1,612,15844.6,3432.8,245.3,90.0
853,2024-12-02,1,612,7343.8,818.4,109.9,31.5
854,2024-12-16,1,612,4163.9,636.4,125.4,17.8
855,2024-12-30,1,612,5567.0,1112.8,137.2,31.3
856,2025-01-13,1,612,3578.5,505.6,150.1,17.2
857,2025-01-27,1,612,2916.7,695.4,126.6,12.0
858,2025-02-10,1,612,4689.8,371.7,137.6,19.5
859,2025-02-24,1,612,6947.7,554.7,121.7,33.3
860,2025-03-10,1,612,5087.1,1081.5,113.6,24.2
861,2025-03-24,1,612,5314.5,1069.4,140.1,21.4
862,2025-04-07,1,612,6160.0,1159.6,130.7,29.4
863,2025-04-21,1,612,4933.1,894.7,148.1,21.8
864,2025-05-05,1,612,3264.9,255.5,138.8,17.1
865,2025-05-19,1,612,5626.4,1381.3,141.6,28.0
866,2025-06-02,1,612,7182.5,1618.2,107.6,35.0
867,2025-06-16,1,612,4286.0,686.9,116.8,22.7
868,2025-06-30,1,612,6276.8,821.0,112.6,24.7
869,2025-07-14,1,612,7009.5,1411.8,102.1,28.7
870,2025-07-28,1,612,5952.7,301.1,147.5,30.3
871,2025-08-11,1,612,4050.2,288.3,103.5,17.1
872,2025-08-25,1,612,5873.3,789.8,131.8,26.4
873,2025-09-08,1,612,14026.0,1199.5,263.0,54.0
874,2025-09-22,1,612,10972.3,1993.0,288.1,50.6
875,2024-01-01,2,612,3463.9,349.1,135.5,16.5
876,2024-01-15,2,612,4678.5,1129.3,123.6,23.5
877,2024-01-29,2,612,3228.4,324.1,114.4,12.6
878,2024-02-12,2,612,2408.7,484.6,146.4,10.0
879,2024-02-26,2,612,4777.1,922.3,120.6,18.5
880,2024-03-11,2,612,3877.5,538.4,139.6,16.6
881,2024-03-25,2,612,2524.0,579.4,109.6,13.2
882,2024-04-08,2,612,3278.4,194.4,134.1,18.5
883,2024-04-22,2,612,2633.1,264.2,122.8,10.3
884,2024-05-06,2,612,2074.8,294.3,125.7,11.3
885,2024-05-20,2,612,4377.7,293.0,105.6,18.0
886,2024-06-03,2,612,3721.2,454.8,141.9,20.2
887,2024-06-17,2,612,4936.5,559.1,133.1,27.1
888,2024-07-01,2,612,4768.1,1109.5,126.7,24.8
889,2024-07-15,2,612,4828.9,801.0,112.4,19.1
890,2024-07-29,2,612,2459.1,438.6,110.5,12.9
891,2024-08-12,2,612,2399.9,210.4,143.8,11.7
892,2024-08-26,2,612,5080.5,690.1,130.2,20.3
893,2024-09-09,2,612,9511.7,896.1,243.6,52.7
894,2024-09-23,2,612,5026.8,549.7,314.2,22.7
895,2024-10-07,2,612,11043.4,1256.1,269.5,45.8
896,2024-10-21,2,612,11158.2,2391.4,255.9,52.4
897,2024-11-04,2,612,6278.5,607.5,254.1,24.8
898,2024-11-18,2,612,9139.0,543.3,275.9,48.5
899,2024-12-02,2,612,2968.3,293.1,146.8,16.7
900,2024-12-16,2,612,4530.2,311.2,118.2,20.9
901,2024-12-30,2,612,2384.7,264.7,113.9,11.6
902,2025-01-13,2,612,2673.3,288.3,110.2,14.0
903,2025-01-27,2,612,4220.9,624.1,117.7,20.8
904,2025-02-10,2,612,3429.4,724.6,112.5,16.7
905,2025-02-24,2,612,5030.9,1209.4,141.7,28.3
906,2025-03-10,2,612,2163.3,293.3,130.2,8.5
907,2025-03-24,2,612,4676.5,513.1,120.7,25.5
908,2025-04-07,2,612,2914.3,216.0,123.0,13.9
909,2025-04-21,2,612,2876.3,642.3,135.2,16.3
910,2025-05-05,2,612,2542.2,150.2,114.1,11.3
911,2025-05-19,2,612,2534.4,472.0,141.1,10.4
912,2025-06-02,2,612,4709.2,369.7,134.4,18.7
913,2025-06-16,2,612,3570.0,776.4,113.5,17.1
914,2025-06-30,2,612,4872.3,1009.5,129.1,20.7
915,2025-07-14,2,612,2421.2,560.7,106.7,9.6
916,2025-07-28,2,612,4228.5,373.5,121.9,22.0
917,2025-08-11,2,612,3805.0,361.8,108.1,16.9
918,2025-08-25,2,612,4131.2,473.7,146.9,21.3
919,2025-09-08,2,612,7233.8,458.0,288.0,35.1
920,2025-09-22,2,612,8336.8,420.3,327.2,43.2
921,2024-01-01,1,523,3066.5,449.5,110.3,14.2
922,2024-01-15,1,523,4202.0,902.5,127.4,18.9
923,2024-01-29,1,523,5709.6,685.4,126.8,27.5
924,2024-02-12,1,523,6271.5,1249.9,128.0,26.3
925,2024-02-26,1,523,4714.3,827.7,109.4,27.9
926,2024-03-11,1,523,6955.1,482.0,123.6,30.5
927,2024-03-25,1,523,3665.7,693.9,125.2,16.2
928,2024-04-08,1,523,7028.5,444.6,133.7,39.7
929,2024-04-22,1,523,3157.8,603.7,132.7,16.0
930,2024-05-06,1,523,5500.5,1215.1,106.6,23.1
931,2024-05-20,1,523,6763.4,563.1,125.7,34.9
932,2024-06-03,1,523,5236.4,477.6,114.1,24.5
933,2024-06-17,1,523,6794.6,1225.8,124.3,32.4
934,2024-07-01,1,523,5509.0,1330.7,131.1,24.2
935,2024-07-15,1,523,4517.9,1044.4,135.2,21.4
936,2024-07-29,1,523,5499.9,1293.0,138.7,26.1
937,2024-08-12,1,523,7078.5,370.3,97.5,33.2
938,2024-08-26,1,523,5100.8,1267.8,114.1,24.3
939,2024-09-09,1,523,9946.7,1799.1,223.6,60.1
940,2024-09-23,1,523,9456.2,535.0,304.5,53.6
941,2024-10-07,1,523,9073.6,1734.5,262.4,48.6
942,2024-10-21,1,523,10725.3,2608.1,299.3,62.3
943,2024-11-04,1,523,9075.2,2265.1,267.7,43.5
944,2024-11-18,1,523,15855.2,3045.7,264.5,90.8
945,2024-12-02,1,523,4070.7,541.8,131.0,24.1
946,2024-12-16,1,523,7257.3,1439.3,119.4,32.7
947,2024-12-30,1,523,6696.8,1159.8,120.8,40.0
948,2025-01-13,1,523,4673.9,362.0,98.7,24.9
949,2025-01-27,1,523,5310.8,648.2,134.1,24.7
950,2025-02-10,1,523,4290.2,449.6,134.1,19.3
951,2025-02-24,1,523,4861.8,490.8,97.0,24.0
952,2025-03-10,1,523,5929.6,1217.8,132.5,34.3
953,2025-03-24,1,523,3108.2,513.7,100.1,17.7
954,2025-04-07,1,523,3572.6,544.4,131.9,17.4
955,2025-04-21,1,523,3473.4,186.7,136.6,16.9
956,2025-05-05,1,523,5622.1,1266.8,117.9,23.1
957,2025-05-19,1,523,6222.1,579.4,100.4,37.7
958,2025-06-02,1,523,3910.7,471.6,120.2,16.4
959,2025-06-16,1,523,4573.6,1058.2,132.9,19.3
960,2025-06-30,1,523,7039.2,403.8,115.1,41.8
961,2025-07-14,1,523,3118.4,454.5,135.5,17.7
962,2025-07-28,1,523,7513.4,1248.4,115.3,39.3
963,2025-08-11,1,523,5324.4,526.3,110.7,27.9
964,2025-08-25,1,523,3760.7,193.4,109.7,21.2
965,2025-09-08,1,523,8195.5,554.1,221.5,47.6
966,2025-09-22,1,523,15610.6,2844.3,228.3,72.7
967,2024-01-01,2,523,4543.7,874.0,100.9,24.7
968,2024-01-15,2,523,5288.3,626.6,120.8,24.9
969,2024-01-29,2,523,3401.6,405.5,93.8,15.8
970,2024-02-12,2,523,5028.6,823.3,124.4,29.8
971,2024-02-26,2,523,3984.7,393.9,106.6,20.4
972,2024-03-11,2,523,4020.0,601.3,124.8,19.0
973,2024-03-25,2,523,3028.8,636.8,116.6,18.3
974,2024-04-08,2,523,2669.4,227.3,110.6,11.5
975,2024-04-22,2,523,2430.1,349.2,131.0,13.7
976,2024-05-06,2,523,2421.9,376.0,117.0,14.6
977,2024-05-20,2,523,4667.1,508.2,95.0,27.6
978,2024-06-03,2,523,3582.3,436.8,105.9,19.2
979,2024-06-17,2,523,2626.9,407.1,115.3,15.0
980,2024-07-01,2,523,5067.8,343.2,100.3,23.4
981,2024-07-15,2,523,3201.5,451.2,106.4,17.4
982,2024-07-29,2,523,5137.0,429.1,140.7,25.4
983,2024-08-12,2,523,5382.7,942.7,121.4,32.4
984,2024-08-26,2,523,3085.0,461.3,129.0,12.8
985,2024-09-09,2,523,11244.4,1695.3,300.8,52.1
986,2024-09-23,2,523,5526.6,1340.7,219.6,25.3
987,2024-10-07,2,523,9818.9,764.4,214.2,51.8
988,2024-10-21,2,523,11109.9,1022.4,267.3,60.5
989,2024-11-04,2,523,9542.7,2334.1,227.0,46.9
990,2024-11-18,2,523,6531.5,1163.1,223.9,36.6
991,2024-12-02,2,523,4816.7,579.2,119.5,27.6
992,2024-12-16,2,523,2426.0,237.0,118.4,13.8
993,2024-12-30,2,523,3159.5,571.1,104.8,14.2
994,2025-01-13,2,523,2464.2,559.7,100.2,11.2
995,2025-01-27,2,523,4704.2,563.7,135.4,24.5
996,2025-02-10,2,523,4565.7,820.1,94.6,23.6
997,2025-02-24,2,523,4226.3,454.4,114.2,23.1
998,2025-03-10,2,523,5094.8,670.3,113.1,22.5
999,2025-03-24,2,523,4221.3,993.3,131.2,18.0
1000,2025-04-07,2,523,4289.5,310.2,117.4,20.0
