b2b_id,customer_name,customer_type,order_date,sku_id,quantity_kg,unit_price,amount
10000,昂歌信息特产行,特产店,2025-05-30,384,129.9,18.77,2438.22
10001,飞海科技火锅,火锅餐饮,2025-10-06,1035,64.3,2.95,189.68
10002,南康特产行,特产店,2024-03-09,1550,310.8,54.59,16966.57
10003,艾提科信火锅,火锅餐饮,2024-09-25,317,464.0,21.69,10064.16
10004,九方火锅,火锅餐饮,2024-04-17,1021,555.1,2.97,1648.65
10005,南康特产行,特产店,2024-11-21,1172,456.0,2.41,1098.96
10006,九方火锅,火锅餐饮,2025-02-04,1122,121.6,2.4,291.84
10007,华泰通安特产行,特产店,2024-03-30,1155,225.8,2.62,591.6
10008,联软火锅,火锅餐饮,2025-08-29,256,337.7,18.99,6412.92
10009,MBP软件特产行,特产店,2025-07-12,531,800.0,7.64,6112.0
10010,九方火锅,火锅餐饮,2025-02-18,952,199.4,2.36,470.58
10011,华泰通安特产行,特产店,2024-09-28,205,87.1,18.47,1608.74
10012,通际名联火锅,火锅餐饮,2025-10-28,600,212.1,7.99,1694.68
10013,华泰通安特产行,特产店,2025-05-25,1186,221.5,2.35,520.52
10014,联软火锅,火锅餐饮,2024-01-29,1183,194.5,3.04,591.28
10015,快讯生活超市,商超,2025-11-11,809,170.0,5.77,980.9
10016,九方火锅,火锅餐饮,2024-04-19,1171,345.2,3.02,1042.5
10017,MBP软件特产行,特产店,2025-09-12,903,517.4,7.77,4020.2
10018,九方火锅,火锅餐饮,2025-11-04,1121,315.2,2.69,847.89
10019,易动力生活超市,商超,2024-12-10,943,398.8,2.76,1100.69
10020,MBP软件特产行,特产店,2025-02-17,208,356.6,16.75,5973.05
10021,海创火锅,火锅餐饮,2025-12-01,198,285.2,21.21,6049.09
10022,华泰通安特产行,特产店,2025-03-15,777,89.1,7.86,700.33
10023,诺依曼软件食品,食品加工,2025-04-02,1024,72.0,2.24,161.28
10024,昂歌信息特产行,特产店,2025-08-13,1167,175.2,2.57,450.26
10025,新格林耐特火锅,火锅餐饮,2025-11-02,845,156.6,6.02,942.73
10026,通际名联火锅,火锅餐饮,2024-11-16,966,223.2,2.51,560.23
10027,九方火锅,火锅餐饮,2024-11-11,1225,265.0,2.57,681.05
10028,九方火锅,火锅餐饮,2024-03-22,968,201.7,3.14,633.34
10029,九方火锅,火锅餐饮,2024-07-07,1098,134.0,2.83,379.22
10030,MBP软件特产行,特产店,2024-10-29,600,312.3,7.55,2357.87
10031,九方火锅,火锅餐饮,2025-05-26,202,371.4,18.19,6755.77
10032,思优生活超市,商超,2025-02-12,1151,478.1,2.43,1161.78
10033,快讯生活超市,商超,2024-08-14,1221,85.1,3.12,265.51
10034,易动力生活超市,商超,2025-01-16,943,120.3,2.89,347.67
10035,快讯生活超市,商超,2025-04-15,1163,64.3,2.55,163.96
10036,快讯生活超市,商超,2025-11-16,1098,352.3,2.54,894.84
10037,雨林木风计算机生活超市,商超,2024-08-13,198,85.1,19.81,1685.83
10038,方正科技生活超市,商超,2024-06-14,1518,138.1,40.14,5543.33
10039,华泰通安特产行,特产店,2024-04-18,1209,159.1,2.42,385.02
10040,九方火锅,火锅餐饮,2024-12-22,805,123.1,6.66,819.85
10041,易动力生活超市,商超,2024-03-09,1218,400.3,3.1,1240.93
10042,快讯生活超市,商超,2024-04-17,968,480.0,2.2,1056.0
10043,通际名联火锅,火锅餐饮,2024-03-31,613,267.0,7.65,2042.55
10044,通际名联火锅,火锅餐饮,2024-09-13,103,186.3,21.17,3943.97
10045,MBP软件特产行,特产店,2024-06-30,1098,685.4,3.02,2069.91
10046,九方火锅,火锅餐饮,2025-11-19,275,303.5,20.21,6133.74
10047,九方火锅,火锅餐饮,2025-08-03,1206,179.9,2.69,483.93
10048,易动力生活超市,商超,2025-07-17,1045,196.6,2.72,534.75
10049,九方火锅,火锅餐饮,2024-06-15,852,453.5,7.47,3387.64
10050,通际名联火锅,火锅餐饮,2025-12-16,1191,101.2,2.89,292.47
10051,方正科技生活超市,商超,2024-11-11,1006,504.9,2.36,1191.56
10052,雨林木风计算机生活超市,商超,2025-12-01,1441,226.1,8.35,1887.94
10053,佳禾特产行,特产店,2025-01-09,1195,542.2,2.57,1393.45
10054,通际名联火锅,火锅餐饮,2025-08-02,973,106.3,2.68,284.88
10055,超艺特产行,特产店,2024-11-23,967,76.1,2.59,197.1
10056,MBP软件特产行,特产店,2024-11-16,1043,202.2,2.3,465.06
10057,昂歌信息特产行,特产店,2024-05-03,730,314.4,6.17,1939.85
10058,快讯生活超市,商超,2024-06-24,1501,854.6,31.89,27253.19
10059,九方火锅,火锅餐饮,2024-03-21,993,136.4,2.33,317.81
10060,MBP软件特产行,特产店,2025-12-22,1190,126.5,2.36,298.54
10061,思优火锅,火锅餐饮,2025-02-11,839,63.3,6.09,385.5
10062,MBP软件特产行,特产店,2024-09-17,780,217.0,5.85,1269.45
10063,昂歌信息特产行,特产店,2024-12-02,958,151.8,2.29,347.62
10064,易动力生活超市,商超,2025-11-16,1196,267.8,2.66,712.35
10065,通际名联火锅,火锅餐饮,2024-05-06,1188,312.4,2.74,855.98
10066,九方火锅,火锅餐饮,2024-07-09,1014,171.3,2.51,429.96
10067,新格林耐特火锅,火锅餐饮,2024-02-25,1072,701.3,2.91,2040.78
10068,艾提科信火锅,火锅餐饮,2025-02-24,1107,203.2,3.1,629.92
10069,新格林耐特火锅,火锅餐饮,2025-06-19,144,234.1,18.05,4225.5
10070,九方火锅,火锅餐饮,2025-07-15,1019,146.2,2.38,347.96
10071,九方火锅,火锅餐饮,2025-06-07,951,712.0,2.87,2043.44
10072,飞海科技火锅,火锅餐饮,2025-10-21,1584,422.7,28.49,12042.72
10073,快讯生活超市,商超,2025-08-24,1205,175.8,3.15,553.77
10074,MBP软件特产行,特产店,2024-02-02,984,135.3,2.67,361.25
10075,易动力生活超市,商超,2024-09-29,1054,511.3,3.07,1569.69
10076,新格林耐特火锅,火锅餐饮,2025-04-21,1355,264.1,7.01,1851.34
10077,联软火锅,火锅餐饮,2024-08-27,800,126.0,6.54,824.04
10078,九方火锅,火锅餐饮,2025-11-23,1365,129.2,11.47,1481.92
10079,佳禾特产行,特产店,2024-11-26,351,114.8,19.1,2192.68
10080,创汇生活超市,商超,2024-07-18,748,259.5,7.74,2008.53
10081,联软火锅,火锅餐饮,2025-01-12,1201,130.8,2.79,364.93
10082,易动力生活超市,商超,2025-04-07,845,489.3,5.98,2926.01
10083,海创火锅,火锅餐饮,2024-10-07,1184,847.9,3.11,2636.97
10084,九方火锅,火锅餐饮,2024-12-22,1344,193.0,9.86,1902.98
10085,思优生活超市,商超,2024-11-26,848,415.8,5.94,2469.85
10086,昂歌信息特产行,特产店,2024-07-16,957,123.7,2.5,309.25
10087,通际名联火锅,火锅餐饮,2025-10-30,1140,188.5,2.68,505.18
10088,MBP软件特产行,特产店,2024-08-06,966,287.3,2.21,634.93
10089,艾提科信火锅,火锅餐饮,2025-09-20,835,137.8,6.86,945.31
10090,九方火锅,火锅餐饮,2024-03-25,946,542.2,2.7,1463.94
10091,华泰通安特产行,特产店,2024-04-22,1950,493.5,48.13,23752.16
10092,九方火锅,火锅餐饮,2024-03-13,127,144.5,18.87,2726.72
10093,通际名联火锅,火锅餐饮,2025-06-27,632,263.4,7.19,1893.85
10094,易动力生活超市,商超,2024-05-03,1212,401.8,2.25,904.05
10095,MBP软件特产行,特产店,2025-07-24,1235,585.4,6.71,3928.03
10096,联软火锅,火锅餐饮,2024-06-19,480,199.3,20.46,4077.68
10097,九方火锅,火锅餐饮,2024-08-13,952,107.2,2.55,273.36
10098,华泰通安特产行,特产店,2025-03-07,521,90.7,5.85,530.6
10099,思优生活超市,商超,2024-05-01,1025,390.2,2.23,870.15
10100,MBP软件特产行,特产店,2024-06-08,1184,123.9,2.45,303.56
10101,思优生活超市,商超,2025-07-14,621,300.8,6.94,2087.55
10102,通际名联火锅,火锅餐饮,2024-05-09,129,172.2,18.52,3189.14
10103,易动力生活超市,商超,2025-05-20,374,712.3,21.15,15065.14
10104,九方火锅,火锅餐饮,2024-11-26,512,334.1,7.0,2338.7
10105,昂歌信息特产行,特产店,2025-03-21,200,359.2,19.07,6849.94
10106,诺依曼软件食品,食品加工,2024-10-27,704,239.1,7.27,1738.26
10107,易动力生活超市,商超,2025-01-06,262,67.7,17.22,1165.79
10108,九方火锅,火锅餐饮,2024-08-14,464,339.4,21.46,7283.52
10109,思优生活超市,商超,2024-10-20,1144,477.5,2.9,1384.75
10110,MBP软件特产行,特产店,2024-05-10,993,304.0,2.62,796.48
10111,易动力生活超市,商超,2025-06-15,270,230.1,17.62,4054.36
10112,快讯生活超市,商超,2025-06-13,82,229.5,18.89,4335.26
10113,MBP软件特产行,特产店,2024-06-08,1117,117.9,2.38,280.6
10114,华泰通安特产行,特产店,2025-06-09,1047,120.7,2.41,290.89
10115,九方火锅,火锅餐饮,2025-07-20,687,150.5,6.05,910.52
10116,九方食品,食品加工,2024-03-08,986,426.9,2.76,1178.24
10117,思优生活超市,商超,2024-11-03,72,148.4,20.44,3033.3
10118,九方火锅,火锅餐饮,2025-07-04,1081,320.3,2.64,845.59
10119,通际名联火锅,火锅餐饮,2024-10-06,41,272.0,16.42,4466.24
10120,诺依曼软件食品,食品加工,2025-07-25,960,120.1,2.96,355.5
10121,雨林木风计算机生活超市,商超,2025-11-28,910,428.8,6.32,2710.02
10122,九方火锅,火锅餐饮,2024-07-07,968,454.5,2.84,1290.78
10123,诺依曼软件食品,食品加工,2024-11-23,322,203.4,21.9,4454.46
10124,九方食品,食品加工,2025-12-28,1158,273.6,2.61,714.1
10125,雨林木风计算机生活超市,商超,2025-05-16,664,112.9,6.13,692.08
10126,九方火锅,火锅餐饮,2024-02-03,1202,472.3,3.2,1511.36
10127,佳禾特产行,特产店,2025-03-24,667,801.6,6.83,5474.93
10128,新格林耐特火锅,火锅餐饮,2025-08-03,380,331.0,20.42,6759.02
10129,MBP软件特产行,特产店,2025-12-14,1124,309.2,2.28,704.98
10130,佳禾特产行,特产店,2025-02-28,1098,215.0,2.75,591.25
10131,方正科技生活超市,商超,2025-07-16,1413,351.4,11.07,3890.0
10132,九方火锅,火锅餐饮,2025-11-08,426,221.4,20.37,4509.92
10133,九方火锅,火锅餐饮,2025-09-27,1295,206.0,10.34,2130.04
10134,思优生活超市,商超,2024-02-19,1080,591.7,2.31,1366.83
10135,昂歌信息特产行,特产店,2025-07-06,55,355.8,21.04,7486.03
10136,诺依曼软件食品,食品加工,2024-04-01,1176,166.2,2.95,490.29
10137,快讯生活超市,商超,2024-04-20,917,625.5,6.55,4097.02
10138,九方火锅,火锅餐饮,2024-10-29,1312,332.8,9.31,3098.37
10139,艾提科信火锅,火锅餐饮,2025-10-18,608,550.2,5.74,3158.15
10140,九方火锅,火锅餐饮,2024-09-24,58,343.9,19.15,6585.68
10141,九方火锅,火锅餐饮,2025-02-19,436,103.0,17.8,1833.4
10142,九方火锅,火锅餐饮,2025-04-01,973,495.5,2.71,1342.8
10143,九方火锅,火锅餐饮,2025-07-25,245,200.9,20.65,4148.58
10144,九方食品,食品加工,2024-05-03,368,79.0,17.13,1353.27
10145,华泰通安特产行,特产店,2025-04-20,1119,708.6,2.27,1608.52
10146,MBP软件特产行,特产店,2024-08-23,78,694.3,20.73,14392.84
10147,快讯生活超市,商超,2024-06-10,1112,412.7,2.58,1064.77
10148,思优火锅,火锅餐饮,2025-07-25,878,170.2,7.61,1295.22
10149,超艺特产行,特产店,2025-12-08,453,503.6,21.19,10671.28
10150,九方火锅,火锅餐饮,2024-01-05,1013,421.9,2.88,1215.07
10151,MBP软件特产行,特产店,2024-10-07,1009,355.9,2.22,790.1
10152,华泰通安特产行,特产店,2025-03-28,974,145.8,2.42,352.84
10153,九方火锅,火锅餐饮,2024-10-29,303,147.0,16.35,2403.45
10154,MBP软件特产行,特产店,2024-06-14,1094,453.2,2.41,1092.21
10155,MBP软件特产行,特产店,2024-05-24,1089,876.7,2.95,2586.27
10156,九方火锅,火锅餐饮,2025-12-08,993,206.9,3.07,635.18
10157,快讯生活超市,商超,2025-02-05,308,241.6,20.53,4960.05
10158,九方火锅,火锅餐饮,2025-06-11,1121,584.9,2.76,1614.32
10159,快讯生活超市,商超,2025-07-19,40,666.6,19.79,13192.01
10160,MBP软件特产行,特产店,2025-04-12,768,490.0,6.92,3390.8
10161,诺依曼软件食品,食品加工,2024-07-08,1009,214.2,2.56,548.35
10162,昂歌信息特产行,特产店,2024-01-18,404,356.4,19.47,6939.11
10163,飞海科技火锅,火锅餐饮,2025-06-07,84,205.1,17.85,3661.04
10164,快讯生活超市,商超,2024-04-28,946,137.2,2.96,406.11
10165,MBP软件特产行,特产店,2024-01-20,1016,262.4,2.79,732.1
10166,九方火锅,火锅餐饮,2025-07-28,947,229.2,2.92,669.26
10167,快讯生活超市,商超,2025-09-20,723,105.3,6.83,719.2
10168,雨林木风计算机生活超市,商超,2025-01-06,1247,92.4,8.86,818.66
10169,创汇生活超市,商超,2025-04-05,97,388.8,20.36,7915.97
10170,联软火锅,火锅餐饮,2025-12-09,608,46.8,6.98,326.66
10171,九方火锅,火锅餐饮,2024-05-04,1002,352.0,2.72,957.44
10172,九方火锅,火锅餐饮,2025-10-30,961,242.5,2.68,649.9
10173,太极特产行,特产店,2024-12-21,819,340.4,5.65,1923.26
10174,九方火锅,火锅餐饮,2024-03-07,1077,617.9,2.47,1526.21
10175,快讯生活超市,商超,2025-11-06,666,103.4,5.52,570.77
10176,MBP软件特产行,特产店,2025-08-25,1384,296.6,6.23,1847.82
10177,通际名联火锅,火锅餐饮,2024-08-16,1947,101.2,42.12,4262.54
10178,MBP软件特产行,特产店,2025-10-06,538,78.5,6.29,493.76
10179,通际名联火锅,火锅餐饮,2024-07-21,128,253.1,16.77,4244.49
10180,通际名联火锅,火锅餐饮,2025-12-31,988,315.6,2.62,826.87
10181,超艺特产行,特产店,2025-01-15,960,413.6,2.44,1009.18
10182,思优生活超市,商超,2025-08-22,1396,107.9,8.61,929.02
10183,快讯生活超市,商超,2025-05-05,803,359.5,7.73,2778.94
10184,九方火锅,火锅餐饮,2024-12-26,1060,376.0,2.26,849.76
10185,海创特产行,特产店,2025-05-12,484,228.2,20.44,4664.41
10186,九方火锅,火锅餐饮,2025-01-20,840,182.5,7.54,1376.05
10187,九方食品,食品加工,2024-01-18,374,278.7,16.58,4620.85
10188,华泰通安特产行,特产店,2025-11-22,950,384.8,2.28,877.34
10189,昂歌信息特产行,特产店,2025-07-16,798,179.5,7.94,1425.23
10190,快讯生活超市,商超,2024-04-21,943,242.5,3.0,727.5
10191,MBP软件特产行,特产店,2025-10-21,1030,580.4,2.62,1520.65
10192,佳禾特产行,特产店,2024-01-15,1083,184.8,2.21,408.41
10193,MBP软件特产行,特产店,2024-04-16,1058,306.6,3.09,947.39
10194,九方火锅,火锅餐饮,2025-10-17,415,109.4,18.62,2037.03
10195,昂歌信息特产行,特产店,2024-04-29,913,203.7,6.71,1366.83
10196,MBP软件特产行,特产店,2024-11-20,1001,219.1,2.83,620.05
10197,九方火锅,火锅餐饮,2025-06-09,1045,233.0,3.09,719.97
10198,诺依曼软件食品,食品加工,2024-06-08,455,146.9,16.43,2413.57
10199,华泰通安特产行,特产店,2024-06-21,311,192.0,20.99,4030.08
10200,MBP软件特产行,特产店,2024-11-29,37,252.4,19.64,4957.14
10201,诺依曼软件食品,食品加工,2024-09-21,1173,441.4,2.27,1001.98
10202,九方火锅,火锅餐饮,2024-09-10,1212,64.3,2.85,183.26
10203,通际名联火锅,火锅餐饮,2024-09-22,1102,387.4,2.62,1014.99
10204,诺依曼软件食品,食品加工,2025-05-17,1009,83.8,2.9,243.02
10205,快讯生活超市,商超,2025-09-13,140,176.3,19.5,3437.85
10206,易动力生活超市,商超,2025-07-09,888,142.4,5.56,791.74
10207,九方火锅,火锅餐饮,2024-10-11,1170,229.8,3.2,735.36
10208,佳禾特产行,特产店,2025-03-22,987,677.1,2.83,1916.19
10209,九方火锅,火锅餐饮,2025-11-15,1177,471.9,2.82,1330.76
10210,诺依曼软件食品,食品加工,2024-04-02,48,216.4,19.44,4206.82
10211,九方火锅,火锅餐饮,2024-12-17,992,188.0,3.11,584.68
10212,易动力生活超市,商超,2024-10-26,1172,555.7,2.43,1350.35
10213,快讯生活超市,商超,2025-08-12,10,119.2,19.46,2319.63
10214,MBP软件特产行,特产店,2025-01-02,962,385.7,3.19,1230.38
10215,艾提科信火锅,火锅餐饮,2024-11-08,29,563.2,21.33,12013.06
10216,诺依曼软件食品,食品加工,2024-03-20,1160,123.7,2.85,352.54
10217,思优生活超市,商超,2025-12-11,367,291.2,17.35,5052.32
10218,华泰通安特产行,特产店,2025-01-18,977,413.4,2.51,1037.63
10219,九方火锅,火锅餐饮,2025-12-11,642,84.3,5.53,466.18
10220,联软火锅,火锅餐饮,2025-01-25,813,864.7,7.61,6580.37
10221,华泰通安特产行,特产店,2024-11-18,1034,411.0,2.5,1027.5
10222,超艺特产行,特产店,2025-08-26,1962,101.2,28.84,2918.61
10223,快讯生活超市,商超,2025-11-20,1437,225.0,8.63,1941.75
10224,新格林耐特火锅,火锅餐饮,2025-10-25,981,207.5,3.15,653.62
10225,九方火锅,火锅餐饮,2024-09-23,977,386.6,3.06,1183.0
10226,华泰通安特产行,特产店,2025-01-31,166,159.2,17.19,2736.65
10227,九方火锅,火锅餐饮,2024-12-08,1551,155.2,50.36,7815.87
10228,华泰通安特产行,特产店,2024-01-05,72,603.4,21.22,12804.15
10229,快讯生活超市,商超,2025-07-19,1083,169.6,2.33,395.17
10230,诺依曼软件食品,食品加工,2025-12-11,157,223.7,21.92,4903.5
10231,MBP软件特产行,特产店,2025-08-21,209,218.2,16.11,3515.2
10232,思优生活超市,商超,2024-05-11,1151,203.0,2.42,491.26
10233,太极特产行,特产店,2024-10-12,153,316.2,18.94,5988.83
10234,九方火锅,火锅餐饮,2025-07-14,235,111.1,18.39,2043.13
10235,思优生活超市,商超,2024-07-16,181,104.6,16.99,1777.15
10236,快讯生活超市,商超,2025-12-05,1014,671.3,2.93,1966.91
10237,九方火锅,火锅餐饮,2025-10-05,1178,181.6,2.87,521.19
10238,快讯生活超市,商超,2025-10-14,1188,1013.0,3.1,3140.3
10239,MBP软件特产行,特产店,2024-05-20,1051,348.2,2.37,825.23
10240,九方火锅,火锅餐饮,2024-09-08,20,573.8,18.45,10586.61
10241,联软火锅,火锅餐饮,2025-02-20,74,296.8,17.27,5125.74
10242,MBP软件特产行,特产店,2024-10-28,1054,718.4,2.4,1724.16
10243,九方火锅,火锅餐饮,2025-01-04,1103,524.4,3.02,1583.69
10244,华泰通安特产行,特产店,2025-10-21,411,225.8,17.14,3870.21
10245,通际名联火锅,火锅餐饮,2025-11-01,825,279.0,5.91,1648.89
10246,超艺特产行,特产店,2025-04-11,1145,309.4,2.24,693.06
10247,华泰通安特产行,特产店,2024-12-16,986,384.8,2.7,1038.96
10248,九方火锅,火锅餐饮,2024-05-09,682,230.8,7.91,1825.63
10249,昂歌信息特产行,特产店,2025-02-20,1169,93.0,3.04,282.72
10250,易动力生活超市,商超,2025-07-31,642,138.6,6.33,877.34
10251,MBP软件特产行,特产店,2025-09-14,1205,118.6,2.79,330.89
10252,九方火锅,火锅餐饮,2025-08-30,107,289.3,21.41,6193.91
10253,快讯生活超市,商超,2024-10-04,1209,212.9,2.5,532.25
10254,快讯生活超市,商超,2024-11-25,1186,471.5,2.86,1348.49
10255,MBP软件特产行,特产店,2025-01-26,506,228.6,7.96,1819.66
10256,九方火锅,火锅餐饮,2025-09-16,1461,434.5,32.05,13925.72
10257,MBP软件特产行,特产店,2025-11-05,118,380.6,21.4,8144.84
10258,佳禾特产行,特产店,2024-10-07,772,177.9,7.57,1346.7
10259,诺依曼软件食品,食品加工,2024-01-07,1016,155.4,2.98,463.09
10260,MBP软件特产行,特产店,2025-07-29,1082,807.6,3.01,2430.88
10261,九方火锅,火锅餐饮,2025-04-06,900,124.4,7.47,929.27
10262,通际名联火锅,火锅餐饮,2025-05-17,974,335.7,3.06,1027.24
10263,通际名联火锅,火锅餐饮,2024-04-19,1114,98.0,2.21,216.58
10264,诺依曼软件食品,食品加工,2025-03-15,1210,127.1,2.65,336.82
10265,九方火锅,火锅餐饮,2025-11-12,1166,118.6,2.77,328.52
10266,九方火锅,火锅餐饮,2025-07-12,605,202.6,6.67,1351.34
10267,九方火锅,火锅餐饮,2025-04-10,1105,198.7,2.92,580.2
10268,MBP软件特产行,特产店,2025-11-05,297,70.3,20.49,1440.45
10269,华泰通安特产行,特产店,2024-06-10,495,83.0,17.98,1492.34
10270,创汇生活超市,商超,2024-05-03,1070,161.9,2.29,370.75
10271,快讯生活超市,商超,2024-02-09,1092,425.6,2.21,940.58
10272,九方火锅,火锅餐饮,2024-04-09,1028,148.1,2.42,358.4
10273,诺依曼软件食品,食品加工,2024-09-21,1194,139.6,2.92,407.63
10274,诺依曼软件食品,食品加工,2025-11-17,1136,384.6,2.7,1038.42
10275,九方火锅,火锅餐饮,2024-09-18,1088,397.7,2.4,954.48
10276,方正科技生活超市,商超,2025-11-27,1205,346.0,2.97,1027.62
10277,九方火锅,火锅餐饮,2025-11-02,406,115.7,20.81,2407.72
10278,MBP软件特产行,特产店,2025-10-28,99,203.9,20.39,4157.52
10279,佳禾特产行,特产店,2025-12-08,1503,518.4,54.89,28454.98
10280,MBP软件特产行,特产店,2025-03-30,1218,245.9,2.99,735.24
10281,九方火锅,火锅餐饮,2025-03-19,1423,937.6,8.81,8260.26
10282,通际名联火锅,火锅餐饮,2025-03-10,402,293.3,21.82,6399.81
10283,超艺特产行,特产店,2024-12-04,1080,127.8,2.44,311.83
10284,九方火锅,火锅餐饮,2024-03-03,986,152.9,2.77,423.53
10285,MBP软件特产行,特产店,2025-09-05,1038,852.4,2.35,2003.14
10286,九方火锅,火锅餐饮,2025-11-06,212,313.1,16.37,5125.45
10287,九方火锅,火锅餐饮,2025-09-04,573,174.1,5.83,1015.0
10288,思优生活超市,商超,2025-01-22,1357,158.6,7.88,1249.77
10289,新格林耐特火锅,火锅餐饮,2025-01-31,350,287.2,18.45,5298.84
10290,方正科技生活超市,商超,2024-02-22,285,299.9,21.41,6420.86
10291,艾提科信火锅,火锅餐饮,2025-08-27,1008,516.3,2.31,1192.65
10292,昂歌信息特产行,特产店,2024-07-20,1155,122.4,2.72,332.93
10293,华泰通安特产行,特产店,2024-11-21,1082,203.5,2.49,506.72
10294,九方火锅,火锅餐饮,2024-11-17,559,79.9,7.06,564.09
10295,快讯生活超市,商超,2025-10-15,973,403.5,2.5,1008.75
10296,快讯生活超市,商超,2024-12-09,264,346.0,17.0,5882.0
10297,雨林木风计算机生活超市,商超,2025-02-04,576,71.8,7.67,550.71
10298,诺依曼软件食品,食品加工,2025-04-16,442,119.2,20.17,2404.26
10299,快讯生活超市,商超,2025-01-17,1066,447.4,2.3,1029.02
10300,联软火锅,火锅餐饮,2024-04-17,1196,187.0,2.59,484.33
10301,联软火锅,火锅餐饮,2024-10-01,1366,301.3,6.77,2039.8
10302,华泰通安特产行,特产店,2025-04-12,981,144.5,2.76,398.82
10303,华泰通安特产行,特产店,2025-11-25,1144,133.8,2.39,319.78
10304,快讯生活超市,商超,2024-12-24,999,339.2,2.4,814.08
10305,九方火锅,火锅餐饮,2024-09-17,1085,105.5,2.38,251.09
10306,飞海科技火锅,火锅餐饮,2025-03-23,1977,326.2,45.88,14966.06
10307,诺依曼软件食品,食品加工,2024-02-16,1101,366.4,2.79,1022.26
10308,超艺特产行,特产店,2025-12-16,1129,220.0,2.62,576.4
10309,MBP软件特产行,特产店,2024-12-13,189,269.7,20.83,5617.85
10310,九方火锅,火锅餐饮,2025-02-02,1100,929.4,3.2,2974.08
10311,九方火锅,火锅餐饮,2024-05-07,1046,175.4,3.13,549.0
10312,九方火锅,火锅餐饮,2024-04-04,347,346.4,19.77,6848.33
10313,易动力生活超市,商超,2025-12-01,1160,305.1,2.92,890.89
10314,艾提科信火锅,火锅餐饮,2025-06-24,1098,174.1,2.98,518.82
10315,MBP软件特产行,特产店,2025-03-27,472,807.9,16.0,12926.4
10316,思优生活超市,商超,2024-01-08,720,160.3,7.96,1275.99
10317,昂歌信息特产行,特产店,2024-04-22,1208,508.3,2.27,1153.84
10318,九方火锅,火锅餐饮,2024-08-02,521,78.9,7.93,625.68
10319,MBP软件特产行,特产店,2025-09-07,1068,151.8,2.62,397.72
10320,海创火锅,火锅餐饮,2024-02-02,250,262.0,19.18,5025.16
10321,MBP软件特产行,特产店,2025-12-06,157,279.1,17.87,4987.52
10322,诺依曼软件食品,食品加工,2024-02-12,365,216.0,21.52,4648.32
10323,华泰通安特产行,特产店,2025-02-17,246,373.3,16.93,6319.97
10324,九方火锅,火锅餐饮,2024-09-09,1063,147.7,2.58,381.07
10325,通际名联火锅,火锅餐饮,2024-04-28,944,87.5,2.75,240.62
10326,九方火锅,火锅餐饮,2025-05-31,1147,302.5,2.7,816.75
10327,通际名联火锅,火锅餐饮,2025-09-13,331,162.4,19.73,3204.15
10328,易动力生活超市,商超,2024-08-29,740,69.4,6.9,478.86
10329,九方火锅,火锅餐饮,2025-09-01,1143,127.6,3.19,407.04
10330,快讯生活超市,商超,2024-07-26,1146,346.5,2.55,883.58
10331,思优生活超市,商超,2024-11-26,1180,290.1,2.32,673.03
10332,MBP软件特产行,特产店,2024-12-08,243,429.4,19.69,8454.89
10333,MBP软件特产行,特产店,2025-11-27,1130,122.6,2.71,332.25
10334,快讯生活超市,商超,2024-12-31,162,123.2,21.14,2604.45
10335,快讯生活超市,商超,2024-08-18,1153,481.1,3.15,1515.46
10336,九方食品,食品加工,2024-10-25,1121,386.6,3.03,1171.4
10337,九方食品,食品加工,2025-12-12,995,135.3,2.69,363.96
10338,方正科技生活超市,商超,2025-06-16,958,76.5,2.26,172.89
10339,快讯生活超市,商超,2024-06-12,542,195.0,7.0,1365.0
10340,太极特产行,特产店,2024-12-08,1159,330.8,2.77,916.32
10341,思优生活超市,商超,2024-02-24,1211,296.5,2.81,833.16
10342,诺依曼软件食品,食品加工,2025-09-30,946,384.6,3.14,1207.64
10343,方正科技生活超市,商超,2024-08-27,1031,279.8,2.84,794.63
10344,九方火锅,火锅餐饮,2024-05-12,783,391.1,6.8,2659.48
10345,海创火锅,火锅餐饮,2025-04-17,1081,231.5,2.63,608.84
10346,诺依曼软件食品,食品加工,2025-12-11,1087,396.4,2.78,1101.99
10347,易动力生活超市,商超,2024-08-09,1099,544.6,2.6,1415.96
10348,诺依曼软件食品,食品加工,2025-12-31,1039,239.7,2.28,546.52
10349,快讯生活超市,商超,2024-06-18,433,665.6,16.02,10662.91
10350,太极特产行,特产店,2025-02-24,818,154.2,7.45,1148.79
10351,思优火锅,火锅餐饮,2024-05-10,1192,64.3,2.53,162.68
10352,通际名联火锅,火锅餐饮,2025-11-21,609,159.1,6.1,970.51
10353,MBP软件特产行,特产店,2024-04-14,988,313.7,2.55,799.94
10354,九方火锅,火锅餐饮,2025-05-19,941,206.9,2.22,459.32
10355,九方火锅,火锅餐饮,2024-06-24,1155,323.3,2.9,937.57
10356,九方火锅,火锅餐饮,2025-12-14,903,237.5,5.54,1315.75
10357,飞海科技火锅,火锅餐饮,2025-04-23,173,121.1,19.16,2320.28
10358,飞海科技火锅,火锅餐饮,2025-10-05,961,176.4,2.86,504.5
10359,快讯生活超市,商超,2025-02-26,441,152.8,19.29,2947.51
10360,诺依曼软件食品,食品加工,2025-04-15,1123,331.7,2.56,849.15
10361,易动力生活超市,商超,2025-12-04,1147,196.0,2.72,533.12
10362,九方火锅,火锅餐饮,2025-03-23,970,151.1,2.84,429.12
10363,新格林耐特火锅,火锅餐饮,2025-10-09,982,175.6,2.4,421.44
10364,诺依曼软件食品,食品加工,2024-11-30,1040,334.2,2.73,912.37
10365,昂歌信息特产行,特产店,2025-04-24,1078,280.2,2.32,650.06
10366,九方火锅,火锅餐饮,2025-11-17,1054,546.1,3.05,1665.6
10367,思优生活超市,商超,2025-05-09,1353,547.4,11.13,6092.56
10368,诺依曼软件食品,食品加工,2025-08-22,982,224.0,2.32,519.68
10369,MBP软件特产行,特产店,2025-12-01,1061,479.8,3.13,1501.77
10370,九方火锅,火锅餐饮,2025-08-26,90,289.3,21.26,6150.52
10371,快讯生活超市,商超,2025-05-12,1224,518.2,2.99,1549.42
10372,MBP软件特产行,特产店,2024-05-11,1203,401.3,2.34,939.04
10373,华泰通安特产行,特产店,2024-03-29,945,214.4,2.45,525.28
10374,太极特产行,特产店,2025-12-22,395,319.1,19.27,6149.06
10375,快讯生活超市,商超,2024-07-30,1199,143.6,2.31,331.72
10376,联软火锅,火锅餐饮,2024-10-14,1071,201.3,2.48,499.22
10377,九方火锅,火锅餐饮,2024-11-20,1152,229.8,2.61,599.78
10378,快讯生活超市,商超,2024-09-30,1036,102.7,2.58,264.97
10379,MBP软件特产行,特产店,2024-07-18,384,983.7,20.14,19811.72
10380,九方火锅,火锅餐饮,2025-12-16,291,212.8,18.93,4028.3
10381,华泰通安特产行,特产店,2024-09-01,1137,296.3,2.59,767.42
10382,诺依曼软件食品,食品加工,2024-07-30,1222,238.4,2.77,660.37
10383,艾提科信火锅,火锅餐饮,2024-06-30,1184,249.3,2.67,665.63
10384,MBP软件特产行,特产店,2024-03-10,1089,295.9,2.58,763.42
10385,华泰通安特产行,特产店,2025-03-02,1293,193.0,9.09,1754.37
10386,雨林木风计算机生活超市,商超,2024-09-05,1055,367.5,2.49,915.08
10387,快讯生活超市,商超,2024-05-31,1094,204.1,2.32,473.51
10388,MBP软件特产行,特产店,2024-04-28,1264,198.5,6.2,1230.7
10389,雨林木风计算机生活超市,商超,2025-11-13,1095,255.8,2.89,739.26
10390,快讯生活超市,商超,2025-10-19,345,1729.9,16.81,29079.62
10391,雨林木风计算机生活超市,商超,2024-01-19,947,177.1,2.7,478.17
10392,艾提科信火锅,火锅餐饮,2025-01-17,302,282.4,18.07,5102.97
10393,九方火锅,火锅餐饮,2025-01-22,1007,180.3,2.51,452.55
10394,华泰通安特产行,特产店,2024-05-19,1147,304.2,2.52,766.58
10395,通际名联火锅,火锅餐饮,2024-03-15,1054,64.3,2.86,183.9
10396,快讯生活超市,商超,2024-04-25,1064,350.7,2.71,950.4
10397,昂歌信息特产行,特产店,2024-11-11,1175,162.7,2.59,421.39
10398,超艺特产行,特产店,2025-01-10,1382,98.3,8.72,857.18
10399,华泰通安特产行,特产店,2024-02-14,1167,330.0,2.28,752.4
10400,方正科技生活超市,商超,2025-10-08,830,99.9,6.33,632.37
10401,易动力生活超市,商超,2024-06-25,1520,173.0,41.77,7226.21
10402,MBP软件特产行,特产店,2024-06-18,1335,640.6,9.17,5874.3
10403,太极特产行,特产店,2024-05-10,1097,176.7,2.69,475.32
10404,MBP软件特产行,特产店,2024-04-06,538,782.0,7.12,5567.84
10405,华泰通安特产行,特产店,2024-10-06,1153,268.6,2.59,695.67
10406,九方火锅,火锅餐饮,2024-06-23,479,110.9,17.7,1962.93
10407,九方火锅,火锅餐饮,2025-01-15,1532,426.3,40.34,17196.94
10408,联软火锅,火锅餐饮,2025-05-21,1338,337.5,9.02,3044.25
10409,昂歌信息特产行,特产店,2025-03-22,1270,374.3,8.07,3020.6
10410,九方食品,食品加工,2024-10-16,1084,983.6,2.38,2340.97
10411,通际名联火锅,火锅餐饮,2024-11-02,573,342.7,7.83,2683.34
10412,九方火锅,火锅餐饮,2025-02-28,1179,304.7,2.69,819.64
10413,MBP软件特产行,特产店,2024-09-02,976,336.6,2.78,935.75
10414,九方火锅,火锅餐饮,2024-11-21,1320,64.8,9.72,629.86
10415,南康特产行,特产店,2024-04-25,232,470.5,19.39,9123.0
10416,MBP软件特产行,特产店,2025-05-05,1013,439.1,2.66,1168.01
10417,易动力生活超市,商超,2024-07-27,879,283.8,6.16,1748.21
10418,九方火锅,火锅餐饮,2025-12-12,736,489.9,6.11,2993.29
10419,思优生活超市,商超,2025-07-27,1191,387.6,2.41,934.12
10420,九方火锅,火锅餐饮,2025-03-25,55,317.5,20.12,6388.1
10421,MBP软件特产行,特产店,2025-11-06,1019,89.0,2.33,207.37
10422,快讯生活超市,商超,2025-01-28,1223,127.6,3.18,405.77
10423,诺依曼软件食品,食品加工,2024-11-11,1035,414.0,2.78,1150.92
10424,九方火锅,火锅餐饮,2025-08-03,1048,441.2,2.75,1213.3
10425,九方火锅,火锅餐饮,2024-10-01,959,491.2,2.63,1291.86
10426,昂歌信息特产行,特产店,2025-03-04,1057,400.7,2.74,1097.92
10427,华泰通安特产行,特产店,2024-03-29,1171,172.6,2.91,502.27
10428,通际名联火锅,火锅餐饮,2025-09-23,1340,151.0,9.45,1426.95
10429,九方火锅,火锅餐饮,2025-11-30,1055,190.2,2.9,551.58
10430,MBP软件特产行,特产店,2024-06-24,1000,611.2,2.29,1399.65
10431,雨林木风计算机生活超市,商超,2024-02-20,1180,311.7,2.82,878.99
10432,雨林木风计算机生活超市,商超,2024-07-10,999,372.0,2.54,944.88
10433,诺依曼软件食品,食品加工,2024-06-07,69,200.7,20.37,4088.26
10434,快讯生活超市,商超,2024-08-27,972,401.1,2.28,914.51
10435,雨林木风计算机生活超市,商超,2024-07-07,1178,611.5,2.74,1675.51
10436,快讯生活超市,商超,2025-06-22,52,385.0,18.9,7276.5
10437,诺依曼软件食品,食品加工,2024-12-22,279,62.1,17.55,1089.86
10438,九方火锅,火锅餐饮,2024-03-18,1119,179.0,2.7,483.3
10439,超艺特产行,特产店,2025-11-22,1195,224.5,3.1,695.95
10440,九方火锅,火锅餐饮,2025-11-01,190,433.6,19.17,8312.11
10441,诺依曼软件食品,食品加工,2024-01-13,1221,98.8,2.4,237.12
10442,华泰通安特产行,特产店,2025-07-28,1083,390.2,2.3,897.46
10443,新格林耐特火锅,火锅餐饮,2025-03-04,1135,211.8,2.32,491.38
10444,思优生活超市,商超,2024-07-06,1002,109.6,2.23,244.41
10445,九方火锅,火锅餐饮,2025-03-08,1151,293.3,2.48,727.38
10446,快讯生活超市,商超,2024-08-13,1065,541.8,3.13,1695.83
10447,MBP软件特产行,特产店,2025-11-13,1040,125.6,2.5,314.0
10448,佳禾特产行,特产店,2025-12-03,1067,155.0,2.81,435.55
10449,方正科技生活超市,商超,2024-03-08,1254,251.0,9.24,2319.24
10450,九方火锅,火锅餐饮,2024-02-01,1016,273.8,2.93,802.23
10451,九方火锅,火锅餐饮,2024-07-01,272,190.1,16.42,3121.44
10452,南康特产行,特产店,2024-08-01,1129,558.3,2.25,1256.18
10453,九方火锅,火锅餐饮,2025-03-16,1173,172.8,2.34,404.35
10454,思优生活超市,商超,2025-07-07,1408,351.6,11.74,4127.78
10455,飞海科技火锅,火锅餐饮,2025-12-09,1039,150.9,2.86,431.57
10456,快讯生活超市,商超,2025-08-09,1158,165.9,3.12,517.61
10457,九方火锅,火锅餐饮,2025-08-20,1117,215.5,2.81,605.56
10458,快讯生活超市,商超,2024-01-05,664,219.1,7.02,1538.08
10459,九方火锅,火锅餐饮,2025-11-07,448,397.3,19.13,7600.35
10460,九方火锅,火锅餐饮,2024-08-05,1117,491.0,3.02,1482.82
10461,九方火锅,火锅餐饮,2024-01-13,1103,473.2,2.4,1135.68
10462,太极特产行,特产店,2025-09-22,71,1689.4,18.18,30713.29
10463,九方火锅,火锅餐饮,2025-11-15,1447,291.9,11.33,3307.23
10464,MBP软件特产行,特产店,2024-06-29,730,367.7,5.81,2136.34
10465,通际名联火锅,火锅餐饮,2025-12-19,492,140.1,20.21,2831.42
10466,MBP软件特产行,特产店,2025-09-15,1012,171.5,2.25,385.88
10467,南康特产行,特产店,2025-10-16,1211,241.6,2.85,688.56
10468,九方火锅,火锅餐饮,2025-05-28,1053,289.0,3.13,904.57
10469,通际名联火锅,火锅餐饮,2024-08-29,1162,213.8,2.37,506.71
10470,九方火锅,火锅餐饮,2025-08-11,1137,176.9,3.12,551.93
10471,MBP软件特产行,特产店,2025-03-15,1124,567.1,2.88,1633.25
10472,九方火锅,火锅餐饮,2025-01-07,1141,378.8,2.32,878.82
10473,易动力生活超市,商超,2025-09-30,1021,337.9,2.61,881.92
10474,九方火锅,火锅餐饮,2024-03-01,1104,146.4,2.82,412.85
10475,九方火锅,火锅餐饮,2024-08-17,19,306.8,19.63,6022.48
10476,华泰通安特产行,特产店,2024-03-07,1338,304.1,10.9,3314.69
10477,思优生活超市,商超,2024-06-30,1578,366.3,41.98,15377.27
10478,海创特产行,特产店,2025-02-18,993,246.3,2.68,660.08
10479,创汇生活超市,商超,2024-01-26,1033,231.1,3.15,727.96
10480,诺依曼软件食品,食品加工,2024-12-09,1131,377.8,3.15,1190.07
10481,诺依曼软件食品,食品加工,2025-03-24,1024,223.4,2.65,592.01
10482,艾提科信火锅,火锅餐饮,2024-06-18,1038,223.4,2.64,589.78
10483,太极特产行,特产店,2024-10-25,514,985.0,5.81,5722.85
10484,诺依曼软件食品,食品加工,2024-08-18,947,181.6,2.8,508.48
10485,通际名联火锅,火锅餐饮,2024-03-16,1120,107.4,2.38,255.61
10486,思优生活超市,商超,2025-05-02,1043,349.0,2.36,823.64
10487,MBP软件特产行,特产店,2024-11-15,222,119.6,17.1,2045.16
10488,九方火锅,火锅餐饮,2025-01-06,1013,146.6,3.18,466.19
10489,九方火锅,火锅餐饮,2024-11-07,829,137.6,7.65,1052.64
10490,MBP软件特产行,特产店,2025-10-11,1102,235.0,2.89,679.15
10491,诺依曼软件食品,食品加工,2024-09-23,576,242.7,6.05,1468.33
10492,MBP软件特产行,特产店,2024-11-29,1104,119.8,2.25,269.55
10493,九方食品,食品加工,2024-12-28,992,64.3,3.03,194.83
10494,快讯生活超市,商超,2024-02-19,1205,301.4,2.35,708.29
10495,快讯生活超市,商超,2024-12-06,1028,235.2,3.11,731.47
10496,快讯生活超市,商超,2025-06-04,618,293.7,5.86,1721.08
10497,雨林木风计算机生活超市,商超,2025-03-15,1092,141.3,2.88,406.94
10498,通际名联火锅,火锅餐饮,2024-10-18,1193,197.2,2.43,479.2
10499,诺依曼软件食品,食品加工,2025-11-30,311,316.4,16.87,5337.67
10500,诺依曼软件食品,食品加工,2024-05-08,979,307.9,3.19,982.2
10501,诺依曼软件食品,食品加工,2024-05-17,1172,554.6,2.5,1386.5
10502,九方火锅,火锅餐饮,2024-12-20,279,377.9,21.15,7992.58
10503,通际名联火锅,火锅餐饮,2025-02-05,1039,976.6,2.45,2392.67
10504,MBP软件特产行,特产店,2024-03-07,1302,228.3,9.81,2239.62
10505,华泰通安特产行,特产店,2025-10-29,320,112.4,18.43,2071.53
10506,九方火锅,火锅餐饮,2024-05-18,123,968.7,19.99,19364.31
10507,佳禾特产行,特产店,2025-11-30,1106,249.1,2.21,550.51
10508,快讯生活超市,商超,2025-11-23,1136,823.7,2.92,2405.2
10509,思优生活超市,商超,2024-09-11,1180,276.6,2.28,630.65
10510,创汇生活超市,商超,2024-11-23,261,221.2,18.65,4125.38
10511,MBP软件特产行,特产店,2025-12-19,1004,227.0,2.37,537.99
10512,艾提科信火锅,火锅餐饮,2024-09-17,1125,477.5,2.35,1122.12
10513,诺依曼软件食品,食品加工,2025-05-28,214,79.6,20.53,1634.19
10514,九方火锅,火锅餐饮,2025-12-22,842,201.1,7.81,1570.59
10515,诺依曼软件食品,食品加工,2024-04-10,565,135.5,7.15,968.82
10516,佳禾特产行,特产店,2024-08-23,175,179.3,21.59,3871.09
10517,佳禾特产行,特产店,2024-06-18,1167,367.3,2.47,907.23
10518,联软火锅,火锅餐饮,2024-12-29,1164,183.5,3.06,561.51
10519,快讯生活超市,商超,2024-06-18,1077,662.5,2.51,1662.87
10520,雨林木风计算机生活超市,商超,2024-07-14,33,161.1,20.49,3300.94
10521,通际名联火锅,火锅餐饮,2024-04-22,1138,171.7,2.79,479.04
10522,昂歌信息特产行,特产店,2025-05-06,1178,1126.9,2.34,2636.95
10523,九方火锅,火锅餐饮,2024-07-27,1172,417.9,2.5,1044.75
10524,华泰通安特产行,特产店,2024-12-04,362,91.9,21.18,1946.44
10525,雨林木风计算机生活超市,商超,2024-10-02,178,138.6,21.59,2992.37
10526,九方火锅,火锅餐饮,2025-07-04,1119,311.3,2.82,877.87
10527,MBP软件特产行,特产店,2024-09-16,487,252.2,17.53,4421.07
10528,快讯生活超市,商超,2025-10-31,41,60.2,18.32,1102.86
10529,通际名联火锅,火锅餐饮,2025-10-30,879,267.6,6.69,1790.24
10530,飞海科技火锅,火锅餐饮,2025-12-21,1193,184.6,3.08,568.57
10531,通际名联火锅,火锅餐饮,2025-10-27,446,59.4,21.36,1268.78
10532,通际名联火锅,火锅餐饮,2025-03-02,460,318.7,18.88,6017.06
10533,思优生活超市,商超,2024-06-17,1118,697.0,2.78,1937.66
10534,通际名联火锅,火锅餐饮,2025-12-04,890,213.2,6.59,1404.99
10535,九方火锅,火锅餐饮,2024-02-17,682,396.8,6.62,2626.82
10536,MBP软件特产行,特产店,2024-07-27,510,211.7,7.54,1596.22
10537,九方火锅,火锅餐饮,2024-09-18,1145,170.7,2.67,455.77
10538,MBP软件特产行,特产店,2025-10-26,1518,184.9,28.25,5223.42
10539,九方火锅,火锅餐饮,2024-01-05,985,381.4,2.84,1083.18
10540,易动力生活超市,商超,2025-03-05,1139,509.4,2.95,1502.73
10541,诺依曼软件食品,食品加工,2024-04-27,243,197.8,20.53,4060.83
10542,快讯生活超市,商超,2025-07-09,1146,296.5,3.0,889.5
10543,快讯生活超市,商超,2025-07-09,1062,381.8,2.7,1030.86
10544,快讯生活超市,商超,2024-05-14,955,418.9,2.39,1001.17
10545,飞海科技火锅,火锅餐饮,2025-03-11,1062,92.6,2.68,248.17
10546,诺依曼软件食品,食品加工,2025-02-12,835,78.7,5.99,471.41
10547,九方火锅,火锅餐饮,2024-11-23,1080,76.5,2.77,211.9
10548,华泰通安特产行,特产店,2024-12-28,1089,367.7,2.45,900.86
10549,太极特产行,特产店,2025-11-03,476,488.2,19.79,9661.48
10550,九方火锅,火锅餐饮,2024-03-12,1040,543.1,2.62,1422.92
10551,快讯生活超市,商超,2025-01-21,1028,64.3,2.79,179.4
10552,快讯生活超市,商超,2025-07-20,1221,122.0,3.15,384.3
10553,九方火锅,火锅餐饮,2024-08-15,833,324.4,6.11,1982.08
10554,九方火锅,火锅餐饮,2025-09-19,1184,279.8,2.94,822.61
10555,艾提科信火锅,火锅餐饮,2025-12-15,63,144.2,18.57,2677.79
10556,快讯生活超市,商超,2025-12-26,1193,139.6,2.85,397.86
10557,九方火锅,火锅餐饮,2025-06-18,1147,295.7,2.91,860.49
10558,通际名联火锅,火锅餐饮,2025-05-29,414,418.6,20.55,8602.23
10559,诺依曼软件食品,食品加工,2024-11-18,964,240.1,2.81,674.68
10560,昂歌信息特产行,特产店,2024-05-14,604,98.4,6.21,611.06
10561,MBP软件特产行,特产店,2024-11-05,390,169.5,17.46,2959.47
10562,诺依曼软件食品,食品加工,2025-01-30,1119,106.3,2.32,246.62
10563,MBP软件特产行,特产店,2025-01-17,921,217.7,6.74,1467.3
10564,思优生活超市,商超,2024-07-28,1195,531.5,2.91,1546.66
10565,快讯生活超市,商超,2025-02-18,954,397.9,3.17,1261.34
10566,昂歌信息特产行,特产店,2025-12-03,494,456.7,17.48,7983.12
10567,九方火锅,火锅餐饮,2024-01-07,371,94.6,21.03,1989.44
10568,华泰通安特产行,特产店,2024-03-18,1519,208.5,42.74,8911.29
10569,诺依曼软件食品,食品加工,2025-10-30,1064,197.7,2.73,539.72
10570,九方火锅,火锅餐饮,2025-09-28,1090,372.0,2.24,833.28
10571,易动力生活超市,商超,2025-09-10,202,108.0,17.17,1854.36
10572,快讯生活超市,商超,2024-09-30,1000,239.0,2.93,700.27
10573,诺依曼软件食品,食品加工,2025-03-26,1545,424.3,50.84,21571.41
10574,快讯生活超市,商超,2024-11-11,1158,251.1,2.48,622.73
10575,易动力生活超市,商超,2025-05-03,1174,174.1,3.2,557.12
10576,MBP软件特产行,特产店,2025-02-07,988,356.5,2.77,987.5
10577,艾提科信火锅,火锅餐饮,2025-07-09,1033,80.8,2.59,209.27
10578,九方火锅,火锅餐饮,2024-04-02,919,302.2,6.7,2024.74
10579,超艺特产行,特产店,2025-06-26,1703,191.3,32.28,6175.16
10580,易动力生活超市,商超,2024-11-03,1486,82.4,33.52,2762.05
10581,易动力生活超市,商超,2025-11-08,1064,273.8,2.23,610.57
10582,九方火锅,火锅餐饮,2024-10-15,1131,816.6,2.53,2066.0
10583,九方食品,食品加工,2024-10-16,979,376.5,2.99,1125.74
10584,九方火锅,火锅餐饮,2025-05-22,1186,333.4,3.16,1053.54
10585,南康特产行,特产店,2025-02-02,831,232.9,7.26,1690.85
10586,九方火锅,火锅餐饮,2024-01-14,142,211.2,18.33,3871.3
10587,九方火锅,火锅餐饮,2025-11-05,1097,423.0,2.51,1061.73
10588,MBP软件特产行,特产店,2024-10-02,1003,114.5,2.77,317.17
10589,快讯生活超市,商超,2024-12-14,1051,354.0,3.12,1104.48
10590,九方火锅,火锅餐饮,2025-02-11,1046,189.5,2.5,473.75
10591,诺依曼软件食品,食品加工,2025-12-02,114,154.2,16.31,2515.0
10592,昂歌信息特产行,特产店,2024-07-03,946,611.2,2.6,1589.12
10593,九方火锅,火锅餐饮,2024-04-09,1173,159.7,3.07,490.28
10594,超艺特产行,特产店,2025-11-17,297,267.8,20.02,5361.36
10595,通际名联火锅,火锅餐饮,2025-06-24,59,136.3,16.5,2248.95
10596,快讯生活超市,商超,2025-07-31,1458,246.2,35.05,8629.31
10597,MBP软件特产行,特产店,2025-04-10,900,144.2,5.54,798.87
10598,新格林耐特火锅,火锅餐饮,2024-08-17,1039,247.8,2.32,574.9
10599,九方火锅,火锅餐饮,2024-01-26,1696,944.1,25.87,24423.87
