id,session_id,minute_index,viewers_online,exposure_delta,enter_delta,comment_cnt,like_cnt,follow_delta,order_cnt,pay_user_cnt
1,1,2,161,895,195,15,162,5,0,0
2,1,4,331,1147,180,11,277,3,0,0
3,1,6,536,984,187,37,574,1,0,0
4,1,8,643,1272,188,43,614,7,1,1
5,1,10,886,2521,190,84,1053,2,0,0
6,1,12,832,2113,162,72,1259,2,0,0
7,1,14,914,904,170,53,769,3,0,0
8,1,16,898,1660,162,39,1073,5,1,1
9,1,18,926,2485,183,71,1116,3,0,0
10,1,20,923,1995,183,85,734,1,0,0
11,1,22,925,2553,206,40,1286,3,0,0
12,1,24,922,955,199,92,1522,4,0,0
13,1,26,854,2210,179,26,566,1,0,0
14,1,28,900,997,190,82,800,5,2,2
15,1,30,855,1519,183,52,905,2,0,0
16,1,32,823,1224,198,34,1064,4,0,0
17,1,34,819,1974,182,75,633,6,0,0
18,1,36,856,1836,193,53,1413,6,0,0
19,1,38,861,2320,185,31,784,2,0,0
20,1,40,902,908,191,81,1351,3,1,1
21,1,42,897,1788,194,69,1417,4,0,0
22,1,44,855,2508,213,29,1232,3,0,0
23,1,46,862,1343,194,31,944,2,1,1
24,1,48,903,2291,182,71,686,6,0,0
25,1,50,896,2062,170,89,1132,6,0,0
26,1,52,804,1618,172,61,611,2,1,1
27,1,54,863,2536,167,32,588,5,0,0
28,1,56,788,1302,190,78,613,4,1,1
29,1,58,745,1020,209,74,974,5,0,0
30,1,60,736,1154,189,37,1033,3,0,0
31,1,62,724,1322,208,46,929,6,1,1
32,1,64,698,2440,218,23,1113,7,0,0
33,1,66,637,2154,208,26,934,5,0,0
34,1,68,620,1720,192,42,444,2,0,0
35,1,70,663,1012,212,64,988,3,2,2
36,1,72,602,1860,201,49,382,2,0,0
37,1,74,593,2579,179,42,779,6,1,1
38,1,76,525,2073,198,18,619,2,0,0
39,1,78,491,885,176,33,756,5,0,0
40,1,80,508,1672,206,42,711,2,0,0
41,1,82,495,1655,210,36,502,3,0,0
42,1,84,421,1200,206,13,363,1,1,1
43,2,2,254,4573,363,8,339,11,0,0
44,2,4,530,4851,367,24,757,10,2,2
45,2,6,835,4421,353,68,528,17,0,0
46,2,8,1101,2518,360,47,1926,9,2,2
47,2,10,1208,3523,352,47,1453,14,0,0
48,2,12,1216,2584,341,120,1917,9,0,0
49,2,14,1268,3400,348,104,2074,10,1,1
50,2,16,1256,2703,332,98,2186,17,6,5
51,2,18,1270,3375,369,110,919,6,3,3
52,2,20,1268,3208,382,92,2104,10,0,0
53,2,22,1227,3678,355,87,1097,8,0,0
54,2,24,1336,2763,351,51,2120,9,0,0
55,2,26,1313,4995,362,119,1572,15,1,1
56,2,28,1269,4791,374,86,977,11,1,1
57,2,30,1343,3148,361,59,934,5,0,0
58,2,32,1314,5158,368,44,1625,6,5,4
59,2,34,1302,4705,324,87,1048,7,0,0
60,2,36,1371,4462,378,134,1460,11,0,0
61,2,38,1255,2243,404,68,2231,6,1,1
62,2,40,1323,3015,342,113,2202,13,1,1
63,2,42,1312,4549,353,73,2035,15,0,0
64,2,44,1279,3493,342,99,1718,10,0,0
65,2,46,1288,2897,354,113,1412,14,1,1
66,2,48,1129,5560,363,107,1412,13,0,0
67,2,50,1083,2769,336,51,1790,16,0,0
68,2,52,1110,5521,385,95,1784,20,2,2
69,2,54,1099,3679,341,102,982,17,2,2
70,2,56,1007,4017,392,38,733,18,0,0
71,2,58,1001,4978,382,70,1754,7,0,0
72,2,60,962,4453,384,80,1701,6,1,1
73,2,62,833,3828,393,30,732,16,4,4
74,2,64,839,2913,376,29,838,11,0,0
75,2,66,791,2034,366,36,1233,8,1,1
76,2,68,741,5227,360,67,484,17,0,0
77,2,70,693,5619,362,53,1120,5,0,0
78,3,2,200,1387,224,7,165,4,1,1
79,3,4,388,2920,222,28,302,2,0,0
80,3,6,559,2305,215,27,423,8,2,2
81,3,8,719,2799,210,65,918,7,1,1
82,3,10,953,1642,242,85,1458,3,0,0
83,3,12,1008,2358,217,57,661,6,2,2
84,3,14,929,1639,241,61,581,7,2,2
85,3,16,997,1911,230,60,1666,6,7,6
86,3,18,909,2972,248,77,579,4,0,0
87,3,20,1006,2318,259,76,976,8,2,2
88,3,22,905,1956,212,55,1155,5,0,0
89,3,24,925,2004,237,40,946,5,0,0
90,3,26,986,2017,243,86,826,6,1,1
91,3,28,948,3094,252,71,1047,4,0,0
92,3,30,981,2186,235,47,847,5,0,0
93,3,32,992,1234,225,47,1460,3,2,2
94,3,34,1011,2937,229,46,1736,3,0,0
95,3,36,953,1130,233,52,1118,4,0,0
96,3,38,908,3153,200,89,604,6,1,1
97,3,40,1011,2862,210,70,678,8,0,0
98,3,42,875,2664,227,55,536,7,1,1
99,3,44,870,2080,227,50,1168,6,0,0
100,3,46,972,2063,213,37,869,2,3,3
101,3,48,965,2846,232,57,728,5,1,1
102,3,50,953,1211,223,41,836,5,0,0
103,3,52,852,3242,240,32,1256,4,1,1
104,3,54,863,2959,214,81,1424,6,0,0
105,3,56,883,1315,233,71,734,4,0,0
106,3,58,780,2743,250,39,485,8,0,0
107,3,60,776,1878,251,37,865,6,1,1
108,3,62,739,1773,223,64,1297,3,3,3
109,3,64,699,3194,202,64,669,5,0,0
110,3,66,700,1917,236,56,975,7,0,0
111,3,68,689,1214,264,34,1124,8,0,0
112,3,70,637,1765,237,47,789,8,0,0
113,3,72,564,1577,231,37,534,3,0,0
114,3,74,590,1867,212,49,848,2,0,0
115,3,76,524,2676,209,33,940,2,0,0
116,3,78,512,2927,229,29,536,3,0,0
117,3,80,486,2498,243,18,775,8,0,0
118,4,2,86,1077,109,5,107,1,0,0
119,4,4,185,1070,103,11,290,1,0,0
120,4,6,258,620,120,15,335,4,0,0
121,4,8,372,1372,120,31,342,2,0,0
122,4,10,459,742,108,34,634,2,0,0
123,4,12,467,1210,110,27,744,4,1,1
124,4,14,429,927,93,18,341,4,0,0
125,4,16,448,538,120,41,324,3,3,3
126,4,18,467,1085,125,15,355,2,0,0
127,4,20,409,729,104,14,615,4,0,0
128,4,22,461,1098,115,26,314,3,0,0
129,4,24,407,972,122,30,409,3,0,0
130,4,26,453,510,118,29,312,3,0,0
131,4,28,436,929,107,26,721,4,1,1
132,4,30,439,884,135,36,437,3,0,0
133,4,32,473,1136,102,44,440,3,3,3
134,4,34,434,1355,93,21,513,1,0,0
135,4,36,408,979,108,28,269,3,0,0
136,4,38,417,813,125,34,408,3,0,0
137,4,40,429,613,101,42,655,3,0,0
138,4,42,405,1451,103,32,515,1,0,0
139,4,44,425,1344,111,42,717,2,1,1
140,4,46,362,1429,120,36,496,1,1,1
141,4,48,348,725,95,27,557,2,0,0
142,4,50,341,1224,124,12,413,2,0,0
143,4,52,361,1340,105,34,314,3,0,0
144,4,54,319,535,128,14,333,4,0,0
145,4,56,293,1401,127,17,515,3,0,0
146,4,58,278,1220,108,23,476,2,0,0
147,4,60,284,1102,127,22,288,4,0,0
148,4,62,260,1264,109,20,183,2,2,2
149,4,64,243,1422,122,18,262,3,0,0
150,4,66,224,1455,129,8,288,1,1,1
151,5,2,40,877,54,3,38,3,2,2
152,5,4,78,900,39,6,128,1,2,2
153,5,6,119,888,54,9,196,3,2,2
154,5,8,160,776,43,13,204,3,3,3
155,5,10,204,737,59,8,204,3,1,1
156,5,12,224,442,56,9,330,2,1,1
157,5,14,195,818,45,17,246,2,0,0
158,5,16,219,823,65,20,363,2,1,1
159,5,18,213,520,52,11,160,1,0,0
160,5,20,196,801,54,9,285,1,2,2
161,5,22,213,362,59,18,149,3,1,1
162,5,24,201,865,38,17,285,3,1,1
163,5,26,201,768,52,14,223,2,0,0
164,5,28,216,407,60,8,364,1,0,0
165,5,30,214,558,51,18,259,3,0,0
166,5,32,198,774,60,19,238,3,3,3
167,5,34,224,855,39,17,222,2,0,0
168,5,36,216,741,46,8,313,2,0,0
169,5,38,200,784,51,18,179,4,0,0
170,5,40,197,434,58,10,232,2,0,0
171,5,42,186,590,48,13,136,3,1,1
172,5,44,174,438,57,7,205,3,1,1
173,5,46,185,443,36,7,115,1,4,4
174,5,48,170,362,55,17,288,3,0,0
175,5,50,153,624,52,11,255,3,0,0
176,5,52,145,499,57,4,193,4,0,0
177,5,54,152,667,47,14,100,1,1,1
178,5,56,135,666,56,9,128,2,0,0
179,5,58,134,439,59,10,206,3,0,0
180,5,60,110,428,42,6,175,1,1,1
181,5,62,105,838,51,7,121,2,1,1
182,6,2,293,4008,323,14,263,14,0,0
183,6,4,591,1537,324,26,996,13,0,0
184,6,6,880,1525,319,77,807,9,0,0
185,6,8,1275,3715,300,83,1751,9,1,1
186,6,10,1542,2008,304,107,2189,7,0,0
187,6,12,1599,3250,309,80,2127,6,0,0
188,6,14,1438,4223,268,71,2156,7,0,0
189,6,16,1578,1642,301,62,1543,17,5,5
190,6,18,1476,2280,322,71,2162,6,1,1
191,6,20,1493,3488,344,101,911,16,1,1
192,6,22,1556,1922,313,155,2462,11,0,0
193,6,24,1463,4052,327,58,2377,8,0,0
194,6,26,1568,3433,320,137,2398,12,0,0
195,6,28,1511,2612,297,62,2609,12,0,0
196,6,30,1532,2484,308,146,1565,15,1,1
197,6,32,1476,2855,314,86,929,10,2,2
198,6,34,1459,3196,295,60,972,5,1,1
199,6,36,1585,1837,325,154,1814,9,0,0
200,6,38,1571,2649,326,86,2518,12,1,1
201,6,40,1435,4192,300,65,2389,7,1,1
202,6,42,1590,2762,302,65,1424,4,1,1
203,6,44,1404,3934,322,80,1485,9,1,1
204,6,46,1549,2320,300,124,1819,9,2,2
205,6,48,1588,1646,287,96,2330,15,0,0
206,6,50,1559,3787,327,140,1332,16,0,0
207,6,52,1457,3477,340,139,940,14,0,0
208,6,54,1505,2562,299,103,925,10,0,0
209,6,56,1322,3376,296,69,2128,14,1,1
210,6,58,1296,3507,306,128,2329,15,0,0
211,6,60,1206,1671,304,61,1163,10,0,0
212,6,62,1350,2111,311,72,2039,7,2,2
213,6,64,1191,1983,317,44,1233,9,0,0
214,6,66,1169,2523,283,43,1193,4,0,0
215,6,68,1113,3168,320,46,1435,5,1,1
216,6,70,1077,1831,299,96,1429,5,0,0
217,6,72,1055,1731,298,90,726,17,0,0
218,6,74,1015,1802,335,94,825,6,1,1
219,6,76,897,3240,339,70,658,13,2,2
220,6,78,991,3580,305,60,861,6,0,0
221,6,80,945,4024,312,87,1111,17,0,0
222,6,82,773,2824,311,27,518,10,1,1
223,6,84,783,1439,320,54,482,9,0,0
224,6,86,792,3829,296,52,728,14,0,0
225,7,2,360,2332,380,35,647,6,0,0
226,7,4,803,2536,397,69,769,4,0,0
227,7,6,1160,3738,398,51,1835,3,0,0
228,7,8,1417,3840,387,77,1787,3,0,0
229,7,10,1951,2273,369,73,2571,2,0,0
230,7,12,1821,5083,361,177,2837,7,0,0
231,7,14,1954,2081,381,135,1999,4,0,0
232,7,16,1975,5077,387,175,3545,4,0,0
233,7,18,1961,2011,400,83,1581,7,0,0
234,7,20,1945,2980,380,64,2460,3,0,0
235,7,22,1931,4361,399,58,2632,5,0,0
236,7,24,1829,4451,359,109,3107,8,0,0
237,7,26,1912,4754,370,113,1313,7,0,0
238,7,28,1836,2162,378,114,3009,6,0,0
239,7,30,1817,3891,386,89,1880,8,0,0
240,7,32,1774,2665,400,163,1297,7,1,1
241,7,34,1988,2552,386,148,3378,7,0,0
242,7,36,1820,3244,354,77,1936,8,0,0
243,7,38,1896,2422,340,138,1356,8,2,2
244,7,40,1721,4851,402,163,2638,4,0,0
245,7,42,1863,2125,384,89,1238,2,0,0
246,7,44,1994,4660,388,121,1833,2,0,0
247,7,46,1975,2663,392,157,2958,2,3,3
248,7,48,2002,3552,378,82,2988,2,0,0
249,7,50,1743,3217,376,93,2107,8,0,0
250,7,52,1825,3823,412,131,1479,4,0,0
251,7,54,1802,3804,396,83,2475,7,0,0
252,7,56,1623,2798,379,97,1949,5,0,0
253,7,58,1770,4585,381,95,2121,1,0,0
254,7,60,1632,3731,363,125,2234,7,1,1
255,7,62,1485,4185,390,116,1507,5,1,1
256,7,64,1428,4168,375,121,1507,5,0,0
257,7,66,1546,2305,381,143,2347,7,1,1
258,7,68,1298,2776,353,92,906,8,0,0
259,7,70,1352,3345,410,119,1856,2,0,0
260,7,72,1274,2482,396,112,1473,5,0,0
261,7,74,1179,3236,416,57,928,8,0,0
262,7,76,1093,3851,370,73,1105,7,0,0
263,7,78,1067,3151,374,103,1393,4,0,0
264,7,80,1060,2982,374,39,1545,2,0,0
265,7,82,1007,4645,343,75,832,3,0,0
266,7,84,961,3689,392,70,1174,5,0,0
267,8,2,153,1855,188,14,203,5,0,0
268,8,4,278,2188,207,16,278,4,1,1
269,8,6,460,1780,197,15,423,1,0,0
270,8,8,598,864,168,45,457,3,1,1
271,8,10,691,1233,188,22,419,2,1,1
272,8,12,672,2062,192,62,870,4,0,0
273,8,14,709,1316,168,53,490,2,0,0
274,8,16,683,2437,186,48,943,4,1,1
275,8,18,749,1743,173,70,1014,5,0,0
276,8,20,726,1618,186,52,1145,2,0,0
277,8,22,740,943,199,46,1228,3,1,1
278,8,24,726,941,185,51,974,2,0,0
279,8,26,670,1706,167,45,1101,5,0,0
280,8,28,752,2436,192,61,459,4,0,0
281,8,30,762,2130,197,49,1360,2,1,1
282,8,32,694,1760,183,69,1143,4,2,2
283,8,34,685,2223,196,34,1199,2,0,0
284,8,36,689,1485,200,30,854,4,0,0
285,8,38,775,1732,176,49,635,1,0,0
286,8,40,733,1246,193,65,943,3,1,1
287,8,42,673,857,188,56,1126,3,0,0
288,8,44,771,1087,193,59,1185,4,0,0
289,8,46,708,1191,208,57,864,1,2,2
290,8,48,675,1917,185,43,517,5,0,0
291,8,50,673,2379,184,65,1109,2,0,0
292,8,52,692,1161,181,52,863,4,0,0
293,8,54,593,1210,194,42,997,1,0,0
294,8,56,583,1407,186,26,915,3,0,0
295,8,58,584,872,174,49,545,4,0,0
296,8,60,566,1661,168,28,538,4,0,0
297,8,62,568,2383,183,20,1020,4,1,1
298,8,64,532,2212,169,43,726,5,0,0
299,8,66,498,1562,174,24,528,3,0,0
300,8,68,439,1843,179,37,402,3,0,0
301,8,70,476,2343,172,17,606,3,0,0
302,8,72,399,2012,171,40,598,2,0,0
303,8,74,412,1003,176,26,596,4,1,1
304,8,76,378,1422,195,37,421,1,0,0
305,9,2,162,3506,237,6,174,3,2,2
306,9,4,345,2040,226,14,494,2,0,0
307,9,6,527,1844,256,51,796,4,1,1
308,9,8,734,2756,225,27,659,5,1,1
309,9,10,868,1329,235,45,1219,2,0,0
310,9,12,914,1931,244,55,636,5,0,0
311,9,14,907,1804,240,75,1362,2,0,0
312,9,16,917,1338,226,88,1035,5,8,7
313,9,18,813,2584,244,66,1281,3,1,1
314,9,20,818,1651,259,27,850,2,1,1
315,9,22,881,1359,221,45,1116,6,1,1
316,9,24,903,1894,221,38,1418,2,1,1
317,9,26,850,3381,244,70,998,4,1,1
318,9,28,885,2890,242,29,1218,6,1,1
319,9,30,873,1638,217,27,566,6,2,2
320,9,32,844,2222,252,37,1453,3,6,5
321,9,34,908,2318,232,62,1551,5,0,0
322,9,36,834,2121,230,36,1066,6,0,0
323,9,38,854,1888,218,30,716,4,2,2
324,9,40,857,3014,254,39,1534,4,2,2
325,9,42,834,2452,234,30,1111,2,0,0
326,9,44,752,2966,256,63,1043,5,2,2
327,9,46,726,3172,237,34,1252,5,3,3
328,9,48,720,2540,258,66,620,2,3,3
329,9,50,679,1903,232,29,752,5,3,3
330,9,52,633,2769,209,54,729,4,0,0
331,9,54,596,3622,266,38,915,5,1,1
332,9,56,548,2202,262,52,655,3,1,1
333,9,58,530,1845,223,36,619,4,1,1
334,9,60,497,3612,234,19,347,5,0,0
335,9,62,452,1354,212,43,575,4,7,6
336,9,64,448,3282,230,31,469,2,1,1
337,10,2,295,2171,348,28,434,6,0,0
338,10,4,593,2829,352,54,1005,6,1,1
339,10,6,892,4853,345,32,1478,7,2,2
340,10,8,1251,3594,317,87,1756,5,0,0
341,10,10,1641,4809,331,154,1109,12,0,0
342,10,12,1571,4677,311,90,1396,16,0,0
343,10,14,1605,3538,350,52,1243,13,0,0
344,10,16,1655,3681,349,108,2413,10,2,2
345,10,18,1545,2088,375,140,1428,16,1,1
346,10,20,1442,4404,331,131,1685,9,1,1
347,10,22,1497,2506,330,66,2575,13,2,2
348,10,24,1664,1867,331,118,2645,4,1,1
349,10,26,1530,4051,346,145,2392,16,0,0
350,10,28,1483,4846,370,138,2347,16,0,0
351,10,30,1558,4183,372,150,1902,7,2,2
352,10,32,1482,3199,375,54,1570,12,4,3
353,10,34,1536,1912,359,136,2653,16,0,0
354,10,36,1522,4927,344,152,1158,6,0,0
355,10,38,1509,4356,364,99,974,11,0,0
356,10,40,1432,1833,340,71,882,16,0,0
357,10,42,1499,2391,356,85,1961,8,1,1
358,10,44,1526,2144,334,132,2600,3,0,0
359,10,46,1560,3684,351,137,2665,6,3,3
360,10,48,1633,3849,366,136,1743,11,0,0
361,10,50,1588,2215,353,132,2478,3,1,1
362,10,52,1433,1812,342,89,2171,7,0,0
363,10,54,1651,2760,326,147,2920,15,1,1
364,10,56,1405,1941,375,97,2377,11,1,1
365,10,58,1435,4806,355,71,1247,9,1,1
366,10,60,1456,1930,358,70,2404,16,1,1
367,10,62,1403,1981,368,117,2055,4,9,8
368,10,64,1408,3481,332,96,2249,14,0,0
369,10,66,1281,3572,363,126,1152,12,0,0
370,10,68,1217,1698,350,72,1974,10,1,1
371,10,70,1177,4249,361,48,1331,4,0,0
372,10,72,1147,1760,300,59,1736,6,0,0
373,10,74,1022,2637,334,91,1563,11,3,3
374,10,76,1123,4129,320,109,1960,13,0,0
375,10,78,980,3860,338,47,1631,15,3,3
376,10,80,1005,3449,353,44,1276,5,0,0
377,10,82,929,2604,322,86,615,11,2,2
378,10,84,891,4381,372,56,1557,7,2,2
379,10,86,803,3470,361,59,1227,15,0,0
380,10,88,734,4443,344,66,959,14,0,0
381,11,2,158,1992,211,7,117,2,1,1
382,11,4,296,1867,222,17,185,7,0,0
383,11,6,494,1367,198,45,498,4,0,0
384,11,8,659,2307,192,57,1083,4,2,2
385,11,10,791,1949,246,40,1055,4,0,0
386,11,12,743,1284,250,34,894,2,0,0
387,11,14,766,1826,219,32,1317,1,0,0
388,11,16,772,1957,224,46,1221,3,0,0
389,11,18,755,2368,225,48,1305,7,0,0
390,11,20,756,1999,232,23,762,3,1,1
391,11,22,787,1713,224,73,657,4,0,0
392,11,24,791,1237,224,78,758,1,1,1
393,11,26,840,2738,256,70,647,3,0,0
394,11,28,773,2531,198,67,956,2,0,0
395,11,30,843,2018,220,30,1514,6,0,0
396,11,32,814,1867,223,77,1098,6,1,1
397,11,34,784,1353,227,32,602,7,0,0
398,11,36,778,1956,207,28,1274,6,0,0
399,11,38,760,1743,215,74,1230,5,0,0
400,11,40,841,2005,220,76,716,2,1,1
401,11,42,831,1519,181,48,664,4,0,0
402,11,44,782,1711,226,26,1279,7,1,1
403,11,46,718,1676,220,28,522,7,2,2
404,11,48,782,1736,215,47,977,4,0,0
405,11,50,724,2621,235,54,943,7,0,0
406,11,52,686,1426,237,43,699,6,0,0
407,11,54,689,2599,225,49,861,4,0,0
408,11,56,627,1148,224,51,906,6,0,0
409,11,58,572,2737,221,25,681,5,2,2
410,11,60,594,1870,225,29,547,7,1,1
411,11,62,511,1744,215,36,648,1,1,1
412,11,64,532,1567,220,16,857,6,0,0
413,11,66,477,1359,240,15,683,6,0,0
414,11,68,438,1476,210,36,624,5,0,0
415,11,70,403,2211,224,23,632,6,0,0
416,11,72,426,1631,230,39,470,5,1,1
417,12,2,73,828,95,3,99,5,0,0
418,12,4,157,972,122,9,123,5,0,0
419,12,6,214,1129,112,8,231,4,2,2
420,12,8,299,1317,104,17,358,4,3,3
421,12,10,407,983,107,15,634,2,0,0
422,12,12,402,1285,132,19,562,3,0,0
423,12,14,370,797,120,13,387,2,0,0
424,12,16,378,1552,112,29,357,1,8,7
425,12,18,365,1263,109,24,561,2,2,2
426,12,20,356,1146,126,24,507,4,1,1
427,12,22,379,1240,120,25,309,4,0,0
428,12,24,389,686,118,24,424,5,1,1
429,12,26,405,1465,119,38,305,2,1,1
430,12,28,378,730,105,13,668,5,1,1
431,12,30,373,1276,112,25,451,3,1,1
432,12,32,395,1513,124,22,296,4,5,4
433,12,34,361,1334,112,15,351,3,2,2
434,12,36,358,648,108,21,342,2,0,0
435,12,38,345,1144,100,11,553,4,4,4
436,12,40,314,1180,144,19,513,4,0,0
437,12,42,308,1254,143,29,275,3,2,2
438,12,44,274,1593,98,13,477,1,1,1
439,12,46,275,1456,124,15,222,2,9,8
440,12,48,272,672,113,12,354,3,4,4
441,12,50,264,1451,115,11,434,2,2,2
442,12,52,237,1027,111,22,405,3,2,2
443,12,54,215,996,120,21,194,4,2,2
444,12,56,187,1474,98,6,232,4,0,0
445,13,2,145,2723,208,9,201,1,0,0
446,13,4,283,1783,180,20,268,1,1,1
447,13,6,402,2731,208,28,630,4,0,0
448,13,8,552,2308,204,50,802,1,0,0
449,13,10,694,2132,194,22,488,4,2,2
450,13,12,705,1937,224,23,873,3,4,4
451,13,14,672,2492,157,64,816,1,2,2
452,13,16,636,976,170,27,740,3,6,5
453,13,18,676,1821,206,49,1039,5,1,1
454,13,20,670,2292,174,38,941,2,0,0
455,13,22,643,2347,167,43,834,6,1,1
456,13,24,696,1617,184,68,1185,4,2,2
457,13,26,689,1061,202,61,616,3,1,1
458,13,28,707,2504,198,42,1032,6,1,1
459,13,30,669,1786,181,27,829,5,3,3
460,13,32,720,2629,198,38,997,3,4,3
461,13,34,649,1084,207,51,840,3,2,2
462,13,36,684,2143,206,59,428,4,0,0
463,13,38,630,1606,184,55,948,4,2,2
464,13,40,579,2269,191,36,479,3,1,1
465,13,42,569,940,202,21,597,2,2,2
466,13,44,506,1054,206,17,375,3,0,0
467,13,46,498,2099,164,48,679,3,6,5
468,13,48,458,1304,191,44,485,3,1,1
469,13,50,428,1816,167,28,651,3,1,1
470,13,52,395,1913,184,19,548,4,1,1
471,13,54,393,1479,193,24,519,4,1,1
472,13,56,349,2146,181,32,458,1,2,2
473,14,2,54,1522,112,3,66,2,1,1
474,14,4,105,1567,93,9,125,2,2,2
475,14,6,145,752,93,10,149,1,1,1
476,14,8,224,1423,87,15,192,2,0,0
477,14,10,279,1260,84,15,198,1,1,1
478,14,12,248,1158,87,14,224,1,0,0
479,14,14,279,1511,94,10,248,1,1,1
480,14,16,263,1465,75,17,471,2,6,5
481,14,18,253,672,85,20,305,2,0,0
482,14,20,262,842,96,17,441,2,1,1
483,14,22,251,1660,95,9,223,1,0,0
484,14,24,267,1366,99,25,290,1,0,0
485,14,26,265,1055,89,15,268,1,1,1
486,14,28,278,1568,104,17,391,2,1,1
487,14,30,250,830,74,14,246,1,2,2
488,14,32,252,1484,87,11,187,2,6,5
489,14,34,270,1392,81,24,173,2,0,0
490,14,36,246,945,93,19,271,1,2,2
491,14,38,235,848,100,23,362,1,1,1
492,14,40,209,567,86,11,287,2,1,1
493,14,42,221,613,78,20,308,2,1,1
494,14,44,187,1573,98,7,329,2,0,0
495,14,46,177,1111,99,12,284,2,2,2
496,14,48,180,975,86,10,320,2,1,1
497,14,50,172,879,87,15,114,1,0,0
498,14,52,142,686,101,11,201,1,1,1
499,14,54,132,1264,77,13,142,1,1,1
500,14,56,133,805,99,13,94,0,1,1
501,15,2,264,1984,326,23,194,5,0,0
502,15,4,551,3489,270,25,428,17,0,0
503,15,6,827,2954,267,37,1149,5,0,0
504,15,8,1049,3183,247,96,1393,8,0,0
505,15,10,1317,2058,264,100,830,15,0,0
506,15,12,1299,3724,268,94,2027,9,0,0
507,15,14,1408,3793,287,63,1063,11,0,0
508,15,16,1406,1336,259,123,2325,9,3,3
509,15,18,1392,3957,254,50,891,13,1,1
510,15,20,1360,2423,269,123,1431,13,0,0
511,15,22,1347,3884,259,125,2183,14,0,0
512,15,24,1332,3844,262,77,1070,14,0,0
513,15,26,1418,1449,266,117,1253,16,1,1
514,15,28,1351,1450,263,117,1089,9,1,1
515,15,30,1387,3883,269,110,979,10,0,0
516,15,32,1409,3323,268,107,1639,13,5,4
517,15,34,1330,1475,252,62,1661,10,0,0
518,15,36,1375,2350,262,46,1220,9,1,1
519,15,38,1453,3224,288,97,1150,16,1,1
520,15,40,1299,2431,266,108,1176,11,1,1
521,15,42,1384,2234,269,63,1992,6,0,0
522,15,44,1421,3020,256,88,1144,13,0,0
523,15,46,1347,3799,252,127,1641,15,3,3
524,15,48,1288,1551,268,109,1208,17,0,0
525,15,50,1143,3312,286,71,1015,9,0,0
526,15,52,1193,2037,260,41,2083,13,0,0
527,15,54,1206,3781,288,40,2168,12,0,0
528,15,56,1044,3786,256,43,1224,15,1,1
529,15,58,1032,2826,263,102,792,8,0,0
530,15,60,927,2429,263,78,1063,6,0,0
531,15,62,966,2867,252,46,1103,14,2,2
532,15,64,964,3570,272,73,580,15,1,1
533,15,66,843,1900,287,45,1460,15,0,0
534,15,68,864,3194,259,56,1150,11,1,1
535,15,70,794,1919,317,64,949,8,1,1
536,15,72,711,3442,244,66,839,8,0,0
537,16,2,307,3224,310,25,516,3,0,0
538,16,4,634,3672,324,29,1021,8,0,0
539,16,6,986,1689,308,40,782,4,0,0
540,16,8,1268,3467,333,120,1220,7,0,0
541,16,10,1543,4511,314,98,2342,7,0,0
542,16,12,1556,2556,310,90,2544,2,0,0
543,16,14,1523,3159,300,151,2457,9,0,0
544,16,16,1657,3989,293,110,2218,4,0,0
545,16,18,1599,1896,307,102,1779,8,0,0
546,16,20,1692,1610,337,94,1618,3,1,1
547,16,22,1480,4065,317,73,1350,6,0,0
548,16,24,1680,2449,336,95,2075,3,2,2
549,16,26,1528,1609,295,137,1518,2,1,1
550,16,28,1492,4503,316,116,2647,4,0,0
551,16,30,1582,3925,303,79,2189,2,0,0
552,16,32,1590,3459,302,109,1666,5,1,1
553,16,34,1619,2617,315,139,1613,6,0,0
554,16,36,1590,4069,311,76,1910,8,1,1
555,16,38,1550,1713,293,62,1782,3,0,0
556,16,40,1602,3632,310,54,1453,6,0,0
557,16,42,1669,4522,335,71,1472,8,0,0
558,16,44,1502,2351,312,85,2378,7,0,0
559,16,46,1708,3680,340,93,1558,2,0,0
560,16,48,1508,4179,302,69,1369,8,2,2
561,16,50,1580,4110,298,109,957,4,1,1
562,16,52,1633,3317,326,71,2171,6,0,0
563,16,54,1494,2045,276,49,912,4,1,1
564,16,56,1411,2831,338,63,2309,3,0,0
565,16,58,1424,3894,323,97,1968,8,0,0
566,16,60,1474,2467,280,107,1429,5,2,2
567,16,62,1396,3270,291,115,2274,6,2,2
568,16,64,1359,3907,328,97,1363,3,0,0
569,16,66,1259,3330,329,122,2170,2,0,0
570,16,68,1332,4145,312,129,1953,7,0,0
571,16,70,1122,2952,323,49,1755,5,1,1
572,16,72,1222,3225,302,73,1778,6,0,0
573,16,74,1042,2406,333,81,746,7,1,1
574,16,76,1123,1624,316,36,682,3,0,0
575,16,78,1102,3909,288,91,1913,4,0,0
576,16,80,1042,2233,318,42,674,5,0,0
577,16,82,922,3594,302,43,1363,8,1,1
578,16,84,868,2972,306,27,725,2,0,0
579,16,86,785,3501,341,42,1174,5,0,0
580,16,88,829,2835,328,78,1297,9,1,1
581,17,2,92,1384,135,4,119,5,1,1
582,17,4,184,2177,157,17,174,6,0,0
583,17,6,302,1545,137,10,499,5,1,1
584,17,8,398,2150,141,36,537,5,0,0
585,17,10,460,1912,145,41,729,3,0,0
586,17,12,468,1992,154,38,398,6,0,0
587,17,14,515,2158,130,43,764,7,0,0
588,17,16,488,1060,130,37,327,7,1,1
589,17,18,456,1265,134,30,411,5,2,2
590,17,20,464,2134,129,28,422,4,0,0
591,17,22,516,1756,160,43,487,7,0,0
592,17,24,530,1291,139,26,720,4,0,0
593,17,26,528,1010,127,29,914,2,0,0
594,17,28,456,2096,114,21,342,6,1,1
595,17,30,508,1453,131,19,685,7,0,0
596,17,32,479,1059,146,33,848,6,3,3
597,17,34,495,1617,143,47,673,2,0,0
598,17,36,505,1820,127,51,630,2,0,0
599,17,38,533,1954,130,19,546,5,2,2
600,17,40,499,2101,135,31,336,7,1,1
601,17,42,435,2018,142,43,741,4,0,0
602,17,44,464,1538,145,16,669,2,0,0
603,17,46,407,1053,107,27,699,5,1,1
604,17,48,416,1664,122,33,357,3,2,2
605,17,50,419,2044,131,19,435,5,0,0
606,17,52,406,851,131,22,323,5,0,0
607,17,54,384,905,131,17,458,6,0,0
608,17,56,352,1806,138,11,558,3,0,0
609,17,58,345,2195,141,11,482,5,1,1
610,17,60,289,1024,126,23,356,2,0,0
611,17,62,304,1231,137,16,401,5,2,2
612,17,64,250,2049,141,15,239,5,0,0
613,17,66,253,1782,148,21,455,2,0,0
614,18,2,69,895,110,4,116,1,1,1
615,18,4,138,821,100,11,83,3,1,1
616,18,6,201,950,89,18,293,1,1,1
617,18,8,282,859,84,20,475,3,1,1
618,18,10,388,651,94,34,456,1,0,0
619,18,12,336,836,108,19,356,3,0,0
620,18,14,362,739,99,15,308,1,0,0
621,18,16,349,454,110,19,260,2,5,4
622,18,18,338,1192,97,12,341,2,0,0
623,18,20,382,1011,100,24,433,1,0,0
624,18,22,345,455,82,31,553,1,0,0
625,18,24,368,760,89,18,561,1,1,1
626,18,26,339,606,101,30,358,2,0,0
627,18,28,380,542,90,37,257,2,0,0
628,18,30,340,739,93,19,251,3,1,1
629,18,32,357,640,83,32,633,3,4,4
630,18,34,370,1074,82,19,624,3,1,1
631,18,36,366,933,86,35,359,3,0,0
632,18,38,339,852,79,33,573,1,0,0
633,18,40,349,562,94,32,442,1,2,2
634,18,42,338,1187,93,11,414,1,0,0
635,18,44,292,908,89,28,522,2,0,0
636,18,46,303,1188,104,30,471,1,2,2
637,18,48,260,714,82,26,209,1,0,0
638,18,50,258,454,78,8,376,2,0,0
639,18,52,231,1052,95,9,305,2,1,1
640,18,54,224,877,105,20,376,3,1,1
641,18,56,228,1037,100,17,396,3,1,1
642,18,58,207,1180,77,18,237,3,0,0
643,18,60,196,1136,93,10,134,2,0,0
644,19,2,45,780,54,3,75,3,3,3
645,19,4,100,569,54,6,64,3,0,0
646,19,6,134,743,54,5,220,2,2,2
647,19,8,193,675,59,12,196,2,0,0
648,19,10,252,592,70,25,353,3,0,0
649,19,12,224,447,59,11,355,1,1,1
650,19,14,226,488,57,12,282,1,0,0
651,19,16,252,469,64,15,224,1,8,7
652,19,18,251,516,65,16,411,2,2,2
653,19,20,247,992,53,18,202,2,1,1
654,19,22,253,448,56,18,266,1,1,1
655,19,24,233,405,50,14,157,3,2,2
656,19,26,233,988,59,22,290,1,1,1
657,19,28,251,810,65,16,411,1,2,2
658,19,30,249,425,60,18,301,1,0,0
659,19,32,235,638,58,8,362,2,11,10
660,19,34,247,672,47,16,161,1,0,0
661,19,36,229,980,41,22,193,1,2,2
662,19,38,228,522,57,17,163,2,1,1
663,19,40,202,542,58,20,351,2,0,0
664,19,42,205,676,64,8,350,3,0,0
665,19,44,204,750,67,8,278,3,1,1
666,19,46,179,395,61,11,258,1,6,5
667,19,48,183,505,50,12,253,2,1,1
668,19,50,164,470,60,6,207,1,0,0
669,19,52,172,670,42,17,131,2,0,0
670,19,54,161,682,57,12,247,3,0,0
671,19,56,140,676,60,14,192,2,1,1
672,19,58,132,648,56,11,149,1,0,0
673,19,60,121,856,54,11,201,3,0,0
674,20,2,163,2714,204,15,182,9,2,2
675,20,4,327,2468,197,15,476,7,0,0
676,20,6,450,2754,200,22,285,4,2,2
677,20,8,599,1200,200,39,937,10,0,0
678,20,10,787,2907,203,45,894,9,0,0
679,20,12,805,2458,182,79,1082,10,0,0
680,20,14,830,2860,174,49,656,4,1,1
681,20,16,843,1999,193,66,834,7,2,2
682,20,18,762,2923,175,39,815,4,1,1
683,20,20,785,1166,188,34,918,6,0,0
684,20,22,798,1502,197,61,801,7,0,0
685,20,24,769,1250,197,41,1067,9,0,0
686,20,26,835,3018,177,40,1109,8,1,1
687,20,28,803,1255,207,70,1032,6,0,0
688,20,30,829,1314,193,51,798,4,1,1
689,20,32,780,2438,181,58,675,7,5,4
690,20,34,759,2786,197,39,809,10,0,0
691,20,36,844,1921,210,58,650,9,0,0
692,20,38,830,2648,183,26,765,7,1,1
693,20,40,848,2497,186,49,905,9,1,1
694,20,42,717,1559,201,51,617,3,2,2
695,20,44,756,2253,185,41,618,10,0,0
696,20,46,723,1886,185,44,1164,11,3,3
697,20,48,663,1239,207,36,705,9,1,1
698,20,50,693,2801,173,37,923,10,0,0
699,20,52,618,2179,165,40,784,4,0,0
700,20,54,628,2541,193,38,981,9,0,0
701,20,56,543,2248,182,53,372,6,1,1
702,20,58,559,2154,200,26,829,10,0,0
703,20,60,497,2372,180,28,746,8,0,0
704,20,62,460,1176,209,16,285,2,4,4
705,20,64,424,1463,159,19,484,10,0,0
706,20,66,418,1946,200,33,711,3,0,0
707,21,2,193,2511,271,7,223,11,0,0
708,21,4,355,1838,305,30,296,15,1,1
709,21,6,576,3296,263,51,493,17,0,0
710,21,8,790,3058,259,72,774,7,2,2
711,21,10,891,3874,292,50,861,11,1,1
712,21,12,1032,2252,307,91,1191,6,0,0
713,21,14,946,3977,269,30,1382,17,1,1
714,21,16,1017,1712,267,49,1108,14,0,0
715,21,18,920,2276,300,62,1012,9,0,0
716,21,20,1029,2905,287,61,1110,15,0,0
717,21,22,1017,4102,288,41,1614,12,1,1
718,21,24,944,2491,306,74,1152,15,0,0
719,21,26,953,2162,262,66,1626,9,1,1
720,21,28,936,2686,271,70,1047,4,0,0
721,21,30,894,1753,295,66,1279,15,0,0
722,21,32,936,1534,293,57,1189,17,0,0
723,21,34,993,2130,269,58,974,6,1,1
724,21,36,887,2141,269,30,613,4,0,0
725,21,38,966,1846,272,85,1422,4,0,0
726,21,40,934,2690,273,29,945,16,1,1
727,21,42,927,1476,271,41,997,7,0,0
728,21,44,905,4219,265,68,1182,13,1,1
729,21,46,816,4071,271,34,1226,6,2,2
730,21,48,807,3441,304,41,1334,13,0,0
731,21,50,694,1761,315,68,1247,11,0,0
732,21,52,742,3698,293,35,988,4,0,0
733,21,54,676,2712,271,27,1132,13,0,0
734,21,56,669,1944,258,53,979,4,0,0
735,21,58,627,3779,268,32,1082,8,1,1
736,21,60,533,1953,286,20,871,17,1,1
737,21,62,516,3504,262,51,800,8,1,1
738,21,64,507,3212,270,48,543,12,0,0
739,22,2,132,876,138,12,112,4,0,0
740,22,4,255,1338,130,12,193,3,1,1
741,22,6,410,764,145,40,649,2,0,0
742,22,8,504,1905,149,42,754,2,0,0
743,22,10,616,1755,140,31,1035,2,1,1
744,22,12,685,1974,131,23,845,2,0,0
745,22,14,693,1205,153,63,548,1,0,0
746,22,16,642,1543,122,53,584,2,6,5
747,22,18,645,1038,155,58,814,2,0,0
748,22,20,630,1844,153,47,845,4,1,1
749,22,22,680,1661,170,58,1027,4,1,1
750,22,24,681,1076,137,49,696,3,0,0
751,22,26,697,1696,149,65,1183,1,1,1
752,22,28,627,1257,142,62,535,3,1,1
753,22,30,657,939,162,46,1160,2,0,0
754,22,32,692,920,147,25,733,2,5,4
755,22,34,694,1451,131,69,796,3,1,1
756,22,36,609,879,170,39,506,3,0,0
757,22,38,620,1785,133,33,520,4,0,0
758,22,40,694,1443,153,63,452,2,0,0
759,22,42,697,1266,161,67,847,3,0,0
760,22,44,621,1810,157,28,1103,2,3,3
761,22,46,635,1355,151,55,638,1,2,2
762,22,48,572,979,131,31,712,3,0,0
763,22,50,536,748,140,39,363,2,2,2
764,22,52,551,846,135,30,801,3,0,0
765,22,54,477,1831,146,20,684,3,1,1
766,22,56,451,1673,130,36,429,1,0,0
767,22,58,422,841,142,20,306,4,1,1
768,22,60,425,1790,156,18,432,2,0,0
769,22,62,390,696,138,12,420,2,2,2
770,22,64,362,1014,147,18,361,2,1,1
771,22,66,390,1466,138,21,326,3,0,0
772,22,68,328,1214,142,20,296,4,1,1
773,23,2,79,908,97,7,130,3,0,0
774,23,4,165,1232,96,7,233,3,1,1
775,23,6,233,1248,89,8,265,2,1,1
776,23,8,330,632,92,23,253,2,1,1
777,23,10,410,517,100,19,539,2,0,0
778,23,12,380,914,77,31,475,2,2,2
779,23,14,365,507,112,14,556,2,0,0
780,23,16,379,829,105,18,484,2,5,5
781,23,18,367,1094,96,13,528,3,1,1
782,23,20,371,1031,101,20,404,3,0,0
783,23,22,394,1153,83,17,409,2,0,0
784,23,24,364,728,87,25,283,2,0,0
785,23,26,374,1124,98,15,585,1,1,1
786,23,28,378,1100,94,25,644,2,1,1
787,23,30,363,899,73,20,486,2,1,1
788,23,32,403,1022,100,13,665,3,7,6
789,23,34,393,817,120,33,271,1,0,0
790,23,36,364,568,95,16,644,3,0,0
791,23,38,364,791,92,36,277,1,0,0
792,23,40,384,961,90,25,505,2,1,1
793,23,42,393,830,87,18,611,1,1,1
794,23,44,349,1052,94,21,277,2,0,0
795,23,46,375,611,87,37,513,2,4,4
796,23,48,321,1036,73,21,331,2,1,1
797,23,50,311,1128,87,11,375,3,1,1
798,23,52,289,1131,99,19,179,1,0,0
799,23,54,276,634,106,26,318,1,3,3
800,23,56,289,1005,79,29,398,1,1,1
801,23,58,276,1109,104,16,212,2,1,1
802,23,60,251,977,100,24,199,1,0,0
803,23,62,222,979,89,10,162,1,6,5
804,23,64,212,1230,105,13,337,1,1,1
805,23,66,196,566,95,15,127,2,0,0
806,23,68,201,713,98,20,302,2,0,0
807,24,2,157,1175,168,8,179,4,0,0
808,24,4,308,2198,174,14,355,4,0,0
809,24,6,412,1047,172,28,497,4,0,0
810,24,8,572,2602,154,31,824,2,0,0
811,24,10,736,2437,195,44,587,3,1,1
812,24,12,708,2552,172,28,1200,4,3,3
813,24,14,694,2230,172,49,1058,3,1,1
814,24,16,775,2354,167,66,1257,3,6,5
815,24,18,676,1725,159,63,829,4,1,1
816,24,20,707,1499,191,56,815,1,0,0
817,24,22,682,2270,179,66,711,3,0,0
818,24,24,742,2134,181,62,949,3,0,0
819,24,26,691,1999,165,24,1176,5,0,0
820,24,28,673,1798,186,34,834,4,0,0
821,24,30,676,2060,176,49,540,2,0,0
822,24,32,765,2380,149,36,871,3,5,4
823,24,34,757,1661,152,75,710,1,0,0
824,24,36,734,1653,172,32,561,3,0,0
825,24,38,774,1623,183,42,1034,3,0,0
826,24,40,663,1587,162,65,505,1,0,0
827,24,42,704,1261,154,58,748,1,0,0
828,24,44,641,1635,183,31,435,2,0,0
829,24,46,602,1639,187,22,484,2,3,3
830,24,48,600,2399,172,30,1019,3,1,1
831,24,50,578,2306,169,55,873,3,0,0
832,24,52,549,2201,178,39,617,2,0,0
833,24,54,527,2156,160,33,636,4,0,0
834,24,56,448,1377,174,26,398,1,0,0
835,24,58,448,2476,160,29,483,3,2,2
836,24,60,419,1002,178,28,450,2,0,0
837,24,62,358,1509,170,18,226,4,4,4
838,25,2,220,2242,251,7,204,11,1,1
839,25,4,494,2947,230,39,675,5,1,1
840,25,6,674,1561,216,44,809,3,1,1
841,25,8,901,3292,229,52,1169,8,1,1
842,25,10,1142,2600,223,62,689,8,2,2
843,25,12,1114,3247,228,38,1851,10,1,1
844,25,14,1140,3429,230,104,1641,2,0,0
845,25,16,1094,1894,232,106,1859,5,1,1
846,25,18,1221,1428,238,38,991,12,0,0
847,25,20,1142,1460,233,102,1312,12,0,0
848,25,22,1084,3328,232,53,1270,4,1,1
849,25,24,1222,2858,250,117,1598,11,1,1
850,25,26,1241,2926,237,42,873,12,0,0
851,25,28,1196,1755,226,45,1741,7,0,0
852,25,30,1104,2124,237,81,1515,5,0,0
853,25,32,1146,1424,227,42,1057,3,5,5
854,25,34,1254,3067,239,91,1698,6,0,0
855,25,36,1170,1604,230,80,1347,9,1,1
856,25,38,1142,2660,259,47,1576,6,0,0
857,25,40,1242,3075,226,70,1917,7,1,1
858,25,42,1102,3044,225,90,1374,7,0,0
859,25,44,1099,2813,186,39,1147,5,0,0
860,25,46,1211,1213,232,54,845,11,3,3
861,25,48,1261,2534,217,46,949,8,2,2
862,25,50,1117,3449,230,97,1026,6,1,1
863,25,52,1203,1866,218,67,1780,8,1,1
864,25,54,1049,1912,230,52,758,7,1,1
865,25,56,1005,1414,207,59,1400,8,0,0
866,25,58,1053,3390,230,83,873,8,0,0
867,25,60,951,2728,211,30,897,4,0,0
868,25,62,920,1710,232,36,1157,4,1,1
869,25,64,965,3311,226,96,1417,4,2,2
870,25,66,935,2038,216,52,1281,3,2,2
871,25,68,903,2715,234,89,1267,4,1,1
872,25,70,801,1872,233,78,1331,7,3,3
873,25,72,771,1643,204,33,948,9,1,1
874,25,74,825,1862,224,66,530,7,1,1
875,25,76,687,1813,231,47,1049,11,0,0
876,25,78,734,2123,226,53,1191,11,0,0
877,25,80,677,2825,226,39,683,11,2,2
878,25,82,683,2900,222,37,1121,10,2,2
879,25,84,559,3388,214,46,478,6,0,0
880,26,2,77,975,88,6,49,1,0,0
881,26,4,142,559,95,11,218,2,1,1
882,26,6,238,1012,92,18,254,1,0,0
883,26,8,302,663,91,22,335,2,0,0
884,26,10,392,601,98,21,351,1,0,0
885,26,12,393,579,97,13,470,1,1,1
886,26,14,361,796,87,17,631,2,1,1
887,26,16,395,1034,89,39,432,1,3,3
888,26,18,362,528,81,33,642,2,0,0
889,26,20,366,1077,79,18,604,2,0,0
890,26,22,376,1334,89,35,596,2,0,0
891,26,24,399,1346,82,27,272,1,1,1
892,26,26,391,1122,98,13,659,2,1,1
893,26,28,405,545,87,38,483,1,0,0
894,26,30,383,890,85,18,683,2,1,1
895,26,32,398,944,102,19,593,1,2,2
896,26,34,383,1279,88,13,239,1,1,1
897,26,36,398,1218,96,29,506,2,2,2
898,26,38,400,1111,83,14,423,1,0,0
899,26,40,395,719,71,34,311,2,0,0
900,26,42,357,1188,99,31,515,1,0,0
901,26,44,381,827,104,28,672,1,0,0
902,26,46,346,1277,89,16,276,2,4,4
903,26,48,341,928,99,16,232,1,1,1
904,26,50,345,1062,103,14,600,2,0,0
905,26,52,316,813,84,30,322,1,0,0
906,26,54,288,1234,89,22,389,1,0,0
907,26,56,275,994,81,11,208,1,1,1
908,26,58,269,516,77,23,399,1,0,0
909,26,60,251,1348,106,13,447,1,1,1
910,26,62,234,1201,99,11,222,1,3,3
911,26,64,234,1182,87,7,151,1,1,1
912,26,66,204,611,96,17,183,1,2,2
913,26,68,204,834,92,7,161,2,2,2
914,27,2,129,1393,134,9,105,4,0,0
915,27,4,248,1926,145,11,366,2,0,0
916,27,6,377,1893,149,35,257,4,1,1
917,27,8,516,2360,149,19,842,5,0,0
918,27,10,665,1772,139,66,955,2,0,0
919,27,12,652,1094,160,33,702,4,1,1
920,27,14,587,1040,156,54,877,2,0,0
921,27,16,610,1747,137,28,653,2,1,1
922,27,18,645,956,127,23,741,5,0,0
923,27,20,613,1707,133,43,951,3,0,0
924,27,22,592,951,135,28,1011,3,0,0
925,27,24,614,1233,137,23,736,3,1,1
926,27,26,595,2388,140,30,999,5,0,0
927,27,28,616,912,157,38,1091,2,0,0
928,27,30,611,2136,135,35,738,5,1,1
929,27,32,627,2008,134,62,1087,5,4,3
930,27,34,634,1399,148,62,847,2,1,1
931,27,36,618,2447,141,22,828,5,0,0
932,27,38,632,1275,154,54,689,4,1,1
933,27,40,578,1718,137,35,695,2,0,0
934,27,42,593,1523,150,19,573,3,0,0
935,27,44,574,2130,139,32,452,5,0,0
936,27,46,579,1916,160,55,620,4,4,4
937,27,48,563,1317,153,27,579,1,0,0
938,27,50,584,1439,140,34,807,5,2,2
939,27,52,518,1307,143,17,589,1,0,0
940,27,54,491,853,142,21,844,5,2,2
941,27,56,513,2168,136,40,512,5,0,0
942,27,58,444,1566,142,28,410,5,0,0
943,27,60,435,2415,145,23,655,4,1,1
944,27,62,455,1825,145,19,374,4,3,3
945,27,64,436,1094,128,16,514,1,1,1
946,27,66,388,1929,146,37,391,4,0,0
947,27,68,379,1706,147,31,583,4,0,0
948,27,70,341,877,143,10,297,3,2,2
949,27,72,326,859,144,28,382,1,0,0
950,28,2,92,606,82,7,138,4,0,0
951,28,4,173,1009,91,9,162,3,0,0
952,28,6,288,1321,115,12,495,4,0,0
953,28,8,374,1223,108,25,583,2,0,0
954,28,10,472,1396,103,36,597,4,0,0
955,28,12,487,563,97,26,668,3,0,0
956,28,14,491,1299,114,35,821,2,0,0
957,28,16,504,599,108,33,894,1,4,3
958,28,18,456,894,101,31,648,4,0,0
959,28,20,471,1135,83,39,618,2,0,0
960,28,22,462,1347,114,43,367,3,0,0
961,28,24,504,1483,117,39,393,1,1,1
962,28,26,453,714,85,23,416,2,0,0
963,28,28,494,1076,97,25,698,1,0,0
964,28,30,478,1070,92,44,451,3,0,0
965,28,32,462,1366,105,30,371,2,0,0
966,28,34,455,1379,113,22,452,2,0,0
967,28,36,437,735,106,42,396,1,0,0
968,28,38,495,672,100,39,633,3,0,0
969,28,40,453,834,100,29,373,1,0,0
970,28,42,482,1409,100,41,635,1,0,0
971,28,44,453,1564,101,43,650,1,0,0
972,28,46,450,800,101,14,742,3,1,1
973,28,48,462,1389,118,17,625,3,0,0
974,28,50,483,1514,120,30,805,1,0,0
975,28,52,455,1177,101,41,690,2,0,0
976,28,54,455,899,107,30,297,4,1,1
977,28,56,461,889,107,43,436,2,0,0
978,28,58,444,662,101,19,749,4,0,0
979,28,60,393,1547,97,31,633,3,0,0
980,28,62,380,1009,87,29,449,1,1,1
981,28,64,422,1424,98,33,365,3,0,0
982,28,66,357,1118,90,26,359,3,1,1
983,28,68,395,908,74,37,567,5,1,1
984,28,70,373,1006,95,15,615,4,0,0
985,28,72,373,565,97,23,336,2,0,0
986,28,74,311,696,117,27,385,3,0,0
987,28,76,344,1540,96,20,231,3,0,0
988,28,78,312,946,89,26,211,3,1,1
989,28,80,303,1531,99,17,457,4,0,0
990,28,82,292,1165,90,21,473,3,2,2
991,28,84,275,620,95,20,411,1,1,1
992,28,86,254,1495,92,10,300,4,1,1
993,28,88,231,641,99,13,317,1,0,0
994,29,2,306,3072,277,12,402,3,0,0
995,29,4,602,1907,281,31,708,4,0,0
996,29,6,853,3647,220,75,1049,7,0,0
997,29,8,1106,2259,256,74,1989,6,1,1
998,29,10,1384,2385,228,104,1371,6,0,0
999,29,12,1488,3141,271,111,2080,6,1,1
1000,29,14,1355,2906,259,75,1740,7,0,0
