id,store_id,sale_date,category,order_cnt,customer_cnt,foot_traffic,sales_amount,discount_amount
1,1,2024-01-01,宽粉麻辣烫,10,9,20,262.78,11.81
2,1,2024-01-01,特色小吃,4,4,7,120.68,6.76
3,1,2024-01-01,饮品,2,2,4,70.51,3.91
4,1,2024-01-01,伴手礼盒,3,3,7,96.21,2.02
5,2,2024-01-01,宽粉麻辣烫,8,8,18,224.2,5.83
6,2,2024-01-01,特色小吃,4,4,10,99.77,2.38
7,2,2024-01-01,饮品,2,2,4,59.97,3.12
8,2,2024-01-01,伴手礼盒,2,2,4,52.24,2.24
9,3,2024-01-01,宽粉麻辣烫,8,8,19,215.3,11.03
10,3,2024-01-01,特色小吃,4,4,9,97.33,3.69
11,3,2024-01-01,饮品,2,2,5,60.07,1.56
12,3,2024-01-01,伴手礼盒,2,2,4,49.53,1.39
13,4,2024-01-01,宽粉麻辣烫,6,6,14,155.23,8.11
14,4,2024-01-01,特色小吃,3,3,6,67.95,1.58
15,4,2024-01-01,饮品,2,2,4,41.58,2.36
16,4,2024-01-01,伴手礼盒,1,1,2,36.3,1.96
17,1,2024-01-02,宽粉麻辣烫,11,11,28,312.1,18.19
18,1,2024-01-02,特色小吃,5,5,10,144.07,4.68
19,1,2024-01-02,饮品,3,3,7,84.18,2.79
20,1,2024-01-02,伴手礼盒,4,4,9,112.25,3.6
21,2,2024-01-02,宽粉麻辣烫,9,8,19,269.15,16.05
22,2,2024-01-02,特色小吃,5,5,10,122.4,3.67
23,2,2024-01-02,饮品,3,3,8,74.29,2.97
24,2,2024-01-02,伴手礼盒,3,3,6,62.35,3.47
25,3,2024-01-02,宽粉麻辣烫,8,8,19,185.56,9.9
26,3,2024-01-02,特色小吃,3,3,7,82.18,2.83
27,3,2024-01-02,饮品,2,2,4,50.89,1.56
28,3,2024-01-02,伴手礼盒,2,2,4,44.1,2.07
29,4,2024-01-02,宽粉麻辣烫,7,7,14,193.58,8.83
30,4,2024-01-02,特色小吃,3,3,6,85.15,2.69
31,4,2024-01-02,饮品,2,2,4,54.23,2.74
32,4,2024-01-02,伴手礼盒,2,2,4,45.37,1.18
33,1,2024-01-03,宽粉麻辣烫,11,10,27,277.35,5.78
34,1,2024-01-03,特色小吃,5,5,10,128.08,6.62
35,1,2024-01-03,饮品,3,3,7,74.97,2.93
36,1,2024-01-03,伴手礼盒,3,3,8,98.26,5.13
37,2,2024-01-03,宽粉麻辣烫,10,9,22,246.56,7.31
38,2,2024-01-03,特色小吃,4,4,9,111.56,2.64
39,2,2024-01-03,饮品,3,3,6,66.84,1.69
40,2,2024-01-03,伴手礼盒,2,2,4,56.56,1.73
41,3,2024-01-03,宽粉麻辣烫,9,9,20,228.64,6.67
42,3,2024-01-03,特色小吃,4,4,8,101.69,5.28
43,3,2024-01-03,饮品,3,3,7,62.94,1.44
44,3,2024-01-03,伴手礼盒,2,2,4,53.69,2.77
45,4,2024-01-03,宽粉麻辣烫,7,7,13,158.88,8.59
46,4,2024-01-03,特色小吃,3,3,7,73.52,3.76
47,4,2024-01-03,饮品,2,2,4,44.48,1.06
48,4,2024-01-03,伴手礼盒,2,2,4,37.48,0.95
49,1,2024-01-04,宽粉麻辣烫,11,10,24,298.76,12.81
50,1,2024-01-04,特色小吃,5,5,10,136.34,3.05
51,1,2024-01-04,饮品,3,3,7,80.73,3.04
52,1,2024-01-04,伴手礼盒,4,4,9,106.61,3.82
53,2,2024-01-04,宽粉麻辣烫,10,9,25,258.62,13.22
54,2,2024-01-04,特色小吃,5,5,13,116.41,6.72
55,2,2024-01-04,饮品,3,3,7,71.35,2.52
56,2,2024-01-04,伴手礼盒,2,2,4,60.23,2.21
57,3,2024-01-04,宽粉麻辣烫,7,7,16,192.97,8.15
58,3,2024-01-04,特色小吃,3,3,7,86.45,4.28
59,3,2024-01-04,饮品,2,2,5,53.42,1.55
60,3,2024-01-04,伴手礼盒,2,2,4,45.54,2.62
61,4,2024-01-04,宽粉麻辣烫,7,7,14,174.95,8.11
62,4,2024-01-04,特色小吃,3,3,7,79.26,2.55
63,4,2024-01-04,饮品,2,2,4,47.61,2.19
64,4,2024-01-04,伴手礼盒,2,2,5,41.2,2.35
65,1,2024-01-05,宽粉麻辣烫,12,12,25,319.82,7.07
66,1,2024-01-05,特色小吃,5,5,11,145.88,5.71
67,1,2024-01-05,饮品,3,3,7,87.78,3.59
68,1,2024-01-05,伴手礼盒,4,4,8,114.26,4.87
69,2,2024-01-05,宽粉麻辣烫,11,10,22,287.36,7.2
70,2,2024-01-05,特色小吃,5,5,10,127.28,5.64
71,2,2024-01-05,饮品,3,3,7,77.22,1.77
72,2,2024-01-05,伴手礼盒,3,3,6,67.42,3.03
73,3,2024-01-05,宽粉麻辣烫,7,7,13,198.36,11.65
74,3,2024-01-05,特色小吃,3,3,6,90.61,3.52
75,3,2024-01-05,饮品,2,2,4,54.63,1.98
76,3,2024-01-05,伴手礼盒,2,2,5,45.87,2.66
77,4,2024-01-05,宽粉麻辣烫,7,7,13,167.57,3.73
78,4,2024-01-05,特色小吃,3,3,7,76.09,4.14
79,4,2024-01-05,饮品,2,2,4,46.06,2.39
80,4,2024-01-05,伴手礼盒,2,2,4,38.56,2.09
81,1,2024-01-06,宽粉麻辣烫,13,13,30,378.26,21.88
82,1,2024-01-06,特色小吃,6,6,15,174.73,9.57
83,1,2024-01-06,饮品,4,4,10,99.6,4.92
84,1,2024-01-06,伴手礼盒,5,5,11,133.31,3.86
85,2,2024-01-06,宽粉麻辣烫,13,13,32,332.96,17.13
86,2,2024-01-06,特色小吃,6,6,13,150.88,7.6
87,2,2024-01-06,饮品,4,4,8,92.97,2.24
88,2,2024-01-06,伴手礼盒,3,3,8,79.7,2.78
89,3,2024-01-06,宽粉麻辣烫,9,9,17,211.05,11.06
90,3,2024-01-06,特色小吃,4,4,10,95.36,5.51
91,3,2024-01-06,饮品,2,2,4,57.83,2.46
92,3,2024-01-06,伴手礼盒,2,2,4,49.66,1.01
93,4,2024-01-06,宽粉麻辣烫,8,8,15,218.57,5.81
94,4,2024-01-06,特色小吃,4,4,9,99.96,4.69
95,4,2024-01-06,饮品,2,2,5,60.62,2.49
96,4,2024-01-06,伴手礼盒,2,2,5,51.44,2.44
97,1,2024-01-07,宽粉麻辣烫,14,14,32,360.17,9.59
98,1,2024-01-07,特色小吃,6,6,13,165.64,7.94
99,1,2024-01-07,饮品,4,4,9,97.62,2.7
100,1,2024-01-07,伴手礼盒,4,4,10,128.25,6.23
101,2,2024-01-07,宽粉麻辣烫,12,12,23,334.73,18.25
102,2,2024-01-07,特色小吃,6,6,15,153.0,8.77
103,2,2024-01-07,饮品,4,4,10,91.52,4.37
104,2,2024-01-07,伴手礼盒,3,3,7,78.79,2.6
105,3,2024-01-07,宽粉麻辣烫,9,9,23,233.37,6.41
106,3,2024-01-07,特色小吃,4,4,9,105.18,2.41
107,3,2024-01-07,饮品,3,3,7,64.84,1.4
108,3,2024-01-07,伴手礼盒,2,2,5,54.69,2.33
109,4,2024-01-07,宽粉麻辣烫,9,9,18,206.87,4.56
110,4,2024-01-07,特色小吃,4,4,9,93.43,4.16
111,4,2024-01-07,饮品,2,2,5,56.61,2.95
112,4,2024-01-07,伴手礼盒,2,2,5,48.28,1.07
113,1,2024-01-08,宽粉麻辣烫,12,11,23,318.5,9.37
114,1,2024-01-08,特色小吃,5,5,12,145.13,5.62
115,1,2024-01-08,饮品,3,3,7,84.58,2.18
116,1,2024-01-08,伴手礼盒,4,4,10,112.36,5.2
117,2,2024-01-08,宽粉麻辣烫,10,10,25,252.68,14.71
118,2,2024-01-08,特色小吃,4,4,9,111.56,5.4
119,2,2024-01-08,饮品,3,3,8,68.81,3.43
120,2,2024-01-08,伴手礼盒,2,2,4,59.54,1.46
121,3,2024-01-08,宽粉麻辣烫,8,8,15,192.33,4.81
122,3,2024-01-08,特色小吃,4,4,10,86.58,2.5
123,3,2024-01-08,饮品,2,2,5,53.8,2.56
124,3,2024-01-08,伴手礼盒,2,2,4,45.17,1.77
125,4,2024-01-08,宽粉麻辣烫,6,6,16,148.33,6.79
126,4,2024-01-08,特色小吃,3,3,6,66.71,2.45
127,4,2024-01-08,饮品,2,2,4,40.62,1.73
128,4,2024-01-08,伴手礼盒,1,1,2,34.72,1.65
129,1,2024-01-09,宽粉麻辣烫,12,11,26,324.45,6.56
130,1,2024-01-09,特色小吃,6,6,11,150.59,3.13
131,1,2024-01-09,饮品,3,3,5,88.85,4.81
132,1,2024-01-09,伴手礼盒,4,4,8,112.74,6.31
133,2,2024-01-09,宽粉麻辣烫,9,9,20,252.19,6.44
134,2,2024-01-09,特色小吃,4,4,10,113.28,4.39
135,2,2024-01-09,饮品,3,3,7,69.0,3.04
136,2,2024-01-09,伴手礼盒,2,2,4,59.02,3.42
137,3,2024-01-09,宽粉麻辣烫,8,8,15,208.27,10.88
138,3,2024-01-09,特色小吃,4,4,9,92.76,4.1
139,3,2024-01-09,饮品,2,2,5,57.03,1.58
140,3,2024-01-09,伴手礼盒,2,2,4,46.95,1.29
141,4,2024-01-09,宽粉麻辣烫,6,6,14,161.31,8.04
142,4,2024-01-09,特色小吃,3,3,7,71.58,2.59
143,4,2024-01-09,饮品,2,2,4,45.73,2.63
144,4,2024-01-09,伴手礼盒,1,1,2,37.37,1.83
145,1,2024-01-10,宽粉麻辣烫,11,10,22,281.77,6.4
146,1,2024-01-10,特色小吃,5,5,9,128.25,2.85
147,1,2024-01-10,饮品,3,3,7,77.52,2.51
148,1,2024-01-10,伴手礼盒,3,3,7,96.81,5.37
149,2,2024-01-10,宽粉麻辣烫,10,10,22,273.02,15.44
150,2,2024-01-10,特色小吃,5,5,11,122.92,4.97
151,2,2024-01-10,饮品,3,3,7,76.21,3.34
152,2,2024-01-10,伴手礼盒,3,3,7,64.76,2.95
153,3,2024-01-10,宽粉麻辣烫,8,8,19,216.04,6.53
154,3,2024-01-10,特色小吃,4,4,9,96.93,4.71
155,3,2024-01-10,饮品,2,2,5,59.7,2.18
156,3,2024-01-10,伴手礼盒,2,2,4,50.78,2.13
157,4,2024-01-10,宽粉麻辣烫,8,8,18,174.28,4.29
158,4,2024-01-10,特色小吃,3,3,6,77.58,2.71
159,4,2024-01-10,饮品,2,2,4,48.85,0.99
160,4,2024-01-10,伴手礼盒,2,2,5,41.66,1.0
161,1,2024-01-11,宽粉麻辣烫,10,10,23,288.11,15.42
162,1,2024-01-11,特色小吃,5,5,10,133.53,5.92
163,1,2024-01-11,饮品,3,3,7,76.61,2.85
164,1,2024-01-11,伴手礼盒,3,3,6,101.57,2.92
165,2,2024-01-11,宽粉麻辣烫,8,7,16,228.78,6.05
166,2,2024-01-11,特色小吃,4,4,9,103.7,5.67
167,2,2024-01-11,饮品,2,2,4,64.71,2.92
168,2,2024-01-11,伴手礼盒,2,2,4,53.07,1.24
169,3,2024-01-11,宽粉麻辣烫,7,7,17,202.94,10.64
170,3,2024-01-11,特色小吃,3,3,7,92.4,5.3
171,3,2024-01-11,饮品,2,2,5,55.06,2.18
172,3,2024-01-11,伴手礼盒,2,2,5,47.88,1.61
173,4,2024-01-11,宽粉麻辣烫,7,7,14,171.76,7.5
174,4,2024-01-11,特色小吃,3,3,8,77.15,2.89
175,4,2024-01-11,饮品,2,2,4,47.67,2.69
176,4,2024-01-11,伴手礼盒,2,2,4,40.32,1.71
177,1,2024-01-12,宽粉麻辣烫,12,11,28,345.05,15.56
178,1,2024-01-12,特色小吃,6,6,13,157.44,6.16
179,1,2024-01-12,饮品,4,4,7,94.08,3.09
180,1,2024-01-12,伴手礼盒,5,5,9,121.81,2.67
181,2,2024-01-12,宽粉麻辣烫,10,9,22,271.34,12.29
182,2,2024-01-12,特色小吃,5,5,10,120.82,7.2
183,2,2024-01-12,饮品,3,3,6,74.06,3.21
184,2,2024-01-12,伴手礼盒,2,2,5,64.78,1.62
185,3,2024-01-12,宽粉麻辣烫,7,7,16,190.51,10.96
186,3,2024-01-12,特色小吃,4,4,8,85.4,5.07
187,3,2024-01-12,饮品,2,2,4,52.04,3.08
188,3,2024-01-12,伴手礼盒,2,2,5,44.29,2.19
189,4,2024-01-12,宽粉麻辣烫,7,7,17,180.88,7.41
190,4,2024-01-12,特色小吃,3,3,6,81.0,4.34
191,4,2024-01-12,饮品,2,2,5,49.44,2.39
192,4,2024-01-12,伴手礼盒,2,2,5,42.36,1.93
193,1,2024-01-13,宽粉麻辣烫,12,12,27,346.34,10.3
194,1,2024-01-13,特色小吃,5,5,10,155.84,3.74
195,1,2024-01-13,饮品,3,3,6,93.64,5.37
196,1,2024-01-13,伴手礼盒,4,4,9,122.72,4.09
197,2,2024-01-13,宽粉麻辣烫,11,10,28,305.05,7.68
198,2,2024-01-13,特色小吃,5,5,13,136.58,4.49
199,2,2024-01-13,饮品,3,3,5,82.71,3.58
200,2,2024-01-13,伴手礼盒,3,3,7,71.97,2.07
201,3,2024-01-13,宽粉麻辣烫,8,8,19,212.03,12.16
202,3,2024-01-13,特色小吃,4,4,10,96.86,2.3
203,3,2024-01-13,饮品,2,2,4,59.19,1.69
204,3,2024-01-13,伴手礼盒,2,2,4,50.16,2.79
205,4,2024-01-13,宽粉麻辣烫,8,7,18,199.51,9.63
206,4,2024-01-13,特色小吃,4,4,9,87.92,3.55
207,4,2024-01-13,饮品,2,2,4,54.92,2.19
208,4,2024-01-13,伴手礼盒,2,2,4,46.43,1.3
209,1,2024-01-14,宽粉麻辣烫,13,12,26,355.88,8.4
210,1,2024-01-14,特色小吃,6,6,12,162.4,3.57
211,1,2024-01-14,饮品,4,4,9,95.97,5.71
212,1,2024-01-14,伴手礼盒,5,5,12,124.88,2.85
213,2,2024-01-14,宽粉麻辣烫,11,11,22,278.44,14.09
214,2,2024-01-14,特色小吃,4,4,9,126.17,2.75
215,2,2024-01-14,饮品,3,3,6,77.08,2.0
216,2,2024-01-14,伴手礼盒,2,2,5,66.7,3.13
217,3,2024-01-14,宽粉麻辣烫,10,10,21,243.46,8.84
218,3,2024-01-14,特色小吃,4,4,10,109.98,4.95
219,3,2024-01-14,饮品,2,2,4,66.04,3.26
220,3,2024-01-14,伴手礼盒,2,2,5,57.02,2.25
221,4,2024-01-14,宽粉麻辣烫,7,7,13,189.92,6.84
222,4,2024-01-14,特色小吃,3,3,6,87.04,3.22
223,4,2024-01-14,饮品,2,2,4,51.82,2.27
224,4,2024-01-14,伴手礼盒,2,2,4,44.76,1.12
225,1,2024-01-15,宽粉麻辣烫,11,11,29,310.64,6.96
226,1,2024-01-15,特色小吃,5,5,12,142.94,6.71
227,1,2024-01-15,饮品,3,3,7,85.07,2.09
228,1,2024-01-15,伴手礼盒,4,4,9,111.42,4.99
229,2,2024-01-15,宽粉麻辣烫,9,8,21,230.15,8.8
230,2,2024-01-15,特色小吃,4,4,9,103.64,2.37
231,2,2024-01-15,饮品,2,2,5,62.57,3.55
232,2,2024-01-15,伴手礼盒,2,2,4,54.14,1.68
233,3,2024-01-15,宽粉麻辣烫,7,7,18,172.48,6.73
234,3,2024-01-15,特色小吃,3,3,6,77.92,4.16
235,3,2024-01-15,饮品,2,2,5,47.27,1.34
236,3,2024-01-15,伴手礼盒,1,1,2,40.93,1.09
237,4,2024-01-15,宽粉麻辣烫,7,7,13,178.76,3.78
238,4,2024-01-15,特色小吃,3,3,7,78.98,2.45
239,4,2024-01-15,饮品,2,2,4,48.97,2.71
240,4,2024-01-15,伴手礼盒,2,2,4,42.65,1.68
241,1,2024-01-16,宽粉麻辣烫,10,10,24,281.31,15.9
242,1,2024-01-16,特色小吃,5,5,10,131.36,6.45
243,1,2024-01-16,饮品,3,3,7,76.12,2.86
244,1,2024-01-16,伴手礼盒,4,4,10,100.84,2.28
245,2,2024-01-16,宽粉麻辣烫,9,8,17,253.06,6.4
246,2,2024-01-16,特色小吃,4,4,8,115.25,3.98
247,2,2024-01-16,饮品,3,3,7,71.02,3.42
248,2,2024-01-16,伴手礼盒,2,2,4,60.95,1.56
249,3,2024-01-16,宽粉麻辣烫,8,7,18,221.09,9.31
250,3,2024-01-16,特色小吃,4,4,8,99.73,3.98
251,3,2024-01-16,饮品,2,2,5,61.45,3.38
252,3,2024-01-16,伴手礼盒,2,2,4,51.34,2.95
253,4,2024-01-16,宽粉麻辣烫,8,8,16,196.74,8.65
254,4,2024-01-16,特色小吃,4,4,8,88.57,4.82
255,4,2024-01-16,饮品,2,2,4,54.54,2.07
256,4,2024-01-16,伴手礼盒,2,2,4,45.63,1.53
257,1,2024-01-17,宽粉麻辣烫,10,10,22,295.49,14.81
258,1,2024-01-17,特色小吃,5,5,10,134.74,7.87
259,1,2024-01-17,饮品,3,3,7,79.71,1.62
260,1,2024-01-17,伴手礼盒,4,4,9,104.59,2.74
261,2,2024-01-17,宽粉麻辣烫,10,10,21,246.8,12.03
262,2,2024-01-17,特色小吃,4,4,10,111.67,5.84
263,2,2024-01-17,饮品,3,3,7,66.94,3.43
264,2,2024-01-17,伴手礼盒,2,2,4,58.91,3.23
265,3,2024-01-17,宽粉麻辣烫,8,8,15,202.06,7.47
266,3,2024-01-17,特色小吃,3,3,6,91.73,2.01
267,3,2024-01-17,饮品,2,2,4,55.43,1.24
268,3,2024-01-17,伴手礼盒,2,2,4,47.58,1.74
269,4,2024-01-17,宽粉麻辣烫,6,6,13,163.51,8.94
270,4,2024-01-17,特色小吃,3,3,5,74.62,4.35
271,4,2024-01-17,饮品,2,2,4,45.28,1.15
272,4,2024-01-17,伴手礼盒,2,2,5,38.62,2.12
273,1,2024-01-18,宽粉麻辣烫,13,12,26,344.05,13.3
274,1,2024-01-18,特色小吃,6,6,15,159.35,8.11
275,1,2024-01-18,饮品,3,3,8,92.47,3.97
276,1,2024-01-18,伴手礼盒,4,4,10,121.99,2.62
277,2,2024-01-18,宽粉麻辣烫,9,9,23,248.02,14.24
278,2,2024-01-18,特色小吃,4,4,9,111.24,3.5
279,2,2024-01-18,饮品,3,3,5,68.26,2.2
280,2,2024-01-18,伴手礼盒,2,2,4,57.87,2.38
281,3,2024-01-18,宽粉麻辣烫,8,8,20,204.44,10.53
282,3,2024-01-18,特色小吃,4,4,8,93.57,4.08
283,3,2024-01-18,饮品,2,2,5,56.25,2.39
284,3,2024-01-18,伴手礼盒,2,2,5,48.77,2.73
285,4,2024-01-18,宽粉麻辣烫,8,8,15,194.49,4.67
286,4,2024-01-18,特色小吃,4,4,8,87.14,5.17
287,4,2024-01-18,饮品,2,2,4,54.33,3.05
288,4,2024-01-18,伴手礼盒,2,2,5,45.42,1.94
289,1,2024-01-19,宽粉麻辣烫,11,11,28,287.95,14.56
290,1,2024-01-19,特色小吃,5,5,11,132.92,5.74
291,1,2024-01-19,饮品,3,3,7,77.68,2.69
292,1,2024-01-19,伴手礼盒,3,3,6,101.8,3.87
293,2,2024-01-19,宽粉麻辣烫,10,10,21,271.95,8.29
294,2,2024-01-19,特色小吃,4,4,7,123.44,4.24
295,2,2024-01-19,饮品,3,3,7,74.45,2.03
296,2,2024-01-19,伴手礼盒,2,2,4,63.9,2.03
297,3,2024-01-19,宽粉麻辣烫,8,8,16,203.58,8.44
298,3,2024-01-19,特色小吃,4,4,8,91.7,4.85
299,3,2024-01-19,饮品,2,2,5,56.17,3.03
300,3,2024-01-19,伴手礼盒,2,2,5,48.02,1.51
301,4,2024-01-19,宽粉麻辣烫,8,8,18,191.39,5.14
302,4,2024-01-19,特色小吃,4,4,9,87.87,3.05
303,4,2024-01-19,饮品,2,2,4,52.28,3.12
304,4,2024-01-19,伴手礼盒,2,2,5,45.17,1.81
305,1,2024-01-20,宽粉麻辣烫,12,12,28,344.03,13.81
306,1,2024-01-20,特色小吃,5,5,9,156.72,3.51
307,1,2024-01-20,饮品,3,3,6,93.58,3.53
308,1,2024-01-20,伴手礼盒,4,4,9,121.65,3.65
309,2,2024-01-20,宽粉麻辣烫,14,13,32,336.91,12.64
310,2,2024-01-20,特色小吃,6,6,13,152.16,8.47
311,2,2024-01-20,饮品,3,3,7,92.49,4.11
312,2,2024-01-20,伴手礼盒,3,3,7,78.3,1.88
313,3,2024-01-20,宽粉麻辣烫,9,9,23,215.26,5.1
314,3,2024-01-20,特色小吃,4,4,10,97.1,4.07
315,3,2024-01-20,饮品,2,2,5,58.88,2.52
316,3,2024-01-20,伴手礼盒,2,2,4,50.76,2.39
317,4,2024-01-20,宽粉麻辣烫,9,9,23,221.5,10.27
318,4,2024-01-20,特色小吃,4,4,9,99.09,5.64
319,4,2024-01-20,饮品,2,2,4,60.81,1.3
320,4,2024-01-20,伴手礼盒,2,2,5,52.14,2.98
321,1,2024-01-21,宽粉麻辣烫,14,14,29,383.35,20.46
322,1,2024-01-21,特色小吃,6,6,11,175.94,5.74
323,1,2024-01-21,饮品,4,4,10,105.33,3.56
324,1,2024-01-21,伴手礼盒,5,5,10,135.24,7.86
325,2,2024-01-21,宽粉麻辣烫,11,11,20,278.07,15.75
326,2,2024-01-21,特色小吃,4,4,9,123.02,5.22
327,2,2024-01-21,饮品,3,3,8,76.48,2.73
328,2,2024-01-21,伴手礼盒,2,2,4,64.66,1.57
329,3,2024-01-21,宽粉麻辣烫,8,8,17,222.7,5.99
330,3,2024-01-21,特色小吃,4,4,9,100.88,5.97
331,3,2024-01-21,饮品,2,2,5,61.18,3.33
332,3,2024-01-21,伴手礼盒,2,2,4,52.27,2.85
333,4,2024-01-21,宽粉麻辣烫,7,6,17,191.72,9.99
334,4,2024-01-21,特色小吃,4,4,8,85.72,2.67
335,4,2024-01-21,饮品,2,2,4,53.38,1.44
336,4,2024-01-21,伴手礼盒,2,2,4,44.41,1.03
337,1,2024-01-22,宽粉麻辣烫,10,10,22,279.71,11.4
338,1,2024-01-22,特色小吃,4,4,10,128.17,6.42
339,1,2024-01-22,饮品,3,3,6,76.41,3.52
340,1,2024-01-22,伴手礼盒,4,4,7,97.93,4.27
341,2,2024-01-22,宽粉麻辣烫,9,8,17,262.26,5.7
342,2,2024-01-22,特色小吃,4,4,9,120.19,6.4
343,2,2024-01-22,饮品,3,3,7,71.02,1.95
344,2,2024-01-22,伴手礼盒,2,2,4,61.21,2.75
345,3,2024-01-22,宽粉麻辣烫,7,7,18,185.57,6.84
346,3,2024-01-22,特色小吃,3,3,7,85.9,2.21
347,3,2024-01-22,饮品,2,2,4,51.85,2.51
348,3,2024-01-22,伴手礼盒,2,2,5,43.18,1.58
349,4,2024-01-22,宽粉麻辣烫,8,8,20,185.42,4.55
350,4,2024-01-22,特色小吃,3,3,7,83.14,2.19
351,4,2024-01-22,饮品,2,2,5,52.47,3.04
352,4,2024-01-22,伴手礼盒,2,2,5,43.48,0.89
353,1,2024-01-23,宽粉麻辣烫,12,12,26,337.3,7.72
354,1,2024-01-23,特色小吃,5,5,12,153.35,9.01
355,1,2024-01-23,饮品,3,3,7,92.19,1.92
356,1,2024-01-23,伴手礼盒,4,4,9,119.76,5.12
357,2,2024-01-23,宽粉麻辣烫,9,9,17,260.49,9.39
358,2,2024-01-23,特色小吃,4,4,10,116.38,5.2
359,2,2024-01-23,饮品,3,3,6,73.32,2.68
360,2,2024-01-23,伴手礼盒,2,2,4,61.48,1.71
361,3,2024-01-23,宽粉麻辣烫,8,8,16,187.19,10.19
362,3,2024-01-23,特色小吃,3,3,7,83.42,5.0
363,3,2024-01-23,饮品,2,2,5,52.17,1.32
364,3,2024-01-23,伴手礼盒,2,2,4,43.39,1.67
365,4,2024-01-23,宽粉麻辣烫,6,6,14,161.18,5.71
366,4,2024-01-23,特色小吃,3,3,7,73.36,4.23
367,4,2024-01-23,饮品,2,2,4,43.91,1.76
368,4,2024-01-23,伴手礼盒,1,1,2,38.71,1.74
369,1,2024-01-24,宽粉麻辣烫,11,11,27,317.13,6.87
370,1,2024-01-24,特色小吃,5,5,11,146.03,8.54
371,1,2024-01-24,饮品,3,3,6,86.26,4.9
372,1,2024-01-24,伴手礼盒,4,4,9,111.15,4.58
373,2,2024-01-24,宽粉麻辣烫,10,10,26,267.11,6.26
374,2,2024-01-24,特色小吃,4,4,10,122.08,3.61
375,2,2024-01-24,饮品,3,3,7,74.01,3.4
376,2,2024-01-24,伴手礼盒,2,2,4,63.34,3.02
377,3,2024-01-24,宽粉麻辣烫,8,7,17,207.06,11.59
378,3,2024-01-24,特色小吃,4,4,9,93.24,3.46
379,3,2024-01-24,饮品,2,2,4,56.32,1.22
380,3,2024-01-24,伴手礼盒,2,2,4,49.63,1.25
381,4,2024-01-24,宽粉麻辣烫,7,7,15,182.9,9.62
382,4,2024-01-24,特色小吃,3,3,7,82.06,3.75
383,4,2024-01-24,饮品,2,2,4,49.59,2.32
384,4,2024-01-24,伴手礼盒,2,2,5,42.75,1.69
385,1,2024-01-25,宽粉麻辣烫,12,11,29,321.6,13.91
386,1,2024-01-25,特色小吃,5,5,13,148.2,5.46
387,1,2024-01-25,饮品,3,3,7,87.95,2.06
388,1,2024-01-25,伴手礼盒,4,4,10,113.09,4.76
389,2,2024-01-25,宽粉麻辣烫,10,9,24,263.51,10.02
390,2,2024-01-25,特色小吃,5,5,10,120.37,4.24
391,2,2024-01-25,饮品,3,3,8,72.99,1.89
392,2,2024-01-25,伴手礼盒,2,2,5,63.12,1.69
393,3,2024-01-25,宽粉麻辣烫,8,8,15,189.85,4.76
394,3,2024-01-25,特色小吃,4,4,9,86.16,5.01
395,3,2024-01-25,饮品,2,2,5,52.17,2.76
396,3,2024-01-25,伴手礼盒,2,2,5,44.49,1.42
397,4,2024-01-25,宽粉麻辣烫,7,7,16,190.91,4.05
398,4,2024-01-25,特色小吃,3,3,6,86.48,4.39
399,4,2024-01-25,饮品,2,2,4,52.54,1.25
400,4,2024-01-25,伴手礼盒,2,2,5,44.54,2.6
401,1,2024-01-26,宽粉麻辣烫,11,11,20,306.18,12.09
402,1,2024-01-26,特色小吃,5,5,10,141.75,5.93
403,1,2024-01-26,饮品,3,3,6,83.34,3.33
404,1,2024-01-26,伴手礼盒,4,4,10,109.87,5.31
405,2,2024-01-26,宽粉麻辣烫,9,9,22,256.33,10.99
406,2,2024-01-26,特色小吃,5,5,12,115.63,5.32
407,2,2024-01-26,饮品,3,3,5,71.25,2.71
408,2,2024-01-26,伴手礼盒,2,2,5,58.23,3.11
409,3,2024-01-26,宽粉麻辣烫,8,7,16,196.42,9.05
410,3,2024-01-26,特色小吃,4,4,9,89.3,2.13
411,3,2024-01-26,饮品,2,2,5,53.86,1.18
412,3,2024-01-26,伴手礼盒,2,2,4,46.16,2.6
413,4,2024-01-26,宽粉麻辣烫,7,7,16,179.4,10.69
414,4,2024-01-26,特色小吃,3,3,8,82.17,4.45
415,4,2024-01-26,饮品,2,2,5,51.7,2.55
416,4,2024-01-26,伴手礼盒,2,2,4,41.49,2.17
417,1,2024-01-27,宽粉麻辣烫,12,12,30,356.25,19.7
418,1,2024-01-27,特色小吃,6,6,14,163.78,7.66
419,1,2024-01-27,饮品,4,4,8,95.33,2.12
420,1,2024-01-27,伴手礼盒,4,4,9,125.75,3.64
421,2,2024-01-27,宽粉麻辣烫,11,10,28,274.64,14.85
422,2,2024-01-27,特色小吃,5,5,9,124.86,7.39
423,2,2024-01-27,饮品,3,3,8,73.75,1.51
424,2,2024-01-27,伴手礼盒,3,3,6,64.66,2.4
425,3,2024-01-27,宽粉麻辣烫,9,8,20,226.04,9.69
426,3,2024-01-27,特色小吃,4,4,9,103.38,3.66
427,3,2024-01-27,饮品,3,3,8,63.74,1.69
428,3,2024-01-27,伴手礼盒,2,2,5,53.55,1.67
429,4,2024-01-27,宽粉麻辣烫,7,6,14,191.94,7.82
430,4,2024-01-27,特色小吃,4,4,7,84.92,3.48
431,4,2024-01-27,饮品,2,2,4,52.28,1.39
432,4,2024-01-27,伴手礼盒,2,2,4,44.52,2.57
433,1,2024-01-28,宽粉麻辣烫,13,13,24,362.32,10.61
434,1,2024-01-28,特色小吃,6,6,13,164.88,6.88
435,1,2024-01-28,饮品,3,3,7,98.4,4.73
436,1,2024-01-28,伴手礼盒,5,5,11,127.94,6.28
437,2,2024-01-28,宽粉麻辣烫,10,10,23,284.97,9.87
438,2,2024-01-28,特色小吃,5,5,13,127.86,5.57
439,2,2024-01-28,饮品,3,3,7,79.23,4.48
440,2,2024-01-28,伴手礼盒,2,2,4,67.51,2.61
441,3,2024-01-28,宽粉麻辣烫,8,8,15,214.66,5.43
442,3,2024-01-28,特色小吃,4,4,9,94.82,4.38
443,3,2024-01-28,饮品,2,2,4,58.21,1.7
444,3,2024-01-28,伴手礼盒,2,2,4,50.3,1.81
445,4,2024-01-28,宽粉麻辣烫,7,6,17,185.0,11.02
446,4,2024-01-28,特色小吃,3,3,6,82.3,3.28
447,4,2024-01-28,饮品,2,2,5,49.53,2.87
448,4,2024-01-28,伴手礼盒,2,2,5,44.41,2.45
449,1,2024-01-29,宽粉麻辣烫,11,10,21,325.08,11.73
450,1,2024-01-29,特色小吃,6,6,12,149.41,3.14
451,1,2024-01-29,饮品,3,3,7,89.23,4.81
452,1,2024-01-29,伴手礼盒,4,4,8,115.87,6.74
453,2,2024-01-29,宽粉麻辣烫,11,11,22,273.96,11.59
454,2,2024-01-29,特色小吃,4,4,8,123.92,3.08
455,2,2024-01-29,饮品,3,3,7,75.02,3.44
456,2,2024-01-29,伴手礼盒,2,2,4,63.98,1.56
457,3,2024-01-29,宽粉麻辣烫,7,7,15,181.57,6.45
458,3,2024-01-29,特色小吃,3,3,7,82.66,4.0
459,3,2024-01-29,饮品,2,2,4,51.11,2.98
460,3,2024-01-29,伴手礼盒,2,2,4,43.78,1.79
461,4,2024-01-29,宽粉麻辣烫,7,7,14,178.14,10.1
462,4,2024-01-29,特色小吃,3,3,6,79.77,2.22
463,4,2024-01-29,饮品,2,2,4,48.14,1.21
464,4,2024-01-29,伴手礼盒,2,2,4,41.36,2.2
465,1,2024-01-30,宽粉麻辣烫,11,10,20,288.16,7.91
466,1,2024-01-30,特色小吃,5,5,13,131.31,7.49
467,1,2024-01-30,饮品,3,3,8,76.33,3.87
468,1,2024-01-30,伴手礼盒,4,4,8,101.63,5.78
469,2,2024-01-30,宽粉麻辣烫,11,10,22,263.87,10.96
470,2,2024-01-30,特色小吃,5,5,10,118.2,3.23
471,2,2024-01-30,饮品,3,3,7,72.13,2.59
472,2,2024-01-30,伴手礼盒,2,2,5,61.83,2.45
473,3,2024-01-30,宽粉麻辣烫,7,7,16,194.22,8.86
474,3,2024-01-30,特色小吃,4,4,8,87.51,3.21
475,3,2024-01-30,饮品,2,2,4,53.62,2.38
476,3,2024-01-30,伴手礼盒,2,2,5,47.42,0.98
477,4,2024-01-30,宽粉麻辣烫,8,8,19,188.16,9.89
478,4,2024-01-30,特色小吃,3,3,6,86.8,4.03
479,4,2024-01-30,饮品,2,2,4,50.82,1.95
480,4,2024-01-30,伴手礼盒,2,2,4,43.08,1.53
481,1,2024-01-31,宽粉麻辣烫,12,12,26,297.86,9.25
482,1,2024-01-31,特色小吃,5,5,10,136.16,7.53
483,1,2024-01-31,饮品,3,3,7,81.28,4.26
484,1,2024-01-31,伴手礼盒,4,4,9,107.32,5.09
485,2,2024-01-31,宽粉麻辣烫,9,9,21,246.03,8.41
486,2,2024-01-31,特色小吃,4,4,7,111.42,3.49
487,2,2024-01-31,饮品,2,2,5,67.76,2.14
488,2,2024-01-31,伴手礼盒,2,2,5,56.9,1.57
489,3,2024-01-31,宽粉麻辣烫,7,7,15,187.02,10.76
490,3,2024-01-31,特色小吃,3,3,7,85.78,4.92
491,3,2024-01-31,饮品,2,2,4,50.73,1.48
492,3,2024-01-31,伴手礼盒,2,2,4,43.91,1.87
493,4,2024-01-31,宽粉麻辣烫,6,6,13,166.89,6.56
494,4,2024-01-31,特色小吃,3,3,7,74.39,4.33
495,4,2024-01-31,饮品,2,2,5,45.83,2.7
496,4,2024-01-31,伴手礼盒,2,2,4,38.78,0.92
497,1,2024-02-01,宽粉麻辣烫,9,9,22,252.67,6.83
498,1,2024-02-01,特色小吃,4,4,7,117.02,6.19
499,1,2024-02-01,饮品,2,2,5,69.44,3.77
500,1,2024-02-01,伴手礼盒,3,3,7,91.43,1.84
501,2,2024-02-01,宽粉麻辣烫,7,6,14,208.02,5.03
502,2,2024-02-01,特色小吃,3,3,6,93.86,2.99
503,2,2024-02-01,饮品,2,2,4,57.21,3.03
504,2,2024-02-01,伴手礼盒,2,2,5,49.48,2.42
505,3,2024-02-01,宽粉麻辣烫,7,7,15,175.64,8.7
506,3,2024-02-01,特色小吃,3,3,7,80.35,2.67
507,3,2024-02-01,饮品,2,2,5,48.63,1.37
508,3,2024-02-01,伴手礼盒,1,1,2,41.79,1.34
509,4,2024-02-01,宽粉麻辣烫,6,6,14,156.43,6.38
510,4,2024-02-01,特色小吃,3,3,7,71.77,2.67
511,4,2024-02-01,饮品,2,2,4,41.33,1.23
512,4,2024-02-01,伴手礼盒,1,1,2,35.84,1.75
513,1,2024-02-02,宽粉麻辣烫,10,10,23,290.26,12.49
514,1,2024-02-02,特色小吃,5,5,13,132.91,3.78
515,1,2024-02-02,饮品,3,3,5,78.85,3.39
516,1,2024-02-02,伴手礼盒,4,4,8,101.96,2.9
517,2,2024-02-02,宽粉麻辣烫,9,9,17,254.54,11.91
518,2,2024-02-02,特色小吃,4,4,7,115.11,2.77
519,2,2024-02-02,饮品,3,3,8,69.48,2.39
520,2,2024-02-02,伴手礼盒,2,2,5,61.69,2.86
521,3,2024-02-02,宽粉麻辣烫,7,7,13,198.84,5.62
522,3,2024-02-02,特色小吃,4,4,9,89.23,2.66
523,3,2024-02-02,饮品,2,2,4,54.57,1.27
524,3,2024-02-02,伴手礼盒,2,2,5,46.42,1.29
525,4,2024-02-02,宽粉麻辣烫,8,8,19,176.63,7.22
526,4,2024-02-02,特色小吃,3,3,6,79.58,2.22
527,4,2024-02-02,饮品,2,2,5,48.16,2.66
528,4,2024-02-02,伴手礼盒,2,2,4,41.97,1.06
529,1,2024-02-03,宽粉麻辣烫,11,11,28,288.93,15.23
530,1,2024-02-03,特色小吃,5,5,12,132.87,4.38
531,1,2024-02-03,饮品,3,3,6,78.99,2.16
532,1,2024-02-03,伴手礼盒,3,3,6,100.84,2.75
533,2,2024-02-03,宽粉麻辣烫,8,8,16,239.21,7.04
534,2,2024-02-03,特色小吃,4,4,9,108.24,6.11
535,2,2024-02-03,饮品,2,2,5,65.77,3.72
536,2,2024-02-03,伴手礼盒,2,2,5,56.69,2.91
537,3,2024-02-03,宽粉麻辣烫,8,8,16,222.78,9.37
538,3,2024-02-03,特色小吃,4,4,9,101.39,2.39
539,3,2024-02-03,饮品,2,2,5,61.85,3.41
540,3,2024-02-03,伴手礼盒,2,2,4,53.05,1.66
541,4,2024-02-03,宽粉麻辣烫,9,9,16,200.18,4.72
542,4,2024-02-03,特色小吃,3,3,7,89.68,3.94
543,4,2024-02-03,饮品,2,2,5,55.37,1.87
544,4,2024-02-03,伴手礼盒,2,2,4,46.19,1.17
545,1,2024-02-04,宽粉麻辣烫,13,12,33,364.58,11.1
546,1,2024-02-04,特色小吃,6,6,12,166.98,7.29
547,1,2024-02-04,饮品,3,3,6,97.49,2.78
548,1,2024-02-04,伴手礼盒,4,4,9,128.45,5.19
549,2,2024-02-04,宽粉麻辣烫,10,10,24,274.24,14.27
550,2,2024-02-04,特色小吃,5,5,13,125.84,4.56
551,2,2024-02-04,饮品,3,3,7,74.92,3.46
552,2,2024-02-04,伴手礼盒,2,2,4,65.13,2.24
553,3,2024-02-04,宽粉麻辣烫,8,8,20,207.16,12.12
554,3,2024-02-04,特色小吃,3,3,6,93.01,2.21
555,3,2024-02-04,饮品,2,2,4,56.9,1.21
556,3,2024-02-04,伴手礼盒,2,2,4,49.87,2.03
557,4,2024-02-04,宽粉麻辣烫,7,7,14,181.91,9.83
558,4,2024-02-04,特色小吃,3,3,7,81.56,2.99
559,4,2024-02-04,饮品,2,2,4,50.98,1.64
560,4,2024-02-04,伴手礼盒,2,2,4,43.25,1.52
561,1,2024-02-05,宽粉麻辣烫,10,10,19,276.75,16.16
562,1,2024-02-05,特色小吃,5,5,11,126.05,5.43
563,1,2024-02-05,饮品,3,3,6,75.2,3.46
564,1,2024-02-05,伴手礼盒,3,3,7,98.4,5.86
565,2,2024-02-05,宽粉麻辣烫,8,7,18,216.55,10.98
566,2,2024-02-05,特色小吃,3,3,6,95.57,4.34
567,2,2024-02-05,饮品,2,2,4,59.17,3.09
568,2,2024-02-05,伴手礼盒,2,2,5,50.22,2.19
569,3,2024-02-05,宽粉麻辣烫,6,6,14,172.15,9.53
570,3,2024-02-05,特色小吃,3,3,7,77.27,3.98
571,3,2024-02-05,饮品,2,2,4,48.38,1.24
572,3,2024-02-05,伴手礼盒,1,1,2,-40.03,1.45
573,4,2024-02-05,宽粉麻辣烫,6,6,12,143.58,4.23
574,4,2024-02-05,特色小吃,3,3,6,64.75,1.48
575,4,2024-02-05,饮品,1,1,2,38.71,1.48
576,4,2024-02-05,伴手礼盒,1,1,2,34.01,0.76
577,1,2024-02-06,宽粉麻辣烫,9,9,17,259.8,12.57
578,1,2024-02-06,特色小吃,5,5,12,119.38,6.32
579,1,2024-02-06,饮品,3,3,6,71.32,4.02
580,1,2024-02-06,伴手礼盒,3,3,6,92.4,2.37
581,2,2024-02-06,宽粉麻辣烫,8,8,17,214.37,10.34
582,2,2024-02-06,特色小吃,3,3,6,97.75,5.02
583,2,2024-02-06,饮品,2,2,5,58.05,2.78
584,2,2024-02-06,伴手礼盒,2,2,5,50.39,2.61
585,3,2024-02-06,宽粉麻辣烫,6,6,15,164.35,9.28
586,3,2024-02-06,特色小吃,3,3,7,74.39,3.77
587,3,2024-02-06,饮品,2,2,5,45.66,1.46
588,3,2024-02-06,伴手礼盒,2,2,4,39.79,1.94
589,4,2024-02-06,宽粉麻辣烫,6,6,15,152.33,5.73
590,4,2024-02-06,特色小吃,2,2,5,66.78,2.95
591,4,2024-02-06,饮品,2,2,4,40.24,1.89
592,4,2024-02-06,伴手礼盒,2,2,4,35.78,1.37
593,1,2024-02-07,宽粉麻辣烫,11,10,22,293.22,16.01
594,1,2024-02-07,特色小吃,5,5,12,133.04,4.39
595,1,2024-02-07,饮品,3,3,7,78.85,2.19
596,1,2024-02-07,伴手礼盒,3,3,7,102.53,2.15
597,2,2024-02-07,宽粉麻辣烫,9,8,22,231.02,7.28
598,2,2024-02-07,特色小吃,4,4,10,103.99,5.46
599,2,2024-02-07,饮品,2,2,4,62.74,2.83
600,2,2024-02-07,伴手礼盒,2,2,4,54.67,1.38
601,3,2024-02-07,宽粉麻辣烫,6,6,12,176.53,9.22
602,3,2024-02-07,特色小吃,3,3,6,78.55,3.93
603,3,2024-02-07,饮品,2,2,4,48.17,2.26
604,3,2024-02-07,伴手礼盒,2,2,4,41.0,2.02
605,4,2024-02-07,宽粉麻辣烫,7,7,17,174.63,7.1
606,4,2024-02-07,特色小吃,3,3,8,77.42,3.66
607,4,2024-02-07,饮品,2,2,5,48.6,1.83
608,4,2024-02-07,伴手礼盒,1,1,2,37.92,2.2
609,1,2024-02-08,宽粉麻辣烫,9,9,19,258.94,9.28
610,1,2024-02-08,特色小吃,4,4,10,120.48,2.75
611,1,2024-02-08,饮品,3,3,8,71.07,2.24
612,1,2024-02-08,伴手礼盒,3,3,6,92.73,2.94
613,2,2024-02-08,宽粉麻辣烫,9,9,19,250.55,11.45
614,2,2024-02-08,特色小吃,4,4,8,113.75,3.28
615,2,2024-02-08,饮品,3,3,6,69.56,2.34
616,2,2024-02-08,伴手礼盒,2,2,5,58.7,2.68
617,3,2024-02-08,宽粉麻辣烫,6,6,14,172.97,3.82
618,3,2024-02-08,特色小吃,3,3,6,77.95,1.64
619,3,2024-02-08,饮品,2,2,5,47.22,2.18
620,3,2024-02-08,伴手礼盒,2,2,4,41.27,1.05
621,4,2024-02-08,宽粉麻辣烫,7,7,15,159.15,4.04
622,4,2024-02-08,特色小吃,3,3,6,72.3,1.71
623,4,2024-02-08,饮品,2,2,5,41.49,1.65
624,4,2024-02-08,伴手礼盒,2,2,5,38.0,2.06
625,1,2024-02-09,宽粉麻辣烫,9,9,22,264.5,8.85
626,1,2024-02-09,特色小吃,5,5,9,124.34,3.4
627,1,2024-02-09,饮品,3,3,7,71.7,2.32
628,1,2024-02-09,伴手礼盒,3,3,7,93.6,4.83
629,2,2024-02-09,宽粉麻辣烫,8,8,18,217.17,6.49
630,2,2024-02-09,特色小吃,4,4,10,98.68,3.38
631,2,2024-02-09,饮品,2,2,5,60.85,1.63
632,2,2024-02-09,伴手礼盒,2,2,4,51.75,1.32
633,3,2024-02-09,宽粉麻辣烫,7,7,16,204.82,7.62
634,3,2024-02-09,特色小吃,4,4,9,95.42,3.08
635,3,2024-02-09,饮品,2,2,4,56.55,1.92
636,3,2024-02-09,伴手礼盒,2,2,4,49.15,2.3
637,4,2024-02-09,宽粉麻辣烫,6,6,12,160.96,4.32
638,4,2024-02-09,特色小吃,3,3,6,72.48,3.35
639,4,2024-02-09,饮品,2,2,4,44.47,1.25
640,4,2024-02-09,伴手礼盒,1,1,2,38.3,1.83
641,1,2024-02-10,宽粉麻辣烫,11,10,25,298.4,16.83
642,1,2024-02-10,特色小吃,5,5,9,135.21,6.89
643,1,2024-02-10,饮品,3,3,7,80.78,1.86
644,1,2024-02-10,伴手礼盒,4,4,9,105.37,4.73
645,2,2024-02-10,宽粉麻辣烫,12,12,26,302.93,9.9
646,2,2024-02-10,特色小吃,5,5,13,135.69,6.81
647,2,2024-02-10,饮品,3,3,7,82.74,2.67
648,2,2024-02-10,伴手礼盒,3,3,7,70.53,1.69
649,3,2024-02-10,宽粉麻辣烫,8,8,16,205.2,9.03
650,3,2024-02-10,特色小吃,4,4,10,92.69,2.12
651,3,2024-02-10,饮品,2,2,5,56.61,2.94
652,3,2024-02-10,伴手礼盒,2,2,5,48.26,1.88
653,4,2024-02-10,宽粉麻辣烫,8,8,20,187.66,8.69
654,4,2024-02-10,特色小吃,4,4,8,84.39,4.57
655,4,2024-02-10,饮品,2,2,4,51.81,1.96
656,4,2024-02-10,伴手礼盒,2,2,5,46.12,1.29
657,1,2024-02-11,宽粉麻辣烫,12,12,23,302.22,10.97
658,1,2024-02-11,特色小吃,5,5,11,140.25,3.29
659,1,2024-02-11,饮品,3,3,6,83.71,2.12
660,1,2024-02-11,伴手礼盒,4,4,8,105.22,3.36
661,2,2024-02-11,宽粉麻辣烫,10,9,20,287.66,10.63
662,2,2024-02-11,特色小吃,5,5,10,128.22,2.6
663,2,2024-02-11,饮品,3,3,7,78.24,3.51
664,2,2024-02-11,伴手礼盒,3,3,6,66.76,2.4
665,3,2024-02-11,宽粉麻辣烫,9,9,22,220.13,6.59
666,3,2024-02-11,特色小吃,4,4,8,99.87,5.95
667,3,2024-02-11,饮品,2,2,5,61.77,3.7
668,3,2024-02-11,伴手礼盒,2,2,4,52.02,1.31
669,4,2024-02-11,宽粉麻辣烫,8,8,17,190.91,6.72
670,4,2024-02-11,特色小吃,3,3,6,84.34,4.12
671,4,2024-02-11,饮品,2,2,4,52.47,2.45
672,4,2024-02-11,伴手礼盒,2,2,5,45.57,0.93
673,1,2024-02-12,宽粉麻辣烫,10,9,21,292.51,9.87
674,1,2024-02-12,特色小吃,5,5,12,133.42,6.76
675,1,2024-02-12,饮品,3,3,7,78.86,2.2
676,1,2024-02-12,伴手礼盒,4,4,10,102.61,5.64
677,2,2024-02-12,宽粉麻辣烫,9,9,20,234.24,11.9
678,2,2024-02-12,特色小吃,4,4,8,105.26,2.65
679,2,2024-02-12,饮品,3,3,7,64.24,2.78
680,2,2024-02-12,伴手礼盒,2,2,4,54.95,1.98
681,3,2024-02-12,宽粉麻辣烫,7,7,13,175.81,9.9
682,3,2024-02-12,特色小吃,3,3,6,80.64,4.76
683,3,2024-02-12,饮品,2,2,4,48.99,1.08
684,3,2024-02-12,伴手礼盒,2,2,4,41.2,1.98
685,4,2024-02-12,宽粉麻辣烫,6,6,15,147.31,5.35
686,4,2024-02-12,特色小吃,3,3,7,67.71,1.88
687,4,2024-02-12,饮品,2,2,5,40.99,1.04
688,4,2024-02-12,伴手礼盒,1,1,2,35.22,1.71
689,1,2024-02-13,宽粉麻辣烫,10,9,19,309.95,7.1
690,1,2024-02-13,特色小吃,6,6,12,142.37,3.93
691,1,2024-02-13,饮品,3,3,7,81.67,2.44
692,1,2024-02-13,伴手礼盒,4,4,8,109.88,4.22
693,2,2024-02-13,宽粉麻辣烫,9,9,19,242.15,7.9
694,2,2024-02-13,特色小吃,4,4,9,109.87,2.97
695,2,2024-02-13,饮品,2,2,5,66.29,2.82
696,2,2024-02-13,伴手礼盒,2,2,5,57.31,1.88
697,3,2024-02-13,宽粉麻辣烫,7,6,14,181.9,8.94
698,3,2024-02-13,特色小吃,3,3,7,80.57,4.25
699,3,2024-02-13,饮品,2,2,5,48.26,1.04
700,3,2024-02-13,伴手礼盒,2,2,5,42.32,2.53
701,4,2024-02-13,宽粉麻辣烫,6,6,12,142.15,3.71
702,4,2024-02-13,特色小吃,3,3,7,62.97,2.25
703,4,2024-02-13,饮品,2,2,5,38.59,2.18
704,4,2024-02-13,伴手礼盒,1,1,2,33.29,0.92
705,1,2024-02-14,宽粉麻辣烫,10,10,20,297.15,10.07
706,1,2024-02-14,特色小吃,5,5,12,138.0,4.26
707,1,2024-02-14,饮品,3,3,7,82.03,3.23
708,1,2024-02-14,伴手礼盒,4,4,10,107.65,3.47
709,2,2024-02-14,宽粉麻辣烫,9,9,17,233.54,7.47
710,2,2024-02-14,特色小吃,4,4,9,106.48,2.79
711,2,2024-02-14,饮品,2,2,4,65.14,3.12
712,2,2024-02-14,伴手礼盒,2,2,4,56.1,1.96
713,3,2024-02-14,宽粉麻辣烫,6,6,12,166.52,6.74
714,3,2024-02-14,特色小吃,3,3,6,75.46,4.28
715,3,2024-02-14,饮品,2,2,4,46.23,1.87
716,3,2024-02-14,伴手礼盒,1,1,3,39.42,1.17
717,4,2024-02-14,宽粉麻辣烫,7,7,17,175.88,5.92
718,4,2024-02-14,特色小吃,3,3,6,79.62,2.31
719,4,2024-02-14,饮品,2,2,4,48.54,1.15
720,4,2024-02-14,伴手礼盒,2,2,5,41.84,0.97
721,1,2024-02-15,宽粉麻辣烫,10,9,22,277.41,7.01
722,1,2024-02-15,特色小吃,5,5,10,127.79,5.71
723,1,2024-02-15,饮品,3,3,5,75.37,4.31
724,1,2024-02-15,伴手礼盒,3,3,7,98.48,2.25
725,2,2024-02-15,宽粉麻辣烫,8,8,16,219.21,10.27
726,2,2024-02-15,特色小吃,3,3,7,101.08,4.37
727,2,2024-02-15,饮品,2,2,5,62.04,2.03
728,2,2024-02-15,伴手礼盒,2,2,5,51.44,1.51
729,3,2024-02-15,宽粉麻辣烫,7,7,14,186.96,10.72
730,3,2024-02-15,特色小吃,3,3,7,84.28,5.0
731,3,2024-02-15,饮品,2,2,4,51.99,2.82
732,3,2024-02-15,伴手礼盒,2,2,5,43.76,2.18
733,4,2024-02-15,宽粉麻辣烫,7,7,15,166.31,7.88
734,4,2024-02-15,特色小吃,3,3,7,74.87,3.18
735,4,2024-02-15,饮品,2,2,4,46.05,1.51
736,4,2024-02-15,伴手礼盒,2,2,4,40.42,1.61
737,1,2024-02-16,宽粉麻辣烫,10,9,22,297.38,9.91
738,1,2024-02-16,特色小吃,5,5,11,137.51,7.13
739,1,2024-02-16,饮品,3,3,7,82.58,3.46
740,1,2024-02-16,伴手礼盒,4,4,8,107.82,5.11
741,2,2024-02-16,宽粉麻辣烫,9,9,22,222.84,11.87
742,2,2024-02-16,特色小吃,4,4,8,99.52,4.14
743,2,2024-02-16,饮品,2,2,5,60.49,2.39
744,2,2024-02-16,伴手礼盒,2,2,4,53.1,1.54
745,3,2024-02-16,宽粉麻辣烫,7,7,16,183.29,6.49
746,3,2024-02-16,特色小吃,3,3,7,81.94,2.02
747,3,2024-02-16,饮品,2,2,4,50.91,2.75
748,3,2024-02-16,伴手礼盒,2,2,4,42.83,2.56
749,4,2024-02-16,宽粉麻辣烫,6,6,13,153.83,8.68
750,4,2024-02-16,特色小吃,3,3,6,69.43,1.45
751,4,2024-02-16,饮品,2,2,4,42.94,1.25
752,4,2024-02-16,伴手礼盒,1,1,2,36.2,1.15
753,1,2024-02-17,宽粉麻辣烫,13,13,30,350.75,11.01
754,1,2024-02-17,特色小吃,5,5,12,160.65,9.58
755,1,2024-02-17,饮品,4,4,8,94.69,3.88
756,1,2024-02-17,伴手礼盒,4,4,9,122.62,5.44
757,2,2024-02-17,宽粉麻辣烫,11,11,20,290.46,8.65
758,2,2024-02-17,特色小吃,5,5,10,131.11,2.96
759,2,2024-02-17,饮品,3,3,5,78.5,3.95
760,2,2024-02-17,伴手礼盒,2,2,4,67.91,2.31
761,3,2024-02-17,宽粉麻辣烫,7,7,18,193.19,5.09
762,3,2024-02-17,特色小吃,4,4,9,86.75,1.8
763,3,2024-02-17,饮品,2,2,5,52.7,2.91
764,3,2024-02-17,伴手礼盒,2,2,5,45.58,1.1
765,4,2024-02-17,宽粉麻辣烫,7,7,17,178.02,7.39
766,4,2024-02-17,特色小吃,3,3,7,79.31,2.37
767,4,2024-02-17,饮品,2,2,4,48.46,1.33
768,4,2024-02-17,伴手礼盒,2,2,4,41.35,1.64
769,1,2024-02-18,宽粉麻辣烫,12,11,25,305.79,11.12
770,1,2024-02-18,特色小吃,5,5,11,142.78,3.85
771,1,2024-02-18,饮品,3,3,7,83.81,4.63
772,1,2024-02-18,伴手礼盒,4,4,8,107.74,3.9
773,2,2024-02-18,宽粉麻辣烫,10,10,22,272.6,11.74
774,2,2024-02-18,特色小吃,5,5,12,121.33,3.43
775,2,2024-02-18,饮品,3,3,6,73.24,2.51
776,2,2024-02-18,伴手礼盒,2,2,4,62.17,1.81
777,3,2024-02-18,宽粉麻辣烫,9,8,18,234.88,10.12
778,3,2024-02-18,特色小吃,4,4,10,106.95,3.65
779,3,2024-02-18,饮品,3,3,7,63.11,3.17
780,3,2024-02-18,伴手礼盒,2,2,4,55.03,3.06
781,4,2024-02-18,宽粉麻辣烫,6,6,11,168.63,5.64
782,4,2024-02-18,特色小吃,3,3,6,75.18,3.1
783,4,2024-02-18,饮品,2,2,4,47.18,2.12
784,4,2024-02-18,伴手礼盒,1,1,2,38.88,1.12
785,1,2024-02-19,宽粉麻辣烫,10,10,21,260.31,14.34
786,1,2024-02-19,特色小吃,4,4,10,119.26,2.72
787,1,2024-02-19,饮品,3,3,8,70.38,2.93
788,1,2024-02-19,伴手礼盒,3,3,6,93.2,2.2
789,2,2024-02-19,宽粉麻辣烫,8,8,18,206.51,6.24
790,2,2024-02-19,特色小吃,4,4,10,92.74,4.86
791,2,2024-02-19,饮品,2,2,5,57.23,3.18
792,2,2024-02-19,伴手礼盒,2,2,4,49.06,2.55
793,3,2024-02-19,宽粉麻辣烫,7,7,15,170.34,5.41
794,3,2024-02-19,特色小吃,3,3,7,78.15,2.0
795,3,2024-02-19,饮品,2,2,4,47.07,1.72
796,3,2024-02-19,伴手礼盒,2,2,4,40.64,1.18
797,4,2024-02-19,宽粉麻辣烫,6,6,15,138.31,4.85
798,4,2024-02-19,特色小吃,3,3,6,63.58,3.02
799,4,2024-02-19,饮品,2,2,4,38.26,1.98
800,4,2024-02-19,伴手礼盒,1,1,2,32.89,1.72
801,1,2024-02-20,宽粉麻辣烫,10,10,22,273.54,11.02
802,1,2024-02-20,特色小吃,5,5,13,125.12,4.4
803,1,2024-02-20,饮品,3,3,7,74.73,1.84
804,1,2024-02-20,伴手礼盒,4,4,7,98.93,5.84
805,2,2024-02-20,宽粉麻辣烫,8,8,16,220.53,7.81
806,2,2024-02-20,特色小吃,4,4,8,100.75,4.01
807,2,2024-02-20,饮品,2,2,4,60.35,1.42
808,2,2024-02-20,伴手礼盒,2,2,5,53.08,1.83
809,3,2024-02-20,宽粉麻辣烫,7,7,14,192.68,4.41
810,3,2024-02-20,特色小吃,4,4,9,87.76,2.18
811,3,2024-02-20,饮品,2,2,5,52.23,2.23
812,3,2024-02-20,伴手礼盒,2,2,4,45.62,1.12
813,4,2024-02-20,宽粉麻辣烫,6,6,13,161.72,4.75
814,4,2024-02-20,特色小吃,3,3,5,73.83,2.04
815,4,2024-02-20,饮品,2,2,5,44.19,2.56
816,4,2024-02-20,伴手礼盒,2,2,4,37.87,1.58
817,1,2024-02-21,宽粉麻辣烫,9,9,23,259.69,10.95
818,1,2024-02-21,特色小吃,4,4,10,120.79,6.99
819,1,2024-02-21,饮品,2,2,4,69.95,4.15
820,1,2024-02-21,伴手礼盒,3,3,7,92.25,3.35
821,2,2024-02-21,宽粉麻辣烫,10,10,20,258.9,5.33
822,2,2024-02-21,特色小吃,4,4,10,116.39,5.12
823,2,2024-02-21,饮品,3,3,5,70.2,2.71
824,2,2024-02-21,伴手礼盒,2,2,4,60.03,2.55
825,3,2024-02-21,宽粉麻辣烫,6,6,12,167.51,7.35
826,3,2024-02-21,特色小吃,3,3,5,77.49,2.13
827,3,2024-02-21,饮品,2,2,5,47.39,1.74
828,3,2024-02-21,伴手礼盒,2,2,4,39.9,1.48
829,4,2024-02-21,宽粉麻辣烫,7,7,15,174.16,5.22
830,4,2024-02-21,特色小吃,3,3,6,78.12,3.16
831,4,2024-02-21,饮品,2,2,4,46.43,1.35
832,4,2024-02-21,伴手礼盒,2,2,5,41.41,1.68
833,1,2024-02-22,宽粉麻辣烫,9,8,16,256.82,8.21
834,1,2024-02-22,特色小吃,4,4,9,116.1,4.32
835,1,2024-02-22,饮品,3,3,7,69.46,3.05
836,1,2024-02-22,伴手礼盒,3,3,7,89.48,3.48
837,2,2024-02-22,宽粉麻辣烫,9,9,22,227.55,7.18
838,2,2024-02-22,特色小吃,4,4,8,103.28,5.21
839,2,2024-02-22,饮品,2,2,4,62.7,2.78
840,2,2024-02-22,伴手礼盒,2,2,4,54.18,2.82
841,3,2024-02-22,宽粉麻辣烫,6,6,11,172.43,7.96
842,3,2024-02-22,特色小吃,3,3,6,77.74,3.73
843,3,2024-02-22,饮品,2,2,4,48.37,1.1
844,3,2024-02-22,伴手礼盒,2,2,4,42.07,1.75
845,4,2024-02-22,宽粉麻辣烫,6,6,12,159.86,6.62
846,4,2024-02-22,特色小吃,3,3,6,73.98,4.19
847,4,2024-02-22,饮品,2,2,5,43.48,2.32
848,4,2024-02-22,伴手礼盒,2,2,4,38.55,0.97
849,1,2024-02-23,宽粉麻辣烫,10,10,18,281.33,7.88
850,1,2024-02-23,特色小吃,5,5,11,130.77,7.15
851,1,2024-02-23,饮品,3,3,7,75.19,4.31
852,1,2024-02-23,伴手礼盒,4,4,9,97.92,2.3
853,2,2024-02-23,宽粉麻辣烫,9,9,19,242.15,6.85
854,2,2024-02-23,特色小吃,4,4,10,108.72,3.27
855,2,2024-02-23,饮品,3,3,5,66.87,2.69
856,2,2024-02-23,伴手礼盒,2,2,5,56.9,3.32
857,3,2024-02-23,宽粉麻辣烫,8,8,18,205.32,6.34
858,3,2024-02-23,特色小吃,3,3,6,91.4,2.38
859,3,2024-02-23,饮品,2,2,4,56.7,1.38
860,3,2024-02-23,伴手礼盒,2,2,4,49.2,1.27
861,4,2024-02-23,宽粉麻辣烫,7,7,15,167.74,6.21
862,4,2024-02-23,特色小吃,3,3,7,76.21,4.53
863,4,2024-02-23,饮品,2,2,4,45.85,1.03
864,4,2024-02-23,伴手礼盒,2,2,4,39.54,0.96
865,1,2024-02-24,宽粉麻辣烫,10,9,24,297.3,12.84
866,1,2024-02-24,特色小吃,5,5,12,135.93,6.25
867,1,2024-02-24,饮品,3,3,8,80.77,2.35
868,1,2024-02-24,伴手礼盒,4,4,8,106.27,3.02
869,2,2024-02-24,宽粉麻辣烫,8,8,15,240.31,12.35
870,2,2024-02-24,特色小吃,4,4,8,109.68,3.7
871,2,2024-02-24,饮品,2,2,5,66.31,2.85
872,2,2024-02-24,伴手礼盒,2,2,4,55.94,3.27
873,3,2024-02-24,宽粉麻辣烫,8,8,16,208.66,8.12
874,3,2024-02-24,特色小吃,4,4,7,92.7,5.48
875,3,2024-02-24,饮品,2,2,5,58.19,2.56
876,3,2024-02-24,伴手礼盒,2,2,4,48.97,1.41
877,4,2024-02-24,宽粉麻辣烫,7,7,15,185.5,7.94
878,4,2024-02-24,特色小吃,3,3,7,81.91,1.75
879,4,2024-02-24,饮品,2,2,5,49.93,1.5
880,4,2024-02-24,伴手礼盒,2,2,4,42.48,1.4
881,1,2024-02-25,宽粉麻辣烫,12,11,24,341.49,14.83
882,1,2024-02-25,特色小吃,6,6,12,155.53,7.21
883,1,2024-02-25,饮品,3,3,6,91.59,3.26
884,1,2024-02-25,伴手礼盒,4,4,8,119.87,4.56
885,2,2024-02-25,宽粉麻辣烫,11,11,20,293.94,14.96
886,2,2024-02-25,特色小吃,5,5,10,132.5,4.13
887,2,2024-02-25,饮品,3,3,6,80.13,1.96
888,2,2024-02-25,伴手礼盒,2,2,5,68.06,1.54
889,3,2024-02-25,宽粉麻辣烫,9,9,17,239.89,8.65
890,3,2024-02-25,特色小吃,4,4,10,110.48,5.73
891,3,2024-02-25,饮品,3,3,5,66.16,2.51
892,3,2024-02-25,伴手礼盒,2,2,5,55.72,2.76
893,4,2024-02-25,宽粉麻辣烫,8,7,16,201.22,9.84
894,4,2024-02-25,特色小吃,4,4,10,90.84,2.1
895,4,2024-02-25,饮品,2,2,5,54.72,2.07
896,4,2024-02-25,伴手礼盒,2,2,4,-47.62,2.72
897,1,2024-02-26,宽粉麻辣烫,11,11,28,292.92,8.95
898,1,2024-02-26,特色小吃,5,5,10,133.85,3.24
899,1,2024-02-26,饮品,3,3,6,77.79,4.35
900,1,2024-02-26,伴手礼盒,4,4,8,102.9,2.91
901,2,2024-02-26,宽粉麻辣烫,8,8,17,218.3,9.93
902,2,2024-02-26,特色小吃,4,4,7,98.86,3.99
903,2,2024-02-26,饮品,2,2,5,61.09,2.36
904,2,2024-02-26,伴手礼盒,2,2,4,50.32,2.19
905,3,2024-02-26,宽粉麻辣烫,7,7,15,158.61,8.81
906,3,2024-02-26,特色小吃,3,3,7,70.03,2.12
907,3,2024-02-26,饮品,2,2,5,45.46,1.42
908,3,2024-02-26,伴手礼盒,2,2,4,38.15,1.28
909,4,2024-02-26,宽粉麻辣烫,6,6,11,159.72,8.79
910,4,2024-02-26,特色小吃,3,3,8,71.75,2.67
911,4,2024-02-26,饮品,2,2,5,43.94,1.37
912,4,2024-02-26,伴手礼盒,1,1,2,37.99,2.28
913,1,2024-02-27,宽粉麻辣烫,10,10,19,267.89,10.4
914,1,2024-02-27,特色小吃,4,4,8,122.69,6.44
915,1,2024-02-27,饮品,3,3,6,72.71,2.06
916,1,2024-02-27,伴手礼盒,3,3,8,95.27,4.41
917,2,2024-02-27,宽粉麻辣烫,9,9,18,222.77,7.42
918,2,2024-02-27,特色小吃,4,4,10,100.87,4.99
919,2,2024-02-27,饮品,2,2,5,60.66,1.34
920,2,2024-02-27,伴手礼盒,2,2,5,51.83,1.95
921,3,2024-02-27,宽粉麻辣烫,8,7,21,198.33,7.51
922,3,2024-02-27,特色小吃,3,3,7,89.9,5.17
923,3,2024-02-27,饮品,2,2,4,53.07,2.58
924,3,2024-02-27,伴手礼盒,2,2,4,47.69,2.71
925,4,2024-02-27,宽粉麻辣烫,6,6,13,151.18,6.98
926,4,2024-02-27,特色小吃,3,3,7,69.0,3.54
927,4,2024-02-27,饮品,2,2,5,41.81,2.02
928,4,2024-02-27,伴手礼盒,1,1,2,35.63,1.08
929,1,2024-02-28,宽粉麻辣烫,9,9,17,259.08,13.86
930,1,2024-02-28,特色小吃,4,4,8,119.18,5.92
931,1,2024-02-28,饮品,2,2,4,70.12,1.96
932,1,2024-02-28,伴手礼盒,3,3,6,90.09,3.57
933,2,2024-02-28,宽粉麻辣烫,8,8,20,227.02,12.2
934,2,2024-02-28,特色小吃,4,4,10,100.6,3.64
935,2,2024-02-28,饮品,2,2,4,60.42,1.56
936,2,2024-02-28,伴手礼盒,2,2,5,53.78,1.93
937,3,2024-02-28,宽粉麻辣烫,8,8,14,206.94,8.25
938,3,2024-02-28,特色小吃,4,4,9,93.34,2.97
939,3,2024-02-28,饮品,2,2,5,57.48,1.96
940,3,2024-02-28,伴手礼盒,2,2,5,48.4,1.17
941,4,2024-02-28,宽粉麻辣烫,7,7,13,157.61,5.41
942,4,2024-02-28,特色小吃,3,3,7,69.22,3.48
943,4,2024-02-28,饮品,2,2,4,42.89,2.18
944,4,2024-02-28,伴手礼盒,1,1,2,36.95,1.91
945,1,2024-02-29,宽粉麻辣烫,9,9,20,261.63,7.7
946,1,2024-02-29,特色小吃,5,5,12,121.06,7.02
947,1,2024-02-29,饮品,3,3,8,71.65,3.74
948,1,2024-02-29,伴手礼盒,3,3,6,92.42,2.47
949,2,2024-02-29,宽粉麻辣烫,8,8,16,222.63,9.93
950,2,2024-02-29,特色小吃,4,4,8,101.15,3.96
951,2,2024-02-29,饮品,2,2,4,61.45,1.58
952,2,2024-02-29,伴手礼盒,2,2,4,51.86,2.36
953,3,2024-02-29,宽粉麻辣烫,7,7,14,174.24,4.74
954,3,2024-02-29,特色小吃,3,3,7,78.77,1.67
955,3,2024-02-29,饮品,2,2,4,48.9,2.92
956,3,2024-02-29,伴手礼盒,2,2,5,41.68,1.79
957,4,2024-02-29,宽粉麻辣烫,8,8,19,175.9,8.19
958,4,2024-02-29,特色小吃,3,3,7,79.88,4.76
959,4,2024-02-29,饮品,2,2,4,47.6,2.33
960,4,2024-02-29,伴手礼盒,2,2,4,42.38,2.25
961,1,2024-03-01,宽粉麻辣烫,11,11,26,273.33,11.33
962,1,2024-03-01,特色小吃,5,5,12,125.65,3.5
963,1,2024-03-01,饮品,3,3,6,72.25,2.39
964,1,2024-03-01,伴手礼盒,4,4,10,95.23,2.09
965,2,2024-03-01,宽粉麻辣烫,8,8,15,226.42,8.77
966,2,2024-03-01,特色小吃,4,4,10,102.9,4.97
967,2,2024-03-01,饮品,2,2,4,62.31,2.67
968,2,2024-03-01,伴手礼盒,2,2,5,52.69,1.43
969,3,2024-03-01,宽粉麻辣烫,7,7,15,196.01,8.24
970,3,2024-03-01,特色小吃,3,3,8,87.96,1.87
971,3,2024-03-01,饮品,2,2,5,54.58,3.17
972,3,2024-03-01,伴手礼盒,2,2,4,44.21,1.38
973,4,2024-03-01,宽粉麻辣烫,7,7,13,176.07,10.5
974,4,2024-03-01,特色小吃,3,3,7,77.35,4.32
975,4,2024-03-01,饮品,2,2,4,47.17,2.42
976,4,2024-03-01,伴手礼盒,2,2,5,40.59,2.07
977,1,2024-03-02,宽粉麻辣烫,12,11,23,303.5,13.12
978,1,2024-03-02,特色小吃,5,5,9,137.63,4.67
979,1,2024-03-02,饮品,3,3,6,81.28,3.76
980,1,2024-03-02,伴手礼盒,4,4,7,108.61,5.84
981,2,2024-03-02,宽粉麻辣烫,10,9,22,284.74,13.65
982,2,2024-03-02,特色小吃,5,5,11,126.15,3.94
983,2,2024-03-02,饮品,3,3,8,79.24,3.99
984,2,2024-03-02,伴手礼盒,2,2,5,67.62,1.76
985,3,2024-03-02,宽粉麻辣烫,10,10,22,235.95,11.98
986,3,2024-03-02,特色小吃,4,4,9,106.48,3.61
987,3,2024-03-02,饮品,3,3,5,65.13,2.83
988,3,2024-03-02,伴手礼盒,2,2,5,56.11,2.77
989,4,2024-03-02,宽粉麻辣烫,8,8,17,194.35,9.03
990,4,2024-03-02,特色小吃,3,3,6,88.22,4.51
991,4,2024-03-02,饮品,2,2,4,53.5,1.42
992,4,2024-03-02,伴手礼盒,2,2,4,45.92,1.19
993,1,2024-03-03,宽粉麻辣烫,13,12,34,366.85,21.97
994,1,2024-03-03,特色小吃,6,6,14,166.33,9.34
995,1,2024-03-03,饮品,3,3,8,100.21,5.35
996,1,2024-03-03,伴手礼盒,5,5,10,131.99,2.95
997,2,2024-03-03,宽粉麻辣烫,10,10,23,260.03,13.93
998,2,2024-03-03,特色小吃,4,4,7,116.87,5.77
999,2,2024-03-03,饮品,3,3,7,70.98,4.08
1000,2,2024-03-03,伴手礼盒,2,2,4,62.59,1.73
