order_id,user_id,order_time,channel,session_id,order_status,item_cnt,pay_amount,discount_amount,freight,province
GXP20251223000001,3773,2025-12-23 16:26:00,直播间,613.0,已 完成,1,128.06,11.14,0.0,福建
GXP20241129000002,17853,2024-11-29 08:36:00,短视频橱窗,,已完成,1,39.02,3.98,9.8,重庆
GXP20240828000003,4346,2024-08-28 18:43:00,直播间,161.0,已退款,1,123.1,0.0,0.0,甘肃
GXP20240629000004,12112,2024-06-29 19:22:00,直播间,121.0,已完成,2,66.1,0.0,10.0,广东
GXP20240625000005,18520,2024-06-25 19:18:00,直播间,117.0,已完成,1,35.7,0.0,10.7,北京
GXP20250812000006,11482,2025-08-12 19:46:00,直播间,472.0,已完成,2,69.79,6.21,9.7,福建
GXP20250929000007,11582,2024/3/5 14:30:00,短视频橱窗,,已发货,1,69.6,0.0,10.9,广东
GXP20251117000008,19433,2025-11-17 16:24:00,商城搜索,,已完成,1,44.31,6.29,8.7,甘肃
GXP20250708000009,13885,2025-07-08 20:25:00,直播间,437.0,已完成,2,171.6,0.0,0.0,甘肃
GXP20241107000010,14953,2024-11-07 09:17:00,短视频橱窗,,已取消,3,94.41,11.19,8.4,浙江
GXP20241213000011,14930,2024-12-13 19:24:00,直播间,244.0,已完成,1,125.4,0.0,0.0,陕西
GXP20241112000012,16042,2024-11-12 20:35:00,直播间,213.0,已退款,2,202.97,28.63,0.0,甘肃
GXP20250106000013,12785,2025-01-06 20:38:00,直播间,268.0,已完成,1,57.95,6.35,11.4,青海
GXP20240426000014,1038,2024-04-26 19:08:00,直播间,79.0,已退款,1,52.2,0.0,11.7,陕西
GXP20250627000015,9739,2025-06-27 18:41:00,直播间,428.0,已发货,2,97.94,6.47,7.1,山东
GXP20240610000016,14820,2024-06-10 19:16:00,直播间,108.0,已取消,1,42.6,0.0,7.3,河南
GXP20251109000017,14917,2025-11-09 14:16:00,直播间,558.0,已完成,1,101.52,11.28,0.0,江苏
GXP20250203000018,7638,2025-02-03 14:27:00,商城搜索,,已取消,1,91.55,14.55,9.1,河南
GXP20250619000019,5060,2025-06-19 19:43:00,直播间,418.0,已完成,2,210.61,25.09,0.0,甘肃
GXP20240515000020,19978,2024-05-15 14:47:00,直播间,92.0,已完成,2,104.68,6.22,0.0,广东
GXP20251123000021,14405,2025-11-23 19:21:00,直播间,572.0,已完成,1,55.7,8.51,7.5,湖北
GXP20241113000022,9527,2024-11-13 19:39:00,直播间,215.0,已完成,2,294.69,52.0,0.0,甘肃
GXP20240121000023,311,2024-01-21 16:27:00,直播间,19.0,已完成,2,203.2,0.0,0.0,山东
GXP20250111000024,10845,2025-01-11 19:44:00,直播间,272.0,已完成,2,147.8,0.0,0.0,河南
GXP20241130000025,19298,2024-11-30 14:08:00,直播间,235.0,已完成,1,86.0,0.0,10.1,江苏
GXP20250321000026,10083,2025-03-21 19:53:00,直播间,334.0,已完成,2,84.68,3.82,8.9,河南
GXP20250920000027,12995,2025-09-20 19:06:00,直播间,510.0,已付款,1,51.1,0.0,10.4,甘肃
GXP20240808000028,6906,2024-08-08 21:13:00,直播间,149.0,已完成,1,110.31,17.39,11.8,陕西
GXP20250315000029,6714,2025-03-15 19:59:00,直播间,329.0,已发货,2,124.88,4.62,0.0,江苏
GXP20250806000030,2181,2025-08-06 19:59:00,直播间,465.0,已付款,2,412.2,0.0,0.0,重庆
GXP20241119000031,15620,2024-11-19 10:00:00,商城搜索,,已完成,1,86.18,8.42,10.4,山东
GXP20250210000032,15826,2025-02-10 19:59:00,直播间,307.0,已完成,2,279.1,0.0,0.0,广东
GXP20240929000033,11788,2024-09-29 19:25:00,直播间,177.0,已完成,2,94.63,10.97,8.0,山东
GXP20240918000034,6401,2024-09-18 19:19:00,直播间,172.0,已完成,1,35.6,0.0,8.3,甘肃
GXP20251108000035,349,2025-11-08 19:49:00,短视频橱窗,,已取消,2,148.44,7.86,0.0,青海
GXP20251103000036,12113,2025-11-03 19:16:00,直播间,549.0,已完成,1,74.8,0.0,9.0,重庆
GXP20250626000037,12945,2025-06-26 11:07:00,短视频橱窗,,已完成,2,221.81,20.98,0.0,青海
GXP20250426000038,18314,2025-04-26 20:31:00,直播间,366.0,已完成,1,65.1,0.0,9.1,广东
GXP20251129000039,19226,2025-11-29 09:21:00,商城搜索,,已完成,3,216.2,0.0,0.0,甘肃
GXP20241231000040,15018,2024-12-31 20:57:00,直播间,260.0,已完成,1,39.18,3.32,9.3,广东
GXP20251229000041,3077,2025-12-29 18:44:00,直播间,621.0,已发货,1,71.4,0.0,9.2,甘肃
GXP20240910000042,18180,2024-09-10 16:24:00,直播间,166.0,已完成,1,111.42,12.38,0.0,甘肃
GXP20241017000043,8769,2024-10-17 19:11:00,直播间,194.0,已完成,1,170.2,0.0,0.0,甘肃
GXP20241130000044,16221,2024-11-30 14:42:00,直播间,235.0,已完成,1,77.9,0.0,8.1,广东
GXP20241005000045,16128,2024-10-05 19:54:00,直播间,182.0,已完成,1,48.2,0.0,7.5,广东
GXP20250730000046,2967,2025-07-30 22:18:00,短视频橱窗,,已发货,1,92.7,0.0,9.9,甘肃
GXP20250401000047,14483,2025-04-01 19:55:00,直播间,345.0,已完成,1,143.2,0.0,0.0,甘肃
GXP20251022000048,5759,2025-10-22 22:47:00,短视频橱窗,,已完成,1,48.76,4.14,11.5,甘肃
GXP20250207000049,714,2025-02-07 17:41:00,短视频橱窗,,已完成,2,196.9,0.0,0.0,青海
GXP20241220000050,1049,2024-12-20 22:48:00,短视频橱窗,,已完成,1,321.8,0.0,0.0,江苏
GXP20250522000051,6534,2025-05-22 20:34:00,直播间,390.0,已取消,1,136.4,18.6,0.0,浙江
GXP20250131000052,19753,2025-01-31 19:42:00,直播间,294.0,已完成,1,78.67,9.13,11.7,陕西
GXP20240516000053,8748,2024-05-16 20:24:00,直播间,95.0,已完成,1,61.02,6.78,11.3,甘肃
GXP20241230000054,10625,2024-12-30 19:55:00,直播间,258.0,已完成,2,328.6,0.0,0.0,北京
GXP20240401000055,5483,2024-04-01 15:00:00,直播间,70.0,已取消,1,57.2,0.0,7.0,新疆
GXP20250131000056,2038,2025-01-31 19:06:00,直播间,295.0,已完成,1,37.49,3.11,9.5,湖北
GXP20250924000057,6056,2025-09-24 11:39:00,短视频橱窗,,已完成,1,25.44,1.66,6.4,广东
GXP20250505000058,6605,2025-05-05 15:43:00,直播间,376.0,已完成,1,112.0,0.0,0.0,重庆
GXP20250111000059,19956,2025-01-11 19:57:00,直播间,272.0,已完成,2,163.3,19.6,0.0,甘肃
GXP20250324000060,13787,2025-03-24 22:27:00,商城搜索,,已完成,1,44.5,6.3,8.8,北京
GXP20250414000061,19524,2025-04-14 20:06:00,直播间,359.0,已取消,1,97.7,0.0,11.8,
GXP20251011000062,8272,2025-10-11 21:15:00,短视频橱窗,,已发货,1,104.7,0.0,7.7,山东
GXP20241105000063,14827,2024-11-05 09:04:00,商城搜索,,已完成,2,100.38,4.82,0.0,甘肃
GXP20251207000064,13949,2025-12-07 12:14:00,短视频橱窗,,已完成,3,101.63,3.67,0.0,甘肃
GXP20240730000065,9668,2024-07-30 11:18:00,短视频橱窗,,已完成,1,48.12,6.38,12.0,甘肃
GXP20250321000066,12197,2025-03-21 19:10:00,直播间,333.0,已完成,2,202.1,0.0,0.0,甘肃
GXP20240617000067,19223,2024-06-17 10:00:00,商城搜索,,已取消,2,216.3,0.0,0.0,山东
GXP20250821000068,17941,2025-08-21 18:55:00,直播间,481.0,已完成,2,78.95,6.95,7.3,湖北
GXP20251028000069,3190,2025-10-28 19:48:00,直播间,539.0,已完成,2,195.19,9.41,0.0,甘肃
GXP20251206000070,18355,2025-12-06 21:30:00,短视频橱窗,,已完成,1,160.9,0.0,0.0,河南
GXP20251111000071,8032,2025-11-11 22:31:00,短视频橱窗,,已完成,1,274.21,48.39,0.0,陕西
GXP20240216000072,10266,2024-02-16 10:09:00,短视频橱窗,,已完成,3,192.77,21.03,0.0,甘肃
GXP20240917000073,19477,2024-09-17 15:47:00,商城搜索,,已退款,1,48.1,0.0,10.8,甘肃
GXP20240705000074,16202,2024-07-05 09:36:00,短视频橱窗,,已完成,2,143.32,20.68,0.0,青海
GXP20250321000075,19475,2025-03-21 19:07:00,直播间,333.0,已完成,2,140.3,0.0,0.0,青海
GXP20240511000076,11273,2024-05-11 15:33:00,短视频橱窗,,已完成,3,362.36,48.94,0.0,广东
GXP20250227000077,4004,2025-02-27 17:44:00,短视频橱窗,,已取消,2,201.3,0.0,0.0,山东
GXP20241107000078,17419,2024-11-07 14:16:00,直播间,210.0,已完成,2,197.41,4.19,0.0,山东
GXP20250117000079,1913,2025-01-17 16:35:00,短视频橱窗,,已完成,1,72.24,8.66,8.7,青海
GXP20241123000080,118,2024-11-23 19:06:00,直播间,224.0,已取消,2,89.1,0.0,8.9,河南
GXP20251205000081,7576,2025-12-05 15:12:00,直播间,588.0,已付款,1,44.1,0.0,7.5,甘肃
GXP20250131000082,6612,2025-01-31 19:52:00,直播间,295.0,已退款,1,81.11,6.29,8.8,青海
GXP20251122000083,4567,2025-11-22 19:43:00,直播间,570.0,已付款,3,529.71,52.9,0.0,新疆
GXP20251212000084,18939,2025-12-12 16:51:00,短视频橱窗,,已完成,1,135.0,15.0,0.0,四川
GXP20240602000085,11608,2024-06-02 21:06:00,直播间,104.0,已完成,1,104.76,11.64,0.0,福建
GXP20241016000086,11766,2024-10-16 16:15:00,直播间,193.0,已完成,3,234.18,22.22,0.0,北京
GXP20241217000087,7414,2024-12-17 09:07:00,商城搜索,,已完成,1,109.6,0.0,0.0,甘肃
GXP20250421000088,13828,2025-04-21 14:13:00,直播间,364.0,已完成,3,129.78,4.42,0.0,河南
GXP20241115000089,5208,2024-11-15 20:27:00,短视频橱窗,,已付款,3,152.73,19.97,0.0,江苏
GXP20250522000090,16239,2025-05-22 21:23:00,直播间,389.0,已完成,1,65.7,0.0,11.3,甘肃
GXP20250715000091,17508,2025-07-15 20:25:00,直播间,444.0,已完成,1,119.14,10.36,0.0,甘肃
GXP20251028000092,9709,2025-10-28 16:51:00,商城搜索,,已完成,1,130.0,0.0,0.0,甘肃
GXP20240401000093,15132,2024-04-01 14:18:00,直播间,70.0,已完成,2,321.3,0.0,0.0,甘肃
GXP20250803000094,5992,2025-08-03 22:07:00,短视频橱窗,,已完成,1,47.0,7.09,6.8,北京
GXP20250909000095,13780,2025-09-09 13:13:00,短视频橱窗,,已完成,2,263.4,0.0,0.0,山东
GXP20240530000096,2005,2024-05-30 18:49:00,直播间,101.0,已完成,1,68.0,0.0,9.3,陕西
GXP20250804000097,9069,2025-08-04 19:06:00,直播间,460.0,已付款,1,46.9,0.0,11.5,河南
GXP20240105000098,12774,2024-01-05 17:35:00,商城搜索,,已完成,1,124.27,21.93,0.0,甘肃
GXP20250531000099,19666,2025-05-31 12:28:00,短视频橱窗,,已付款,1,26.9,0.0,6.2,甘肃
GXP20251129000100,10896,2025-11-29 18:38:00,直播间,578.0,已完成,1,32.27,2.83,11.5,广东
GXP20251021000101,13924,2025-10-21 19:41:00,直播间,532.0,已完成,2,171.81,15.49,0.0,广东
GXP20250309000102,16064,2025-03-09 20:31:00,短视频橱窗,,已取消,2,94.4,0.0,9.6,
GXP20251104000103,14809,2025-11-04 20:25:00,直播间,550.0,已完成,3,154.39,9.61,0.0,甘肃
GXP20240813000104,12159,2024-08-13 18:55:00,直播间,154.0,已完成,1,62.4,0.0,6.7,青海
GXP20250829000105,15297,2025-08-29 19:30:00,直播间,488.0,已退款,1,71.67,7.03,8.4,上海
GXP20250428000106,1067,2025-04-28 16:09:00,直播间,367.0,已完成,1,130.64,11.36,0.0,广东
GXP20251007000107,19752,2025-10-07 22:08:00,短视频橱窗,,已完成,1,100.8,11.2,0.0,上海
GXP20250620000108,19107,2025-06-20 19:21:00,直播间,419.0,已完成,1,71.96,5.34,10.6,四川
GXP20240528000109,8050,2024-05-28 20:03:00,直播间,100.0,已完成,2,225.7,16.8,0.0,甘肃
GXP20240129000110,1183,2024-01-29 20:04:00,直播间,26.0,已完成,1,51.53,5.47,11.4,江苏
GXP20240321000111,19262,2024-03-21 15:53:00,直播间,64.0,已完成,2,85.49,9.11,7.6,陕西
GXP20240108000112,14111,2024-01-08 08:44:00,短视频橱窗,,已完成,1,136.77,24.13,0.0,山东
GXP20251215000113,13616,2025-12-15 19:53:00,直播间,598.0,已完成,2,104.0,0.0,0.0,广东
GXP20241124000114,15203,2024-11-24 19:46:00,直播间,228.0,已取消,2,100.35,6.75,8.7,甘肃
GXP20250106000115,10303,2025-01-06 20:38:00,直播间,268.0,已完成,1,29.88,1.82,9.0,青海
GXP20250809000116,7576,2025-08-09 15:38:00,短视频橱窗,,已完成,2,144.95,5.75,0.0,上海
GXP20241017000117,775,2024-10-17 18:35:00,短视频橱窗,,已完成,1,76.24,7.56,8.2,甘肃
GXP20240321000118,7383,2024-03-21 14:28:00,直播间,63.0,已付款,2,198.62,20.88,0.0,四川
GXP20250625000119,17747,2025-06-25 19:15:00,直播间,426.0,已完成,1,131.28,11.42,0.0,山东
GXP20250806000120,14907,2025-08-06 22:24:00,直播间,465.0,已取消,1,35.09,4.3,10.7,广东
GXP20250901000121,12763,2025-09-01 20:57:00,直播间,489.0,已付款,2,282.8,0.0,0.0,陕西
GXP20250217000122,15375,2025-02-17 20:12:00,直播间,312.0,已完成,1,57.7,0.0,9.2,陕西
GXP20240816000123,2535,2024-08-16 19:21:00,直播间,155.0,已完成,1,43.11,3.89,8.1,甘肃
GXP20240121000124,17811,2024-01-21 18:42:00,直播间,20.0,已完成,1,117.02,10.18,0.0,江苏
GXP20250102000125,6850,2025-01-02 19:59:00,短视频橱窗,,已退款,2,117.4,0.0,0.0,陕西
GXP20251209000126,19847,2025-12-09 10:34:00,短视频橱窗,,已完成,1,61.17,5.73,9.6,新疆
GXP20250921000127,17859,2025-09-21 09:21:00,短视频橱窗,,已完成,2,245.6,4.7,0.0,甘肃
GXP20241129000128,5158,2024-11-29 14:25:00,直播间,232.0,已完成,1,117.4,0.0,0.0,甘肃
GXP20240211000129,8979,2024-02-11 20:26:00,直播间,36.0,已取消,2,107.31,11.39,8.8,青海
GXP20251231000130,10942,2025-12-31 15:41:00,短视频橱窗,,已完成,1,42.63,3.67,9.6,甘肃
GXP20250114000131,5542,2025-01-14 13:04:00,商城搜索,,已完成,1,291.1,39.7,0.0,浙江
GXP20240624000132,13883,2024-06-24 16:22:00,短视频橱窗,,已付款,1,76.0,0.0,11.8,甘肃
GXP20240517000133,828,2024-05-17 21:32:00,商城搜索,,已完成,2,258.74,45.66,0.0,甘肃
GXP20250315000134,3317,2025-03-15 14:23:00,直播间,328.0,已完成,1,58.62,4.18,10.6,山东
GXP20251204000135,4001,2025-12-04 19:46:00,直播间,585.0,已发货,1,109.4,0.0,0.0,福建
GXP20251106000136,6898,2025-11-06 14:50:00,短视频橱窗,,已完成,1,36.32,3.98,7.1,上海
GXP20241102000137,2981,2024-11-02 15:55:00,直播间,201.0,已完成,1,289.62,32.18,0.0,甘肃
GXP20250305000138,3558,2025-03-05 22:01:00,商城搜索,,已发货,1,72.4,0.0,6.6,广东
GXP20250210000139,15964,2025-02-10 16:16:00,商城搜索,,已完成,1,55.7,0.0,6.8,江苏
GXP20240406000140,2262,2024-04-06 20:10:00,短视频橱窗,,已完成,3,121.32,9.38,0.0,甘肃
GXP20240402000141,7400,2024-04-02 22:17:00,短视频橱窗,,已完成,2,184.7,0.0,0.0,北京
GXP20240524000142,2981,2024-05-24 20:57:00,直播间,99.0,已完成,1,76.4,0.0,8.3,广东
GXP20250821000143,18962,2025-08-21 08:43:00,短视频橱窗,,已完成,2,141.2,0.0,0.0,广东
GXP20250614000144,17530,2025-06-14 20:29:00,直播间,413.0,已完成,1,87.0,9.0,6.0,江苏
GXP20240111000145,7777,2024-01-11 19:52:00,直播间,12.0,已退款,2,175.25,23.05,0.0,浙江
GXP20250207000146,18291,2025-02-07 22:37:00,直播间,303.0,已取消,1,48.71,4.29,10.1,山东
GXP20251108000147,14565,2025-11-08 22:28:00,直播间,557.0,已完成,1,76.0,0.0,10.5,甘肃
GXP20250909000148,18484,2025-09-09 09:54:00,商城搜索,,已完成,1,85.4,0.0,7.8,陕西
GXP20240805000149,2958,2024-08-05 18:55:00,直播间,147.0,已完成,1,25.28,2.32,8.3,甘肃
GXP20250619000150,5152,2025-06-19 20:22:00,直播间,418.0,已付款,2,302.68,10.92,0.0,北京
GXP20250524000151,2562,2025-05-24 15:00:00,短视频橱窗,,已完成,1,62.32,9.18,10.3,江苏
GXP20251213000152,15042,2025-12-13 19:56:00,短视频橱窗,,已发货,2,123.85,10.25,0.0,浙江
GXP20250805000153,7257,2025-08-05 14:35:00,短视频橱窗,,已付款,2,201.8,8.0,0.0,广东
GXP20250627000154,15272,2025-06-27 20:32:00,直播间,428.0,已完成,1,53.21,4.99,8.3,浙江
GXP20250105000155,12007,2025-01-05 10:53:00,商城搜索,,已完成,1,71.1,0.0,7.5,河南
GXP20251202000156,6675,2025-12-02 19:28:00,直播间,582.0,已发货,1,110.22,9.58,0.0,湖北
GXP20240914000157,3534,2024-09-14 21:02:00,直播间,168.0,已完成,1,106.74,8.46,9.5,甘肃
GXP20250614000158,3416,2025-06-14 18:44:00,直播间,415.0,已完成,1,58.9,0.0,10.4,湖北
GXP20240319000159,6622,2024-03-19 14:42:00,直播间,62.0,已发货,1,51.9,0.0,9.4,山东
GXP20241127000160,6979,2024-11-27 10:08:00,短视频橱窗,,已取消,3,182.65,4.85,0.0,甘肃
GXP20250223000161,3325,2025-02-23 15:15:00,短视频橱窗,,已完成,1,41.3,0.0,6.6,甘肃
GXP20251015000162,14173,2025-10-15 21:55:00,直播间,526.0,已取消,2,168.76,6.24,0.0,广东
GXP20250227000163,10792,2025-02-27 15:26:00,短视频橱窗,,已完成,2,162.0,0.0,0.0,广东
GXP20240910000164,6992,2024-09-10 18:28:00,直播间,166.0,已完成,1,93.0,0.0,11.0,山东
GXP20240528000165,18750,2024-05-28 22:55:00,短视频橱窗,,已完成,1,52.36,7.24,11.3,北京
GXP20240122000166,6138,2024-01-22 18:29:00,短视频橱窗,,已退款,1,61.5,4.7,7.5,广东
GXP20250122000167,1330,2025-01-22 10:13:00,商城搜索,,已完成,2,97.81,9.89,8.8,湖北
GXP20240727000168,4001,2024-07-27 19:00:00,直播间,139.0,已完成,2,107.2,0.0,0.0,
GXP20250117000169,19742,2025-01-17 20:01:00,直播间,278.0,已发货,1,49.29,4.71,6.9,新疆
GXP20240818000170,10500,2024-08-18 13:51:00,商城搜索,,已付款,1,148.8,0.0,0.0,新疆
GXP20250824000171,15442,2025-08-24 20:45:00,直播间,485.0,已完成,2,105.52,9.18,0.0,河南
GXP20251201000172,4947,2025-12-01 20:42:00,短视频橱窗,,已完成,1,201.24,22.36,0.0,重庆
GXP20240112000173,17876,2024-01-12 14:11:00,商城搜索,,已取消,1,47.8,0.0,8.6,福建
GXP20241011000174,8470,2024-10-11 19:41:00,直播间,191.0,已完成,1,112.61,9.79,0.0,北京
GXP20240809000175,16761,2024-08-09 18:52:00,直播间,150.0,已完成,1,48.4,0.0,10.6,北京
GXP20241208000176,7562,2024-12-08 08:23:00,短视频橱窗,,已付款,1,83.1,0.0,9.9,福建
GXP20251103000177,5157,2025-11-03 12:12:00,短视频橱窗,,已完成,2,189.09,10.51,0.0,广东
GXP20250629000178,13998,2025-06-29 22:52:00,商城搜索,,已完成,2,101.6,0.0,10.0,新疆
GXP20250210000179,1296,2025-02-10 10:44:00,商城搜索,,已取消,2,118.1,3.4,0.0,上海
GXP20240126000180,15343,2024-01-26 21:38:00,短视频橱窗,,已完成,2,213.2,0.0,0.0,甘肃
GXP20250922000181,12882,2025-09-22 09:38:00,短视频橱窗,,已取消,1,51.4,0.0,8.9,陕西
GXP20240212000182,3901,2024-02-12 19:23:00,直播间,40.0,已完成,2,125.33,5.87,0.0,浙江
GXP20240119000183,14912,2024-01-19 20:47:00,直播间,18.0,已退款,1,135.9,0.0,0.0,河南
GXP20240410000184,11826,2024-04-10 22:54:00,短视频橱窗,,已完成,1,43.29,3.51,11.7,广东
GXP20241204000185,5359,2024-12-04 18:29:00,短视频橱窗,,已完成,1,115.83,10.07,0.0,甘肃
GXP20250525000186,14877,2025-05-25 13:47:00,短视频橱窗,,已完成,1,125.9,0.0,0.0,浙江
GXP20240515000187,1633,2024-05-15 14:07:00,直播间,92.0,已退款,1,102.4,0.0,0.0,山东
GXP20250725000188,11829,2025-07-25 20:20:00,直播间,454.0,已完成,3,622.73,22.17,0.0,江苏
GXP20250126000189,9073,2025-01-26 22:13:00,直播间,290.0,已完成,1,97.76,7.54,11.0,湖北
GXP20250321000190,11987,2025-03-21 19:05:00,直播间,334.0,已完成,2,312.97,47.73,0.0,甘肃
GXP20241102000191,13796,2024-11-02 16:24:00,直播间,201.0,已发货,1,152.81,13.29,0.0,江苏
GXP20250208000192,5578,2025-02-08 18:47:00,直播间,304.0,已完成,1,47.3,0.0,11.3,甘肃
GXP20250215000193,1022,2025-02-15 19:12:00,短视频橱窗,,已退款,1,79.7,0.0,8.7,广东
GXP20250611000194,9973,2025-06-11 19:40:00,直播间,408.0,已付款,2,154.24,7.56,0.0,甘肃
GXP20250122000195,16125,2025-01-22 22:14:00,直播间,286.0,已完成,2,129.05,3.75,0.0,甘肃
GXP20241008000196,8106,2024-10-08 18:47:00,直播间,187.0,已完成,2,172.96,13.54,0.0,河南
GXP20240629000197,6202,2024-06-29 19:26:00,直播间,121.0,已完成,1,42.2,0.0,6.6,新疆
GXP20250404000198,2152,2025-04-04 16:10:00,直播间,347.0,已完成,1,346.1,30.1,0.0,上海
GXP20250930000199,2318,2025-09-30 10:18:00,短视频橱窗,,已完成,2,100.7,0.0,9.2,江苏
GXP20240320000200,2556,2024-03-20 16:11:00,商城搜索,,已完成,1,99.79,17.61,0.0,陕西
GXP20250618000201,16265,2025-06-18 12:11:00,短视频橱窗,,已完成,1,59.0,0.0,8.8,广东
GXP20240224000202,12095,2024-02-24 17:28:00,短视频橱窗,,已完成,1,52.21,3.99,6.3,甘肃
GXP20251206000203,19269,2025-12-06 12:08:00,商城搜索,,已付款,1,61.8,0.0,11.9,甘肃
GXP20240620000204,17566,2024-06-20 14:22:00,直播间,115.0,已完成,2,190.92,14.28,0.0,甘肃
GXP20240710000205,19275,2024-07-10 19:56:00,直播间,127.0,已发货,1,137.8,0.0,0.0,福建
GXP20241105000206,10632,2024-11-05 19:10:00,直播间,206.0,已完成,1,23.29,3.02,6.2,甘肃
GXP20250905000207,819,2025-09-05 18:45:00,短视频橱窗,,已完成,1,59.6,0.0,11.1,北京
GXP20241030000208,11509,2024-10-30 13:44:00,短视频橱窗,,已完成,2,122.9,0.0,0.0,山东
GXP20251219000209,378,2025-12-19 19:31:00,直播间,607.0,已完成,2,107.36,6.14,9.4,广东
GXP20250112000210,3432,2025-01-12 14:41:00,直播间,275.0,已完成,1,62.3,0.0,7.1,新疆
GXP20251229000211,10083,2025-12-29 19:09:00,直播间,621.0,已完成,1,171.8,0.0,0.0,浙江
GXP20250210000212,6329,2025-02-10 20:03:00,直播间,307.0,已完成,2,114.14,15.77,0.0,陕西
GXP20251111000213,5164,2025-11-11 18:09:00,短视频橱窗,,已完成,1,52.04,3.56,11.1,甘肃
GXP20251023000214,1627,2025-10-23 21:02:00,直播间,536.0,已完成,1,74.02,7.08,10.3,甘肃
GXP20240624000215,16924,2024-06-24 18:43:00,短视频橱窗,,已退款,1,123.8,0.0,0.0,青海
GXP20240129000216,11113,2024-01-29 18:58:00,直播间,25.0,已退款,1,99.2,0.0,0.0,北京
GXP20251229000217,4549,2025-12-29 18:35:00,直播间,621.0,已完成,2,292.04,27.96,0.0,山东
GXP20241122000218,3687,2024-11-22 19:33:00,直播间,221.0,已完成,2,106.16,10.74,9.5,重庆
GXP20251204000219,12473,2025-12-04 17:13:00,商城搜索,,已完成,1,145.2,19.8,0.0,山东
GXP20251211000220,7600,2025-12-11 19:56:00,直播间,593.0,已退款,1,202.31,17.59,0.0,甘肃
GXP20250207000221,17262,2025-02-07 20:12:00,直播间,303.0,已取消,1,257.4,0.0,0.0,陕西
GXP20250720000222,7847,2025-07-20 11:37:00,短视频橱窗,,已退款,2,81.72,5.18,10.7,甘肃
GXP20240304000223,4062,2024-03-04 17:49:00,商城搜索,,已完成,3,191.8,0.0,0.0,湖北
GXP20250907000224,17131,2025-09-07 20:01:00,直播间,497.0,已发货,1,62.8,0.0,7.7,甘肃
GXP20240218000225,15185,2024-02-18 20:00:00,直播间,47.0,已完成,1,65.6,0.0,6.9,上海
GXP20251130000226,14987,2025-11-30 14:31:00,短视频橱窗,,已完成,2,133.0,12.9,0.0,甘肃
GXP20250131000227,19721,2025-01-31 19:08:00,直播间,295.0,已完成,2,201.27,13.23,0.0,甘肃
GXP20250530000228,8220,2025-05-30 23:25:00,直播间,396.0,已完成,2,116.27,7.04,0.0,山东
GXP20240910000229,17041,2024-09-10 21:24:00,商城搜索,,已完成,1,64.4,0.0,6.5,重庆
GXP20250808000230,354,2025-08-08 19:15:00,直播间,470.0,已发货,1,67.17,10.23,9.2,四川
GXP20251029000231,3453,2025-10-29 13:50:00,短视频橱窗,,已付款,3,587.85,56.95,0.0,四川
GXP20250915000232,17724,2025-09-15 15:43:00,商城搜索,,已发货,1,117.54,13.06,0.0,河南
GXP20250101000233,1703,2025-01-01 19:37:00,直播间,261.0,已完成,1,134.4,0.0,0.0,北京
GXP20250101000234,7684,2025-01-01 19:20:00,直播间,261.0,已取消,2,163.29,28.81,0.0,湖北
GXP20251106000235,14074,2025-11-06 22:18:00,短视频橱窗,,已完成,3,222.48,6.32,0.0,浙江
GXP20240430000236,2801,2024-04-30 19:08:00,直播间,82.0,已完成,1,259.0,0.0,0.0,浙江
GXP20240708000237,6228,2024-07-08 20:24:00,直播间,125.0,已完成,1,56.8,0.0,8.7,甘肃
GXP20241122000238,8638,2024-11-22 19:23:00,直播间,222.0,已完成,2,137.43,15.27,0.0,甘肃
GXP20250515000239,10782,2025-05-15 17:18:00,短视频橱窗,,已完成,1,142.0,0.0,0.0,甘肃
GXP20241205000240,16016,2024-12-05 20:58:00,直播间,238.0,已完成,1,48.93,7.27,7.7,福建
GXP20240418000241,14723,2024-04-18 09:44:00,商城搜索,,已完成,2,197.76,6.74,0.0,广东
GXP20250506000242,13768,2025-05-06 11:19:00,短视频橱窗,,已付款,1,62.5,0.0,7.7,上海
GXP20240229000243,15787,2024-02-29 19:50:00,直播间,54.0,已付款,1,44.4,0.0,6.6,陕西
GXP20250309000244,10635,2025-03-09 19:13:00,直播间,322.0,已发货,1,268.09,23.31,0.0,陕西
GXP20250808000245,14209,2025-08-08 19:05:00,直播间,470.0,已取消,2,260.33,28.17,0.0,重庆
GXP20240516000246,3499,2024-05-16 19:35:00,直播间,95.0,已完成,2,164.63,2.77,0.0,湖北
GXP20241025000247,5122,2024-10-25 19:19:00,直播间,197.0,已完成,1,117.4,0.0,0.0,甘肃
GXP20251107000248,5308,2025-11-07 19:37:00,直播间,555.0,已取消,1,109.9,0.0,0.0,甘肃
GXP20250404000249,18301,2025-04-04 16:39:00,直播间,347.0,已完成,1,104.2,0.0,0.0,河南
GXP20250807000250,11832,2025-08-07 20:01:00,直播间,467.0,已完成,1,45.96,3.24,8.7,甘肃
GXP20251215000251,15267,2025-12-15 19:47:00,直播间,598.0,已完成,1,64.6,0.0,9.6,山东
GXP20241215000252,11354,2024-12-15 19:15:00,直播间,246.0,已完成,1,58.99,6.91,8.3,江苏
GXP20241115000253,18959,2024-11-15 09:03:00,商城搜索,,已付款,2,186.56,6.24,0.0,甘肃
GXP20251202000254,4849,2025-12-02 19:12:00,直播间,582.0,已完成,2,228.96,1.54,0.0,新疆
GXP20241222000255,7105,2024-12-22 15:51:00,直播间,251.0,已完成,2,321.08,33.52,0.0,江苏
GXP20250321000256,6827,2025-03-21 19:44:00,直播间,333.0,已退款,3,227.66,6.74,0.0,浙江
GXP20251029000257,6716,2025-10-29 20:53:00,直播间,541.0,已完成,1,276.55,24.05,0.0,甘肃
GXP20250117000258,2418,2025-01-17 10:02:00,短视频橱窗,,已退款,1,37.4,0.0,10.0,山东
GXP20241025000259,3257,2024-10-25 19:54:00,直播间,197.0,已完成,2,165.82,7.38,0.0,广东
GXP20250114000260,15948,2025-01-14 16:46:00,短视频橱窗,,已完成,1,112.8,0.0,0.0,甘肃
GXP20251216000261,19060,2025-12-16 19:12:00,直播间,605.0,已退款,1,44.33,6.38,8.2,北京
GXP20240915000262,11728,2024-09-15 15:09:00,商城搜索,,已完成,2,168.7,0.0,0.0,山东
GXP20240914000263,19743,2024-09-14 20:09:00,直播间,168.0,已完成,2,204.73,13.17,0.0,甘肃
GXP20240409000264,1160,2024-04-09 16:38:00,短视频橱窗,,已完成,1,118.74,20.95,0.0,新疆
GXP20251216000265,159,2025-12-16 19:45:00,直播间,605.0,已完成,2,260.5,0.0,0.0,广东
GXP20241104000266,5040,2024-11-04 22:17:00,直播间,205.0,已完成,1,76.07,5.63,11.3,福建
GXP20250928000267,12722,2025-09-28 13:42:00,商城搜索,,已完成,1,84.2,0.0,11.7,河南
GXP20240520000268,4810,2024-05-20 13:19:00,商城搜索,,已发货,1,133.4,0.0,0.0,广东
GXP20250414000269,6285,2025-04-14 13:03:00,短视频橱窗,,已退款,1,28.5,0.0,7.8,陕西
GXP20250805000270,11384,2025-08-05 19:21:00,直播间,463.0,已完成,2,112.9,0.0,0.0,福建
GXP20250816000271,4902,2025-08-16 19:56:00,直播间,476.0,已发货,1,95.53,11.77,9.2,甘肃
GXP20240121000272,6985,2024-01-21 18:14:00,直播间,19.0,已完成,1,154.5,0.0,0.0,甘肃
GXP20250412000273,9259,2025-04-12 18:57:00,短视频橱窗,,已完成,1,291.1,39.7,0.0,广东
GXP20240212000274,14077,2024-02-12 19:41:00,直播间,39.0,已完成,2,212.1,0.0,0.0,甘肃
GXP20251121000275,19906,2025-11-21 20:36:00,直播间,569.0,已取消,1,330.8,0.0,0.0,山东
GXP20251127000276,11499,2025-11-27 09:26:00,短视频橱窗,,已完成,1,70.8,0.0,9.2,山东
GXP20250311000277,19688,2025-03-11 09:52:00,短视频橱窗,,已完成,2,218.11,8.69,0.0,浙江
GXP20240411000278,9301,2024-04-11 18:58:00,直播间,73.0,已完成,1,222.64,19.36,0.0,甘肃
GXP20250604000279,6678,2025-06-04 18:46:00,直播间,402.0,已完成,1,38.44,3.46,7.3,甘肃
GXP20241113000280,18609,2024-11-13 21:14:00,直播间,215.0,已完成,1,22.59,1.21,8.7,甘肃
GXP20251103000281,19397,2025-11-03 19:34:00,直播间,548.0,已完成,2,102.0,0.0,10.3,陕西
GXP20251223000282,5824,2025-12-23 18:35:00,直播间,615.0,已发货,2,89.2,6.0,10.7,新疆
GXP20240706000283,10861,2024-07-06 08:24:00,商城搜索,,已完成,2,152.0,0.0,0.0,北京
GXP20241228000284,7123,2024-12-28 21:28:00,商城搜索,,已完成,1,67.52,5.28,6.8,河南
GXP20250821000285,2328,2025-08-21 20:18:00,直播间,482.0,已完成,1,104.2,0.0,7.2,上海
GXP20251020000286,14380,2025-10-20 19:16:00,直播间,530.0,已取消,1,132.84,14.76,0.0,北京
GXP20251220000287,16030,2025-12-20 19:36:00,直播间,609.0,已完成,2,75.1,5.0,11.0,上海
GXP20251216000288,14036,2025-12-16 16:54:00,直播间,603.0,已完成,2,167.07,16.63,0.0,广东
GXP20251220000289,8112,2025-12-20 19:12:00,直播间,610.0,已完成,1,42.9,0.0,9.9,重庆
GXP20250209000290,7517,2025-02-09 19:55:00,直播间,306.0,已完成,1,22.63,2.27,9.8,陕西
GXP20250409000291,16046,2025-04-09 20:00:00,直播间,354.0,已完成,1,135.52,11.78,0.0,陕西
GXP20250513000292,12694,2025-05-13 14:48:00,直播间,383.0,已完成,1,46.55,4.05,10.1,广东
GXP20250705000293,2753,2025-07-05 18:56:00,短视频橱窗,,已退款,1,68.63,6.67,8.6,广东
GXP20251229000294,8702,2025-12-29 18:43:00,直播间,621.0,已完成,1,164.16,18.24,0.0,四川
GXP20251111000295,13389,2025-11-11 20:44:00,直播间,561.0,已发货,1,62.1,0.0,6.1,湖北
GXP20241229000296,3323,2024-12-29 20:02:00,直播间,257.0,已取消,2,105.78,9.32,8.3,陕西
GXP20250924000297,7857,2025-09-24 12:44:00,商城搜索,,已发货,1,106.9,9.3,0.0,新疆
GXP20250530000298,17967,2025-05-30 20:08:00,直播间,397.0,已付款,2,168.6,0.0,0.0,青海
GXP20240730000299,9310,2024-07-30 20:08:00,直播间,141.0,已完成,1,57.5,0.0,9.0,四川
GXP20250829000300,16078,2025-08-29 19:52:00,直播间,488.0,已取消,2,536.06,8.04,0.0,甘肃
GXP20250424000301,14158,2025-04-24 15:48:00,商城搜索,,已完成,2,150.32,11.38,0.0,江苏
GXP20240104000302,17614,2024-01-04 09:00:00,商城搜索,,已完成,1,46.5,0.0,10.7,广东
GXP20241004000303,8237,2024-10-04 20:27:00,直播间,181.0,已发货,2,262.38,37.62,0.0,浙江
GXP20250718000304,10686,2025-07-18 19:57:00,直播间,446.0,已取消,1,168.4,0.0,0.0,北京
GXP20251129000305,8439,2025-11-29 19:38:00,直播间,578.0,已付款,2,179.11,13.79,0.0,北京
GXP20250624000306,15511,2025-06-24 19:51:00,直播间,424.0,已完成,1,222.8,0.0,0.0,甘肃
GXP20240820000307,13445,2024-08-20 19:09:00,直播间,157.0,已完成,1,70.3,0.0,11.6,福建
GXP20240507000308,10640,2024-05-07 20:58:00,短视频橱窗,,已取消,2,185.3,0.0,0.0,广东
GXP20251119000309,12282,2025-11-19 20:48:00,短视频橱窗,,已完成,2,123.5,0.0,0.0,甘肃
GXP20250409000310,6271,2025-04-09 20:15:00,直播间,354.0,已完成,2,196.9,0.0,0.0,北京
GXP20241124000311,17799,2024-11-24 19:51:00,直播间,228.0,已付款,1,87.52,8.68,9.4,甘肃
GXP20241005000312,12643,2024-10-05 19:57:00,直播间,182.0,已完成,1,111.4,0.0,0.0,广东
GXP20251211000313,4905,2025-12-11 19:21:00,直播间,593.0,已完成,1,198.0,22.0,0.0,上海
GXP20241216000314,11824,2024-12-16 12:59:00,短视频橱窗,,已完成,1,54.15,8.25,7.4,陕西
GXP20250414000315,8816,2025-04-14 18:44:00,直播间,358.0,已完成,2,188.93,6.08,0.0,广东
GXP20250204000316,2062,2025-02-04 22:09:00,短视频橱窗,,已完成,1,69.51,5.09,11.0,青海
GXP20240315000317,271,2024-03-15 11:49:00,短视频橱窗,,已完成,1,139.5,0.0,0.0,新疆
GXP20251123000318,18197,2025-11-23 21:33:00,直播间,573.0,已完成,2,223.82,4.18,0.0,甘肃
GXP20240110000319,2043,2024-01-10 20:13:00,直播间,11.0,已完成,1,30.1,0.0,9.4,江苏
GXP20240730000320,13888,2024-07-30 19:36:00,直播间,141.0,已退款,3,283.94,45.46,0.0,陕西
GXP20240713000321,13829,2024-07-13 19:35:00,直播间,131.0,已取消,2,346.9,0.0,0.0,甘肃
GXP20241124000322,14541,2024-11-24 08:26:00,短视频橱窗,,已完成,1,43.56,4.14,6.3,甘肃
GXP20250429000323,3192,2025-04-29 14:52:00,商城搜索,,已完成,1,39.5,0.0,6.3,山东
GXP20250512000324,1372,2025-05-12 19:21:00,直播间,382.0,已完成,1,273.6,0.0,0.0,甘肃
GXP20250615000325,16887,2025-06-15 18:36:00,短视频橱窗,,已完成,2,100.07,13.52,11.0,山东
GXP20251120000326,4113,2025-11-20 19:44:00,直播间,568.0,已取消,2,349.5,0.0,0.0,甘肃
GXP20251215000327,14852,2025-12-15 19:16:00,直播间,598.0,已付款,3,117.28,5.12,0.0,广东
GXP20250613000328,11267,2025-06-13 15:50:00,直播间,412.0,已完成,1,102.6,0.0,0.0,甘肃
GXP20240708000329,1461,2024-07-08 19:28:00,直播间,124.0,已完成,3,143.85,7.75,0.0,江苏
GXP20250331000330,19116,2025-03-31 20:38:00,直播间,342.0,已退款,1,51.4,0.0,8.9,福建
GXP20250106000331,9313,2025-01-06 19:39:00,直播间,268.0,已完成,1,80.24,6.26,8.3,福建
GXP20241204000332,13325,2024-12-04 14:16:00,短视频橱窗,,已完成,3,348.4,18.6,0.0,甘肃
GXP20241215000333,14999,2024-12-15 20:08:00,直播间,246.0,已完成,2,81.3,0.0,11.6,广东
GXP20251215000334,71,2025-12-15 19:18:00,直播间,600.0,已完成,1,321.0,0.0,0.0,甘肃
GXP20251109000335,12181,2025-11-09 10:16:00,短视频橱窗,,已完成,2,283.78,20.42,0.0,广东
GXP20250313000336,93,2025-03-13 13:34:00,商城搜索,,已付款,1,55.6,4.1,8.5,甘肃
GXP20240502000337,14281,2024-05-02 17:46:00,商城搜索,,已完成,2,201.23,9.57,0.0,甘肃
GXP20250121000338,7531,2025-01-21 19:36:00,直播间,284.0,已完成,1,157.2,0.0,0.0,福建
GXP20240207000339,7507,2024-02-07 14:21:00,直播间,33.0,已完成,1,165.4,0.0,0.0,四川
GXP20250930000340,6578,2025-09-30 19:44:00,直播间,516.0,已退款,2,126.35,10.25,0.0,甘肃
GXP20241214000341,2421,2024-12-14 20:51:00,直播间,245.0,已完成,2,168.8,0.0,0.0,上海
GXP20250805000342,19349,2025-08-05 19:53:00,直播间,462.0,已完成,1,155.0,0.0,0.0,山东
GXP20250130000343,8107,2025-01-30 15:49:00,短视频橱窗,,已完成,1,92.88,11.52,8.4,河南
GXP20250502000344,13477,2025-05-02 20:37:00,直播间,372.0,已完成,2,193.64,11.76,0.0,重庆
GXP20240426000345,1249,2024-04-26 19:15:00,直播间,79.0,已取消,2,323.17,36.43,0.0,甘肃
GXP20240317000346,14373,2024-03-17 20:14:00,短视频橱窗,,已完成,3,164.98,5.82,0.0,甘肃
GXP20251216000347,2946,2025-12-16 19:59:00,直播间,602.0,已完成,1,64.3,0.0,8.7,广东
GXP20250323000348,10526,2025-03-23 19:59:00,商城搜索,,已完成,2,101.3,0.0,10.9,河南
GXP20241026000349,9312,2024-10-26 14:57:00,直播间,198.0,已完成,1,69.25,10.55,9.5,甘肃
GXP20240211000350,6975,2024-02-11 18:53:00,直播间,37.0,已完成,1,50.9,0.0,11.6,新疆
GXP20250530000351,2425,2025-05-30 20:17:00,直播间,396.0,已完成,1,45.91,4.69,11.5,重庆
GXP20240809000352,7815,2024-08-09 14:52:00,商城搜索,,已完成,2,130.93,3.07,0.0,福建
GXP20250928000353,4933,2025-09-28 15:24:00,商城搜索,,已完成,2,128.89,11.21,0.0,上海
GXP20241104000354,10811,2024-11-04 21:57:00,直播间,205.0,已完成,2,249.58,4.42,0.0,浙江
GXP20250315000355,10387,2025-03-15 19:52:00,直播间,329.0,已发货,1,109.1,0.0,0.0,河南
GXP20251215000356,11475,2025-12-15 18:59:00,直播间,599.0,已完成,2,281.68,13.42,0.0,福建
GXP20250610000357,15707,2025-06-10 19:52:00,直播间,407.0,已完成,1,70.3,0.0,6.7,甘肃
GXP20250805000358,1933,2025-08-05 19:59:00,直播间,461.0,已完成,1,89.59,7.01,9.0,甘肃
GXP20240105000359,11917,2024-01-05 16:19:00,直播间,5.0,已完成,3,155.6,14.7,0.0,湖北
GXP20251219000360,15043,2025-12-19 17:57:00,短视频橱窗,,已付款,3,330.4,0.0,0.0,甘肃
GXP20250124000361,2474,2025-01-24 13:05:00,短视频橱窗,,已完成,1,598.2,0.0,0.0,广东
GXP20241205000362,3159,2024-12-05 12:57:00,商城搜索,,已退款,1,45.6,4.7,11.1,广东
GXP20251220000363,3233,2025-12-20 08:07:00,商城搜索,,已完成,1,99.4,0.0,6.6,新疆
GXP20250513000364,10531,2025-05-13 16:36:00,直播间,383.0,已完成,3,335.52,16.18,0.0,山东
GXP20250310000365,17982,2025-03-10 19:40:00,短视频橱窗,,已完成,1,57.9,0.0,10.7,陕西
GXP20251023000366,9272,2025-10-23 20:21:00,直播间,536.0,已完成,2,135.07,4.43,0.0,湖北
GXP20240520000367,13848,2024-05-20 19:03:00,直播间,97.0,已完成,3,203.2,0.0,0.0,河南
GXP20250220000368,11762,2025-02-20 19:07:00,直播间,313.0,已付款,1,92.8,0.0,11.6,甘肃
GXP20250911000369,2895,2025-09-11 16:07:00,直播间,499.0,已完成,1,45.43,3.27,7.8,青海
GXP20251215000370,3860,2025-12-15 18:43:00,直播间,599.0,已发货,1,65.4,0.0,9.1,山东
GXP20250820000371,17406,2025-08-20 13:42:00,商城搜索,,已付款,1,250.2,27.8,0.0,北京
GXP20251002000372,3129,2025-10-02 12:57:00,短视频橱窗,,已完成,1,57.9,0.0,8.8,北京
GXP20250428000373,5611,2025-04-28 08:06:00,短视频橱窗,,已完成,1,81.2,0.0,7.8,甘肃
GXP20251219000374,9670,2025-12-19 18:55:00,直播间,607.0,已完成,1,69.21,8.09,9.9,山东
GXP20251008000375,16974,2025-10-08 20:00:00,直播间,521.0,已完成,1,148.86,16.54,0.0,山东
GXP20250204000376,11230,2025-02-04 16:23:00,直播间,301.0,已完成,2,210.61,16.09,0.0,甘肃
GXP20251230000377,5907,2025-12-30 21:05:00,直播间,622.0,已完成,1,66.73,6.67,6.7,甘肃
GXP20241214000378,17843,2024-12-14 19:44:00,直播间,245.0,已完成,2,126.85,8.25,0.0,甘肃
GXP20240104000379,16834,2024-01-04 18:56:00,直播间,4.0,已完成,1,112.0,0.0,0.0,湖北
GXP20240605000380,12093,2024-06-05 20:35:00,直播间,106.0,已退款,1,101.9,0.0,9.9,河南
GXP20250222000381,2366,2025-02-22 15:44:00,直播间,315.0,已完成,2,126.66,11.74,0.0,河南
GXP20250706000382,17581,2025-07-06 16:15:00,短视频橱窗,,已完成,1,65.0,0.0,9.0,浙江
GXP20250530000383,10560,2025-05-30 12:53:00,商城搜索,,已完成,1,102.91,8.19,8.7,浙江
GXP20250904000384,2245,2025-09-04 20:45:00,短视频橱窗,,已完成,1,77.16,6.14,6.6,甘肃
GXP20240802000385,12002,2024-08-02 19:25:00,直播间,145.0,已完成,1,55.5,0.0,7.4,北京
GXP20251124000386,14525,2025-11-24 19:17:00,直播间,575.0,已付款,2,228.67,7.63,0.0,江苏
GXP20241105000387,3745,2024-11-05 19:20:00,直播间,206.0,已完成,2,178.24,10.76,0.0,甘肃
GXP20251214000388,1141,2025-12-14 19:49:00,短视频橱窗,,已完成,1,102.8,0.0,0.0,江苏
GXP20250625000389,7376,2025-06-25 20:16:00,直播间,426.0,已完成,3,116.46,2.74,0.0,四川
GXP20240110000390,12872,2024-01-10 21:42:00,直播间,10.0,已完成,1,98.84,7.76,9.6,四川
GXP20251223000391,9654,2025-12-23 19:22:00,直播间,614.0,已完成,3,350.37,15.93,0.0,陕西
GXP20240602000392,8964,2024-06-02 19:22:00,直播间,104.0,已付款,2,379.41,32.99,0.0,河南
GXP20250101000393,2188,2025-01-01 19:44:00,直播间,261.0,已完成,1,59.2,0.0,9.5,甘肃
GXP20250901000394,7042,2025-09-01 20:48:00,直播间,489.0,已完成,2,187.54,16.76,0.0,福建
GXP20240929000395,11004,2024-09-29 20:01:00,直播间,177.0,已完成,1,74.7,0.0,11.8,甘肃
GXP20251103000396,12102,2025-11-03 19:13:00,直播间,547.0,已完成,2,476.7,8.5,0.0,甘肃
GXP20250526000397,11864,2025-05-26 16:10:00,直播间,394.0,已完成,1,53.2,0.0,8.9,甘肃
GXP20251024000398,8141,2025-10-24 16:01:00,短视频橱窗,,已完成,2,186.63,11.07,0.0,江苏
GXP20240820000399,12586,2024-08-20 21:31:00,直播间,158.0,已完成,2,241.0,0.0,0.0,浙江
GXP20240816000400,15197,2024-08-16 19:09:00,商城搜索,,已完成,1,48.7,0.0,6.2,甘肃
GXP20240108000401,13150,2024-01-08 15:53:00,直播间,9.0,已发货,1,220.8,0.0,0.0,甘肃
GXP20250506000402,18252,2025-05-06 20:33:00,直播间,378.0,已完成,2,99.89,2.61,8.9,上海
GXP20250110000403,2398,2025-01-10 20:37:00,直播间,269.0,已完成,1,62.85,6.95,11.9,陕西
GXP20250106000404,5245,2025-01-06 12:32:00,商城搜索,,已完成,1,75.9,0.0,9.5,江苏
GXP20240904000405,7910,2024-09-04 19:54:00,直播间,164.0,已完成,3,256.28,29.72,0.0,新疆
GXP20240611000406,9204,2024-06-11 10:53:00,商城搜索,,已完成,1,96.8,0.0,11.8,河南
GXP20240515000407,14240,2024-05-15 14:43:00,直播间,92.0,已完成,1,29.4,0.0,8.7,江苏
GXP20241211000408,9788,2024-12-11 18:58:00,直播间,242.0,已完成,1,68.4,0.0,10.5,上海
GXP20250110000409,7542,2025-01-10 19:47:00,直播间,270.0,已完成,2,120.94,6.56,0.0,陕西
GXP20240211000410,8884,2024-02-11 20:47:00,直播间,38.0,已付款,1,30.92,3.78,9.5,陕西
GXP20250806000411,13361,2025-08-06 20:11:00,直播间,465.0,已完成,1,294.84,32.76,0.0,山东
GXP20251114000412,14335,2025-11-14 10:19:00,商城搜索,,已完成,1,35.91,3.79,8.1,甘肃
GXP20240208000413,1544,2024-02-08 19:42:00,直播间,34.0,已完成,2,128.76,5.34,0.0,甘肃
GXP20250805000414,4565,2025-08-05 19:55:00,直播间,462.0,已完成,2,150.5,0.0,0.0,四川
GXP20240124000415,6594,2024-01-24 16:04:00,直播间,22.0,已取消,1,51.1,0.0,8.5,广东
GXP20250324000416,759,2025-03-24 08:34:00,短视频橱窗,,已完成,1,125.4,0.0,0.0,河南
GXP20240510000417,7317,2024-05-10 16:13:00,直播间,87.0,已完成,1,81.8,0.0,9.8,甘肃
GXP20251215000418,6862,2025-12-15 10:59:00,短视频橱窗,,已完成,1,144.72,16.08,0.0,湖北
GXP20251207000419,10199,2025-12-07 14:31:00,直播间,589.0,已完成,2,346.57,6.63,0.0,福建
GXP20240730000420,7760,2024-07-30 20:10:00,直播间,141.0,已完成,2,102.05,4.25,0.0,甘肃
GXP20250820000421,18757,2025-08-20 19:42:00,直播间,480.0,已完成,1,98.1,0.0,6.4,甘肃
GXP20240501000422,3373,2024-05-01 21:12:00,短视频橱窗,,已完成,3,445.53,5.47,0.0,湖北
GXP20251121000423,19726,2025-11-21 13:35:00,短视频橱窗,,已完成,1,67.51,6.69,7.3,上海
GXP20251123000424,1082,2025-11-23 10:47:00,商城搜索,,已退款,1,121.1,0.0,0.0,青海
GXP20240108000425,15746,2024-01-08 21:15:00,短视频橱窗,,已完成,3,383.97,38.13,0.0,甘肃
GXP20240116000426,9995,2024-01-16 16:52:00,商城搜索,,已完成,1,93.2,0.0,6.2,甘肃
GXP20251030000427,14367,2025-10-30 20:05:00,直播间,543.0,已取消,1,99.95,7.85,9.7,北京
GXP20250801000428,4271,2025-08-01 20:38:00,商城搜索,,已完成,2,83.8,0.0,8.0,四川
GXP20241207000429,13570,2024-12-07 11:25:00,短视频橱窗,,已完成,1,50.99,4.41,11.3,甘肃
GXP20250208000430,15488,2025-02-08 19:56:00,直播间,304.0,已完成,2,120.6,13.4,0.0,青海
GXP20250228000431,5196,2025-02-28 13:34:00,短视频橱窗,,已取消,2,86.87,8.93,8.5,甘肃
GXP20250202000432,10674,2025-02-02 15:13:00,短视频橱窗,,已完成,2,69.5,5.1,6.8,江苏
GXP20250917000433,10248,2025-09-17 19:28:00,直播间,507.0,已完成,1,66.42,4.88,10.3,甘肃
GXP20250310000434,13637,2025-03-10 20:07:00,短视频橱窗,,已退款,2,157.2,0.0,0.0,江苏
GXP20250311000435,19746,2025-03-11 19:29:00,直播间,323.0,已完成,1,87.89,13.91,9.1,浙江
GXP20251108000436,2185,2025-11-08 20:41:00,直播间,557.0,已完成,1,69.25,6.55,10.3,福建
GXP20240923000437,2234,2024-09-23 08:34:00,商城搜索,,已取消,1,98.48,15.72,9.4,甘肃
GXP20240226000438,1839,2024-02-26 19:37:00,直播间,51.0,已付款,1,282.2,0.0,0.0,江苏
GXP20250323000439,15864,2025-03-23 19:17:00,直播间,338.0,已完成,1,27.56,1.54,9.9,重庆
GXP20241122000440,17762,2024-11-22 16:22:00,商城搜索,,已完成,1,67.7,8.0,9.0,河南
GXP20250923000441,5437,2025-09-23 20:49:00,直播间,512.0,已完成,1,196.1,0.0,0.0,甘肃
GXP20250610000442,18839,2025-06-10 18:56:00,短视频橱窗,,已完成,1,139.9,0.0,0.0,甘肃
GXP20250504000443,4545,2025-05-04 15:51:00,直播间,374.0,已完成,2,285.8,0.0,0.0,河南
GXP20251115000444,14733,2025-11-15 08:52:00,短视频橱窗,,已完成,1,148.03,12.87,0.0,甘肃
GXP20251009000445,15214,2025-10-09 20:41:00,商城搜索,,已完成,1,101.5,0.0,10.3,新疆
GXP20251120000446,15063,2025-11-20 20:59:00,直播间,568.0,已取消,2,113.65,5.15,0.0,甘肃
GXP20240714000447,14310,2024-07-14 09:34:00,短视频橱窗,,已付款,1,103.4,0.0,11.0,陕西
GXP20240629000448,5943,2024-06-29 19:52:00,直播间,121.0,已完成,3,213.74,10.46,0.0,山东
GXP20250726000449,9952,2025-07-26 10:53:00,商城搜索,,已完成,1,40.3,0.0,7.1,广东
GXP20240511000450,8808,2024-05-11 14:14:00,短视频橱窗,,已完成,3,162.6,0.0,0.0,甘肃
GXP20240816000451,13226,2024-08-16 20:21:00,直播间,155.0,已完成,1,79.8,0.0,10.4,广东
GXP20250812000452,478,2025-08-12 20:30:00,直播间,471.0,已完成,1,35.36,2.74,10.7,福建
GXP20251029000453,3866,2025-10-29 20:50:00,直播间,541.0,已完成,1,105.8,0.0,0.0,甘肃
GXP20240808000454,3849,2024-08-08 20:30:00,直播间,149.0,已完成,1,134.6,0.0,0.0,青海
GXP20250807000455,14201,2025-08-07 18:56:00,直播间,468.0,已完成,1,106.59,18.81,0.0,陕西
GXP20250907000456,3112,2025-09-07 19:23:00,直播间,496.0,已付款,1,74.48,7.22,9.5,河南
GXP20250920000457,2106,2025-09-20 22:01:00,直播间,509.0,已完成,1,165.4,0.0,0.0,北京
GXP20250302000458,6611,2025-03-02 19:34:00,直播间,318.0,已完成,1,183.0,0.0,0.0,四川
GXP20250305000459,11797,2025-03-05 09:34:00,短视频橱窗,,已退款,2,184.92,16.08,0.0,广东
GXP20251026000460,17569,2025-10-26 22:03:00,商城搜索,,已退款,1,28.25,1.65,9.3,甘肃
GXP20250504000461,10381,2025-05-04 19:18:00,直播间,373.0,已完成,2,77.41,5.99,8.5,陕西
GXP20240118000462,13784,2024-01-18 20:01:00,短视频橱窗,,已退款,2,282.2,0.0,0.0,陕西
GXP20241120000463,15210,2024-11-20 20:08:00,直播间,220.0,已取消,1,119.0,0.0,0.0,广东
GXP20250919000464,16805,2025-09-19 19:03:00,直播间,508.0,已完成,1,26.98,1.92,9.7,广东
GXP20240428000465,4935,2024-04-28 20:02:00,短视频橱窗,,已完成,1,96.55,7.85,6.3,四川
GXP20240605000466,4032,2024-06-05 19:10:00,直播间,105.0,已完成,1,195.9,0.0,0.0,广东
GXP20250409000467,4986,2025-04-09 20:26:00,直播间,354.0,已取消,3,243.4,0.0,0.0,新疆
GXP20241213000468,2674,2024-12-13 20:14:00,直播间,244.0,已完成,2,99.06,4.14,0.0,浙江
GXP20250203000469,10041,2025-02-03 20:14:00,直播间,299.0,已退款,1,45.5,0.0,7.7,湖北
GXP20241225000470,4891,2024-12-25 16:59:00,商城搜索,,已完成,2,249.3,0.0,0.0,广东
GXP20240802000471,18243,2024-08-02 18:57:00,直播间,145.0,已付款,2,203.4,22.6,0.0,甘肃
GXP20240130000472,14617,2024-01-30 16:25:00,直播间,28.0,已完成,2,176.66,3.64,0.0,福建
GXP20240316000473,4941,2024-03-16 22:23:00,商城搜索,,已退款,1,119.14,10.36,0.0,重庆
GXP20240603000474,12068,2024-06-03 08:39:00,短视频橱窗,,已完成,1,67.3,0.0,8.6,甘肃
GXP20251229000475,13858,2025-12-29 18:48:00,直播间,621.0,已完成,1,33.2,0.0,8.0,山东
GXP20251203000476,4745,2025-12-03 22:28:00,短视频橱窗,,已完成,2,296.02,44.28,0.0,四川
GXP20251101000477,15644,2025-11-01 19:04:00,直播间,545.0,已完成,1,105.1,0.0,6.5,甘肃
GXP20251123000478,19079,2025-11-23 19:15:00,直播间,571.0,已完成,1,41.78,3.02,7.0,北京
GXP20250511000479,16419,2025-05-11 18:53:00,商城搜索,,已完成,1,54.8,0.0,6.3,四川
GXP20240219000480,11641,2024-02-19 14:45:00,短视频橱窗,,已完成,1,133.0,0.0,0.0,甘肃
GXP20240315000481,14252,2024-03-15 19:59:00,直播间,60.0,已完成,2,196.02,3.88,0.0,广东
GXP20240411000482,13741,2024-04-11 20:34:00,直播间,72.0,已完成,1,64.97,10.04,8.1,山东
GXP20250518000483,5572,2025-05-18 15:57:00,商城搜索,,已退款,1,-1.0,12.87,0.0,陕西
GXP20251211000484,19359,2025-12-11 17:09:00,短视频橱窗,,已发货,2,163.5,16.7,0.0,甘肃
GXP20250814000485,12134,2025-08-14 12:42:00,短视频橱窗,,已取消,1,63.36,7.04,11.7,广东
GXP20240811000486,10974,2024-08-11 20:56:00,直播间,152.0,已完成,1,42.8,0.0,7.5,甘肃
GXP20250408000487,9762,2025-04-08 20:35:00,直播间,353.0,已完成,1,208.4,0.0,0.0,广东
GXP20250815000488,6472,2025-08-15 12:11:00,短视频橱窗,,已取消,2,235.6,0.0,0.0,广东
GXP20240102000489,5710,2024-01-02 20:40:00,直播间,1.0,已完成,1,71.85,5.65,6.9,广东
GXP20250401000490,5602,2025-04-01 20:08:00,直播间,346.0,已完成,3,242.93,8.87,0.0,上海
GXP20240713000491,2452,2024-07-13 19:57:00,直播间,131.0,已完成,1,126.74,22.37,0.0,重庆
GXP20250117000492,12341,2025-01-17 20:59:00,直播间,277.0,已完成,2,171.96,21.54,0.0,浙江
GXP20240621000493,5717,2024-06-21 11:23:00,短视频橱窗,,已完成,1,169.2,0.0,0.0,浙江
GXP20251202000494,18510,2025-12-02 18:21:00,商城搜索,,已完成,1,43.1,0.0,7.6,湖北
GXP20241010000495,19339,2024-10-10 20:38:00,直播间,188.0,已完成,1,41.1,0.0,10.2,浙江
GXP20240828000496,10481,2024-08-28 18:55:00,直播间,161.0,已完成,3,647.01,39.39,0.0,甘肃
GXP20240521000497,14594,2024-05-21 19:13:00,直播间,98.0,已退款,1,143.2,0.0,0.0,四川
GXP20240609000498,14721,2024-06-09 20:16:00,直播间,107.0,已完成,1,75.83,9.07,9.3,福建
GXP20251104000499,11445,2025-11-04 20:46:00,直播间,550.0,已完成,2,74.37,3.83,7.8,甘肃
GXP20240705000500,18713,2024-07-05 12:48:00,短视频橱窗,,已完成,2,391.0,16.8,0.0,青海
GXP20240515000501,8395,2024-05-15 14:47:00,直播间,92.0,已完成,2,100.37,15.23,9.9,四川
GXP20250328000502,4084,2025-03-28 14:56:00,直播间,341.0,已完成,1,101.82,13.88,0.0,四川
GXP20240629000503,269,2024-06-29 19:08:00,直播间,121.0,已完成,3,655.1,85.8,0.0,上海
GXP20240614000504,11844,2024-06-14 20:04:00,直播间,110.0,已退款,1,77.96,9.24,10.2,甘肃
GXP20240808000505,16261,2024-08-08 20:47:00,直播间,149.0,已付款,2,348.5,42.0,0.0,河南
GXP20250318000506,17239,2025-03-18 14:48:00,直播间,332.0,已完成,1,69.25,8.15,9.5,广东
GXP20240918000507,10584,2024-09-18 19:21:00,直播间,172.0,已完成,1,110.35,15.05,0.0,甘肃
GXP20250121000508,16271,2025-01-21 19:47:00,直播间,284.0,已发货,2,135.21,5.79,0.0,甘肃
GXP20250330000509,17685,2025-03-30 20:01:00,短视频橱窗,,已完成,1,48.59,4.51,8.0,山东
GXP20240416000510,649,2024-04-16 18:23:00,短视频橱窗,,已完成,1,41.89,6.11,7.3,甘肃
GXP20250920000511,9190,2025-09-20 18:57:00,短视频橱窗,,已完成,1,93.9,0.0,11.9,甘肃
GXP20240211000512,2681,2024-02-11 20:40:00,直播间,38.0,已完成,2,130.2,0.0,0.0,北京
GXP20251002000513,4758,2025-10-02 16:00:00,短视频橱窗,,已完成,2,181.1,0.0,0.0,上海
GXP20250623000514,4502,2025-06-23 19:37:00,直播间,422.0,已完成,1,84.2,0.0,8.9,河南
GXP20240420000515,8145,2024-04-20 19:25:00,直播间,78.0,已完成,2,110.0,0.0,0.0,浙江
GXP20240210000516,3930,2024-02-10 20:47:00,商城搜索,,已付款,2,159.19,9.41,0.0,湖北
GXP20241215000517,17023,2024-12-15 20:01:00,直播间,246.0,已完成,1,58.33,5.37,10.0,青海
GXP20250712000518,18424,2025-07-12 10:32:00,短视频橱窗,,已完成,1,45.25,5.95,11.5,上海
GXP20250118000519,18509,2025-01-18 20:33:00,直播间,279.0,已完成,1,54.42,7.88,9.8,甘肃
GXP20241022000520,4263,2024-10-22 10:17:00,短视频橱窗,,已完成,1,78.1,0.0,11.4,北京
GXP20240818000521,3596,2024-08-18 20:24:00,直播间,156.0,已取消,2,132.3,0.0,0.0,四川
GXP20240331000522,2720,2024-03-31 19:05:00,直播间,69.0,已退款,1,110.4,0.0,0.0,甘肃
GXP20241027000523,519,2024-10-27 18:32:00,商城搜索,,已完成,2,112.7,3.7,0.0,甘肃
GXP20250803000524,5822,2025-08-03 12:05:00,商城搜索,,已发货,3,537.3,0.0,0.0,四川
GXP20250129000525,16283,2025-01-29 20:13:00,直播间,292.0,已完成,2,234.5,0.0,0.0,甘肃
GXP20251202000526,5137,2025-12-02 19:32:00,直播间,582.0,已完成,2,181.33,4.57,0.0,福建
GXP20240419000527,13760,2024-04-19 20:35:00,短视频橱窗,,已完成,1,84.2,0.0,11.6,福建
GXP20241122000528,7398,2024-11-22 19:40:00,直播间,221.0,已完成,1,110.0,0.0,0.0,山东
GXP20240524000529,12938,2024-05-24 09:57:00,短视频橱窗,,已付款,2,206.0,0.0,0.0,陕西
GXP20240918000530,14913,2024-09-18 19:14:00,直播间,172.0,已完成,2,174.54,6.46,0.0,北京
GXP20250224000531,17764,2025-02-24 11:38:00,短视频橱窗,,已付款,2,102.9,0.0,0.0,广东
GXP20241229000532,10405,2024-12-29 19:52:00,直播间,257.0,已完成,1,77.95,5.95,9.5,上海
GXP20250806000533,11726,2025-08-06 19:23:00,直播间,464.0,已发货,1,68.3,0.0,9.6,广东
GXP20250504000534,19073,2025-05-04 19:54:00,直播间,373.0,已付款,1,55.4,0.0,9.5,甘肃
GXP20250623000535,12453,2025-06-23 19:47:00,直播间,422.0,已完成,2,213.3,0.0,0.0,上海
GXP20250811000536,19837,2025-08-11 21:04:00,短视频橱窗,,已完成,2,98.27,5.73,7.4,甘肃
GXP20251226000537,4798,2025-12-26 20:46:00,直播间,617.0,已完成,2,183.78,4.92,0.0,青海
GXP20241102000538,19211,2024-11-02 16:04:00,直播间,201.0,已完成,2,225.1,0.0,0.0,四川
GXP20241223000539,2411,2024-12-23 19:44:00,商城搜索,,已完成,3,343.7,31.6,0.0,江苏
GXP20251015000540,12490,2025-10-15 20:09:00,商城搜索,,已完成,1,104.46,8.34,8.5,浙江
GXP20251205000541,18411,2025-12-05 20:42:00,直播间,587.0,已完成,1,32.5,0.0,11.8,甘肃
GXP20250625000542,15258,2025-06-25 21:52:00,短视频橱窗,,已付款,2,439.2,0.0,0.0,甘肃
GXP20240813000543,8233,2024-08-13 18:49:00,直播间,153.0,已完成,2,124.6,0.0,0.0,广东
GXP20250813000544,4803,2025-08-13 18:35:00,直播间,473.0,已完成,1,65.2,0.0,9.9,浙江
GXP20250103000545,11769,2025-01-03 22:50:00,商城搜索,,已完成,1,95.6,0.0,7.0,江苏
GXP20241215000546,6205,2024-12-15 19:43:00,直播间,246.0,已完成,2,104.19,4.41,0.0,福建
GXP20240711000547,11312,2024-07-11 12:53:00,短视频橱窗,,已完成,1,53.7,8.4,6.1,浙江
GXP20240312000548,12656,2024-03-12 11:49:00,短视频橱窗,,已完成,2,197.16,9.95,0.0,甘肃
GXP20250807000549,12858,2025-08-07 18:48:00,直播间,468.0,已发货,1,71.16,11.34,6.9,广东
GXP20250702000550,8139,2025-07-02 19:36:00,直播间,433.0,已完成,2,114.43,5.37,0.0,河南
GXP20240212000551,13243,2024-02-12 21:32:00,直播间,39.0,已完成,1,60.36,4.64,7.0,陕西
GXP20241113000552,10420,2024-11-13 20:24:00,直播间,215.0,已完成,3,137.97,8.03,0.0,浙江
GXP20240614000553,3811,2024-06-14 19:48:00,直播间,110.0,已发货,1,125.4,0.0,0.0,浙江
GXP20241001000554,3138,2024-10-01 08:15:00,商城搜索,,已退款,2,258.2,0.0,0.0,重庆
GXP20250220000555,2008,2025-02-20 20:00:00,短视频橱窗,,已完成,2,140.5,0.0,0.0,浙江
GXP20250908000556,15201,2025-09-08 14:11:00,短视频橱窗,,已完成,1,316.2,0.0,0.0,甘肃
GXP20241120000557,19036,2024-11-20 20:45:00,直播间,219.0,已取消,1,122.36,10.64,0.0,河南
GXP20251215000558,8204,2025-12-15 14:23:00,直播间,601.0,已完成,1,162.4,0.0,0.0,
GXP20250731000559,17513,2025-07-31 19:54:00,直播间,457.0,已发货,1,117.74,16.06,0.0,青海
GXP20250320000560,15157,2025-03-20 18:04:00,短视频橱窗,,已完成,1,42.54,4.76,7.6,江苏
GXP20250122000561,1153,2025-01-22 16:27:00,直播间,287.0,已完成,1,254.2,0.0,0.0,陕西
GXP20240416000562,10548,2024-04-16 19:29:00,直播间,77.0,已退款,1,136.26,15.14,0.0,四川
GXP20250506000563,8628,2025-05-06 20:28:00,直播间,378.0,已完成,2,608.74,64.76,0.0,浙江
GXP20241231000564,6712,2024-12-31 21:34:00,直播间,260.0,已完成,1,69.17,8.03,10.3,浙江
GXP20241205000565,17126,2024-12-05 20:30:00,直播间,237.0,已退款,1,76.2,0.0,10.7,山东
GXP20240910000566,18364,2024-09-10 16:09:00,直播间,166.0,已退款,2,163.54,20.66,0.0,福建
GXP20250723000567,19507,2025-07-23 15:21:00,商城搜索,,已完成,2,129.4,0.0,0.0,浙江
GXP20250915000568,1359,2025-09-15 19:57:00,直播间,504.0,已完成,1,54.8,0.0,11.7,北京
GXP20241220000569,7428,2024-12-20 13:10:00,商城搜索,,已完成,1,48.0,0.0,6.1,湖北
GXP20240226000570,6504,2024-02-26 14:46:00,直播间,52.0,已完成,1,110.08,19.42,0.0,河南
GXP20251216000571,7795,2025-12-16 18:46:00,直播间,604.0,已完成,2,100.24,2.06,11.8,
GXP20250117000572,9699,2025-01-17 19:46:00,直播间,277.0,已完成,1,50.68,5.82,8.0,北京
GXP20250715000573,19214,2025-07-15 12:38:00,商城搜索,,已完成,1,94.8,0.0,10.8,甘肃
GXP20241031000574,10326,2024-10-31 20:35:00,短视频橱窗,,已完成,2,180.78,3.32,0.0,甘肃
GXP20240713000575,2686,2024-07-13 20:02:00,直播间,131.0,已发货,1,99.96,17.64,0.0,甘肃
GXP20251107000576,17126,2025-11-07 14:53:00,短视频橱窗,,已完成,1,47.01,3.49,6.9,甘肃
GXP20250731000577,6795,2025-07-31 10:56:00,短视频橱窗,,已完成,2,118.22,6.58,0.0,甘肃
GXP20241120000578,1530,2024-11-20 21:02:00,短视频橱窗,,已完成,2,207.28,18.02,0.0,甘肃
GXP20250825000579,10415,2025-08-25 21:21:00,直播间,486.0,已取消,1,79.72,5.98,10.9,福建
GXP20250302000580,4740,2025-03-02 20:12:00,直播间,318.0,已完成,1,109.2,0.0,0.0,山东
GXP20251023000581,5914,2025-10-23 20:57:00,直播间,536.0,已完成,1,198.8,0.0,0.0,甘肃
GXP20250912000582,11655,2025-09-12 11:58:00,商城搜索,,已完成,1,117.4,0.0,0.0,河南
GXP20240212000583,6757,2024-02-12 19:39:00,直播间,40.0,已付款,1,48.16,4.64,6.4,江苏
GXP20241218000584,15578,2024-12-18 21:20:00,商城搜索,,已退款,1,220.15,38.85,0.0,江苏
GXP20250122000585,793,2025-01-22 20:20:00,直播间,286.0,已发货,1,51.1,0.0,11.3,上海
GXP20250127000586,14507,2025-01-27 14:34:00,短视频橱窗,,已完成,1,287.6,0.0,0.0,陕西
GXP20250203000587,9553,2025-02-03 19:15:00,直播间,299.0,已付款,2,109.65,5.65,0.0,上海
GXP20250426000588,294,2025-04-26 19:58:00,直播间,366.0,已发货,1,64.7,0.0,9.7,甘肃
GXP20240625000589,552,2024-06-25 12:35:00,短视频橱窗,,已完成,1,36.7,0.0,11.8,四川
GXP20251002000590,13508,2025-10-02 18:45:00,短视频橱窗,,已完成,1,86.3,0.0,10.4,甘肃
GXP20251211000591,12213,2025-12-11 20:02:00,直播间,593.0,已完成,1,112.9,0.0,0.0,重庆
GXP20240103000592,13176,2024-01-03 19:47:00,短视频橱窗,,已完成,2,108.8,0.0,0.0,甘肃
GXP20251104000593,11720,2025-11-04 20:34:00,直播间,550.0,已完成,2,138.07,10.83,0.0,青海
GXP20240207000594,9831,2024-02-07 10:06:00,短视频橱窗,,已付款,1,125.28,13.92,0.0,陕西
GXP20250501000595,15084,2025-05-01 20:10:00,直播间,370.0,已完成,1,102.4,8.9,0.0,重庆
GXP20240313000596,1117,2024-03-13 08:34:00,商城搜索,,已发货,2,167.72,3.58,0.0,浙江
GXP20250322000597,16796,2025-03-22 20:13:00,商城搜索,,已完成,2,166.06,16.34,0.0,江苏
GXP20241116000598,13448,2024-11-16 17:21:00,直播间,218.0,已完成,1,139.9,0.0,0.0,江苏
GXP20240721000599,13772,2024-07-21 19:06:00,直播间,133.0,已完成,1,129.5,0.0,0.0,湖北
GXP20240625000600,2017,2024-06-25 19:27:00,直播间,117.0,已完成,3,347.36,23.94,0.0,山东
GXP20241116000601,17266,2024-11-16 17:00:00,直播间,217.0,已完成,2,218.2,0.0,0.0,重庆
GXP20240703000602,10373,2024-07-03 12:53:00,商城搜索,,已完成,1,149.2,0.0,0.0,甘肃
GXP20241104000603,6174,2024-11-04 21:01:00,直播间,205.0,已完成,1,45.35,4.05,8.9,甘肃
GXP20240918000604,13349,2024-09-18 19:39:00,直播间,172.0,已完成,1,40.5,4.4,8.2,甘肃
GXP20250821000605,3847,2025-08-21 19:58:00,直播间,482.0,已完成,1,72.5,0.0,7.0,甘肃
GXP20240620000606,7523,2024-06-20 19:41:00,短视频橱窗,,已完成,2,251.33,12.87,0.0,江苏
GXP20250625000607,8907,2025-06-25 18:58:00,直播间,426.0,已完成,1,224.6,0.0,0.0,甘肃
GXP20240810000608,15881,2024-08-10 14:28:00,直播间,151.0,已取消,2,275.81,16.09,0.0,山东
GXP20250515000609,17790,2025-05-15 08:28:00,商城搜索,,已完成,2,237.73,39.87,0.0,甘肃
GXP20241008000610,2441,2024-10-08 19:10:00,直播间,186.0,已完成,1,55.52,7.68,12.0,江苏
GXP20251021000611,3748,2025-10-21 15:25:00,商城搜索,,已完成,2,202.91,20.69,0.0,江苏
GXP20250811000612,10904,2025-08-11 10:05:00,商城搜索,,已完成,2,104.1,6.9,0.0,陕西
GXP20251211000613,731,2025-12-11 19:51:00,直播间,593.0,已完成,1,40.4,0.0,10.2,福建
GXP20241229000614,7881,2024-12-29 17:56:00,短视频橱窗,,已完成,1,33.3,0.0,8.1,甘肃
GXP20240502000615,11071,2024-05-02 15:51:00,直播间,84.0,已完成,1,141.59,19.31,0.0,河南
GXP20240227000616,9006,2024-02-27 20:38:00,直播间,53.0,已发货,1,52.3,0.0,11.6,甘肃
GXP20241126000617,9146,2024-11-26 20:12:00,直播间,229.0,已完成,1,66.8,0.0,9.0,四川
GXP20241008000618,7335,2024-10-08 19:27:00,直播间,187.0,已退款,2,149.41,9.39,0.0,甘肃
GXP20240212000619,9558,2024-02-12 19:59:00,直播间,41.0,已发货,3,196.02,13.18,0.0,重庆
GXP20251216000620,15167,2025-12-16 20:06:00,直播间,602.0,已完成,2,70.4,0.0,7.3,新疆
GXP20251014000621,16782,2025-10-14 20:27:00,直播间,525.0,已取消,3,205.31,22.69,0.0,甘肃
GXP20251223000622,996,2025-12-23 19:55:00,直播间,614.0,已发货,2,195.0,0.0,0.0,广东
GXP20250917000623,13401,2025-09-17 19:03:00,短视频橱窗,,已完成,1,42.9,0.0,7.0,广东
GXP20240705000624,14244,2024-07-05 17:42:00,短视频橱窗,,已完成,1,68.2,0.0,9.3,甘肃
GXP20250217000625,18303,2025-02-17 17:12:00,短视频橱窗,,已完成 ,1,76.13,5.97,7.5,青海
GXP20240708000626,17740,2024-07-08 19:09:00,直播间,124.0,已取消,1,73.12,5.78,6.6,重庆
GXP20241103000627,12921,2024-11-03 14:18:00,直播间,203.0,已完成,1,37.7,0.0,9.4,甘肃
GXP20240208000628,14394,2024-02-08 14:01:00,短视频橱窗,,已取消,2,199.4,0.0,0.0,甘肃
GXP20251107000629,12129,2025-11-07 21:49:00,直播间,554.0,已完成,1,111.4,0.0,0.0,福建
GXP20240626000630,16930,2024-06-26 19:33:00,直播间,120.0,待付款?,2,69.15,9.05,8.2,浙江
GXP20240515000631,10957,2024-05-15 20:17:00,直播间,93.0,已完成,2,97.25,6.55,8.5,甘肃
GXP20240321000632,14500,2024-03-21 14:52:00,短视频橱窗,,已完成,2,84.46,6.64,9.1,北京
GXP20250223000633,7,2025-02-23 08:28:00,商城搜索,,已完成,2,161.31,4.29,0.0,重庆
GXP20251103000634,2316,2025-11-03 19:52:00,直播间,548.0,已取消,2,186.7,7.9,0.0,广东
GXP20250224000635,9202,2025-02-24 09:12:00,短视频橱窗,,已取消,2,116.2,0.0,0.0,广东
GXP20240510000636,17965,2024-05-10 20:22:00,短视频橱窗,,已完成,1,68.0,6.8,6.8,四川
GXP20250727000637,13246,2025-07-27 21:23:00,直播间,455.0,已完成,2,125.19,16.21,0.0,陕西
GXP20241123000638,13534,2024-11-23 20:30:00,直播间,226.0,已发货,2,104.31,5.29,0.0,甘肃
GXP20250829000639,15056,2025-08-29 19:51:00,直播间,488.0,已付款,2,380.5,0.0,0.0,甘肃
GXP20251214000640,9266,2025-12-14 15:19:00,短视频橱窗,,已完成,2,289.06,11.54,0.0,湖北
GXP20241105000641,3524,2024-11-05 21:05:00,直播间,206.0,已完成,1,61.4,5.5,11.9,广东
GXP20250820000642,16196,2025-08-20 19:35:00,直播间,480.0,已完成,2,87.12,7.58,11.6,甘肃
GXP20241109000643,1152,2024-11-09 19:13:00,直播间,211.0,已完成,1,96.06,11.84,9.2,江苏
GXP20250707000644,13490,2025-07-07 16:33:00,直播间,436.0,已完成,1,75.5,0.0,11.0,山东
GXP20250715000645,458,2025-07-15 20:10:00,直播间,444.0,已完成,2,121.1,0.0,0.0,甘肃
GXP20251229000646,2116,2025-12-29 18:40:00,直播间,621.0,已发货,2,115.0,3.4,0.0,新疆
GXP20250227000647,9000,2025-02-27 21:24:00,短视频橱窗,,已付款,1,208.44,23.16,0.0,浙江
GXP20240909000648,17319,2024-09-09 12:30:00,短视频橱窗,,已完成,1,59.22,4.48,7.7,甘肃
GXP20250323000649,4636,2025-03-23 20:37:00,短视频橱窗,,已完成,2,280.36,28.44,0.0,山东
GXP20250709000650,7426,2025-07-09 14:14:00,短视频橱窗,,已完成,1,56.52,8.28,9.6,甘肃
GXP20250627000651,14389,2025-06-27 19:43:00,直播间,428.0,已完成,1,104.9,0.0,8.2,河南
GXP20241205000652,16775,2024-12-05 19:22:00,直播间,237.0,已完成,2,180.19,6.41,0.0,北京
GXP20241231000653,17260,2024-12-31 16:28:00,直播间,259.0,已完成,1,23.62,2.28,10.7,广东
GXP20250805000654,5764,2025-08-05 14:29:00,商城搜索,,已发货,1,180.03,31.77,0.0,青海
GXP20240826000655,5909,2024-08-26 19:01:00,直播间,160.0,已完成,1,80.6,0.0,7.6,河南
GXP20240531000656,601,2024-05-31 12:28:00,短视频橱窗,,已完成,1,102.4,8.9,0.0,河南
GXP20241205000657,5119,2024-12-05 19:15:00,直播间,237.0,已完成,2,129.5,0.0,0.0,重庆
GXP20250409000658,4893,2025-04-09 18:26:00,商城搜索,,已付款,1,90.61,14.19,10.2,四川
GXP20251210000659,9129,2025-12-10 12:25:00,短视频橱窗,,已完成,1,87.7,0.0,9.7,江苏
GXP20240415000660,15206,2024-04-15 17:06:00,短视频橱窗,,已完成,2,102.24,11.26,0.0,北京
GXP20250823000661,2195,2025-08-23 19:59:00,直播间,483.0,已完成,1,50.8,0.0,8.3,北京
GXP20251009000662,6217,2025-10-09 12:36:00,短视频橱窗,,已完成,2,114.79,5.21,0.0,青海
GXP20250504000663,17504,2025-05-04 15:49:00,直播间,374.0,已完成,1,101.1,0.0,11.7,江苏
GXP20250813000664,87,2025-08-13 21:20:00,直播间,473.0,已完成,1,111.41,15.19,0.0,江苏
GXP20251203000665,19334,2025-12-03 17:31:00,短视频橱窗,,已退款,1,57.4,0.0,8.7,甘肃
GXP20250607000666,18991,2025-06-07 09:00:00,商城搜索,,已完成,1,60.0,0.0,11.5,甘肃
GXP20251020000667,2339,2025-10-20 19:42:00,直播间,530.0,已付款,2,371.2,4.7,0.0,上海
GXP20250318000668,8402,2025-03-18 18:54:00,直播间,331.0,已完成,2,125.01,12.29,0.0,重庆
GXP20250816000669,19871,2025-08-16 19:31:00,直播间,476.0,已完成,1,115.2,0.0,0.0,山东
GXP20251101000670,7725,2025-11-01 16:16:00,商城搜索,,已完成,2,336.66,36.34,0.0,甘肃
GXP20240721000671,4649,2024-07-21 18:50:00,商城搜索,,已完成,1,69.28,10.52,9.7,广东
GXP20241216000672,1225,2024-12-16 20:33:00,直播间,247.0,已完成,2,94.02,3.88,9.1,北京
GXP20250821000673,3922,2025-08-21 22:16:00,直播间,482.0,已取消,1,118.44,13.16,0.0,浙江
GXP20250511000674,6212,2025-05-11 16:38:00,商城搜索,,已完成,2,207.5,0.0,0.0,四川
GXP20240427000675,9946,2024-04-27 18:40:00,直播间,80.0,已取消,1,54.92,3.88,10.3,甘肃
GXP20240130000676,5018,2024-01-30 16:30:00,直播间,28.0,已完成,1,106.59,18.81,0.0,广东
GXP20250220000677,12602,2025-02-20 19:07:00,直播间,313.0,已完成,1,148.9,0.0,0.0,陕西
GXP20241117000678,3090,2024-11-17 15:04:00,短视频橱窗,,已完成,3,444.9,0.0,0.0,陕西
GXP20250705000679,14197,2025-07-05 19:35:00,短视频橱窗,,已完成,1,23.6,1.5,6.3,江苏
GXP20240722000680,7381,2024-07-22 08:16:00,短视频橱窗,,已完成,1,56.6,0.0,10.3,浙江
GXP20250414000681,6936,2025-04-14 14:14:00,短视频橱窗,,已退款,1,131.6,0.0,0.0,新疆
GXP20250428000682,15106,2025-04-28 15:34:00,短视频橱窗,,已发货,1,99.0,11.0,0.0,四川
GXP20241130000683,14672,2024-11-30 12:08:00,商城搜索,,已完成,1,37.12,2.48,8.6,甘肃
GXP20250920000684,11544,2025-09-20 17:28:00,商城搜索,,已完成,3,411.8,0.0,0.0,甘肃
GXP20241109000685,12229,2024-11-09 22:17:00,短视频橱窗,,已取消,3,277.52,27.08,0.0,山东
GXP20250508000686,9699,2025-05-08 10:06:00,短视频橱窗,,已完成,2,145.3,0.0,0.0,四川
GXP20240727000687,7402,2024-07-27 18:51:00,直播间,139.0,已完成,2,173.36,8.44,0.0,北京
GXP20250119000688,12369,2025-01-19 22:57:00,商城搜索,,已完成,2,190.41,29.89,0.0,甘肃
GXP20250816000689,474,2025-08-16 22:27:00,短视频橱窗,,已退款,1,48.58,4.22,10.6,广东
GXP20250816000690,18489,2025-08-16 19:05:00,直播间,476.0,已完成,1,75.8,7.2,11.0,湖北
GXP20240509000691,18938,2024-05-09 17:12:00,短视频橱窗,,已付款,1,104.8,13.2,8.0,广东
GXP20240130000692,10283,2024-01-30 19:15:00,直播间,27.0,已完成,1,142.46,25.14,0.0,广东
GXP20250711000693,3229,2025-07-11 19:05:00,直播间,441.0,已完成,1,80.1,0.0,6.8,湖北
GXP20251123000694,6723,2025-11-23 19:14:00,直播间,571.0,已退款,2,528.0,54.8,0.0,青海
GXP20251216000695,8847,2025-12-16 19:10:00,直播间,602.0,已付款,1,148.03,12.87,0.0,甘肃
GXP20251206000696,19594,2025-12-06 20:49:00,短视频橱窗,,已取消,1,47.45,3.55,6.6,河南
GXP20250907000697,5110,2025-09-07 12:05:00,短视频橱窗,,已取消,1,56.7,0.0,6.4,上海
GXP20251211000698,13973,2025-12-11 20:25:00,直播间,594.0,已完成,2,116.14,6.56,0.0,甘肃
GXP20250318000699,17708,2025-03-18 18:36:00,直播间,331.0,已完成,2,182.28,7.32,0.0,
GXP20251211000700,4631,2025-12-11 19:48:00,直播间,593.0,已取消,2,251.14,16.56,0.0,北京
GXP20250709000701,1486,2025-07-09 20:31:00,直播间,439.0,已付款,1,49.2,0.0,11.4,广东
GXP20250829000702,4177,2025-08-29 19:08:00,直播间,488.0,已完成,2,102.22,3.88,0.0,甘肃
GXP20250303000703,18058,2025-03-03 17:23:00,直播间,319.0,已完成,2,138.56,11.04,0.0,上海
GXP20250117000704,6109,2025-01-17 19:17:00,直播间,278.0,已付款,1,251.8,0.0,0.0,山东
GXP20241019000705,10808,2024-10-19 15:57:00,直播间,195.0,已完成,3,375.51,3.49,0.0,陕西
GXP20241220000706,11689,2024-12-20 16:21:00,直播间,250.0,已完成,2,153.6,0.0,0.0,甘肃
GXP20240416000707,8339,2024-04-16 19:26:00,直播间,77.0,已完成,1,112.0,0.0,0.0,北京
GXP20250328000708,5331,2025-03-28 20:05:00,直播间,340.0,已完成,1,90.58,14.22,10.0,四川
GXP20240811000709,1592,2024-08-11 20:26:00,直播间,152.0,已完成,3,297.45,35.35,0.0,甘肃
GXP20241025000710,11971,2024-10-25 19:57:00,直播间,197.0,已完成,1,71.6,0.0,10.0,甘肃
GXP20251220000711,11088,2025-12-20 19:41:00,直播间,609.0,已完成,2,353.8,0.0,0.0,陕西
GXP20240802000712,17189,2024-08-02 14:39:00,直播间,144.0,已完成,1,230.74,20.06,0.0,青海
GXP20240601000713,4089,2024-06-01 20:48:00,直播间,103.0,已完成,1,283.18,38.62,0.0,江苏
GXP20241001000714,8308,2024-10-01 21:15:00,直播间,178.0,已完成,3,269.24,26.26,0.0,甘肃
GXP20251226000715,2119,2025-12-26 19:54:00,直播间,616.0,已完成,1,165.2,0.0,0.0,甘肃
GXP20241202000716,10729,2024-12-02 21:16:00,商城搜索,,已付款,3,263.73,22.97,0.0,湖北
GXP20251223000717,13783,2025-12-23 20:07:00,直播间,614.0,已完成,1,50.0,0.0,7.5,湖北
GXP20250512000718,9118,2025-05-12 19:47:00,直播间,382.0,已付款,3,462.6,8.9,0.0,甘肃
GXP20250414000719,12812,2025-04-14 19:47:00,直播间,360.0,已完成,1,54.4,0.0,11.9,甘肃
GXP20250904000720,16135,2025-09-04 20:21:00,直播间,492.0,已完成,1,133.2,0.0,0.0,上海
GXP20241016000721,16090,2024-10-16 15:38:00,直播间,193.0,已完成,1,43.46,2.74,12.0,北京
GXP20240205000722,9841,2024-02-05 19:52:00,直播间,32.0,已完成,2,175.78,27.52,0.0,甘肃
GXP20250101000723,11400,2025-01-01 19:31:00,直播间,261.0,已完成,2,128.71,11.19,0.0,甘肃
GXP20250227000724,12603,2025-02-27 20:07:00,直播间,317.0,已付款,1,76.0,0.0,9.6,河南
GXP20250927000725,3941,2025-09-27 20:48:00,直播间,513.0,已取消,1,70.1,0.0,7.5,广东
GXP20240212000726,1956,2024-02-12 08:44:00,短视频橱窗,,已完成,1,69.04,5.26,8.5,北京
GXP20250907000727,13713,2025-09-07 16:33:00,商城搜索,,已完成,1,290.6,0.0,0.0,上海
GXP20250202000728,19183,2025-02-02 19:36:00,短视频橱窗,,已取消,1,37.9,5.21,8.4,江苏
GXP20240713000729,13673,2024-07-13 20:12:00,直播间,131.0,已完成,1,92.8,0.0,10.8,江苏
GXP20241221000730,10409,2024-12-21 11:13:00,短视频橱窗,,已完成,2,416.06,37.14,0.0,陕西
GXP20250804000731,19483,2025-08-04 19:53:00,直播间,460.0,已退款,2,187.38,12.42,0.0,福建
GXP20251020000732,2776,2025-10-20 16:18:00,直播间,531.0,已完成,2,101.6,0.0,7.4,河南
GXP20251106000733,8460,2025-11-06 15:56:00,直播间,552.0,已退款,1,77.0,0.0,9.2,重庆
GXP20251124000734,4203,2025-11-24 19:15:00,直播间,575.0,已完成,1,53.01,3.99,7.1,甘肃
GXP20250409000735,6815,2025-04-09 20:07:00,直播间,354.0,已完成,1,25.61,2.89,9.2,陕西
GXP20250625000736,10795,2025-06-25 19:24:00,短视频橱窗,,已完成,2,130.26,9.94,0.0,甘肃
GXP20241123000737,9256,2024-11-23 19:26:00,直播间,225.0,已付款,1,132.0,0.0,0.0,北京
GXP20251211000738,19055,2025-12-11 19:34:00,直播间,593.0,已取消,1,64.4,0.0,9.6,甘肃
GXP20251022000739,4716,2025-10-22 19:08:00,直播间,534.0,已完成,2,86.12,7.98,8.9,山东
GXP20250817000740,13681,2025-08-17 20:48:00,直播间,477.0,已完成,2,117.91,4.09,0.0,湖北
GXP20250524000741,5288,2025-05-24 14:23:00,短视频橱窗,,已退款,2,101.52,3.08,0.0,福建
GXP20241225000742,6966,2024-12-25 19:47:00,直播间,255.0,已完成,1,105.98,9.22,0.0,河南
GXP20240707000743,15969,2024-07-07 13:10:00,商城搜索,,已完成,1,48.6,0.0,11.6,北京
GXP20250708000744,11478,2025-07-08 20:50:00,直播间,437.0,已完成,1,107.5,0.0,0.0,上海
GXP20240405000745,5994,2024-04-05 15:36:00,短视频橱窗,,已完成,1,103.22,8.98,0.0,甘肃
GXP20250717000746,2146,2025-07-17 15:37:00,短视频橱窗,,已完成,1,63.3,0.0,7.0,山东
GXP20241019000747,1027,2024-10-19 15:37:00,直播间,195.0,已完成,1,134.7,0.0,0.0,浙江
GXP20240830000748,1891,2024-08-30 22:01:00,商城搜索,,已付款,1,68.81,6.49,10.4,甘肃
GXP20250318000749,2790,2025-03-18 19:11:00,直播间,331.0,已完成,1,40.4,2.5,11.6,山东
GXP20240710000750,1587,2024-07-10 16:20:00,短视频橱窗,,已付款,1,57.0,8.8,7.1,甘肃
GXP20250903000751,5396,2025-09-03 19:42:00,直播间,491.0,已完成,1,198.6,0.0,0.0,山东
GXP20250804000752,1139,2025-08-04 19:54:00,直播间,460.0,已完成,3,162.6,4.9,0.0,广东
GXP20250626000753,3021,2025-06-26 14:28:00,短视频橱窗,,已完成,1,107.2,0.0,0.0,福建
GXP20240516000754,17862,2024-05-16 20:06:00,直播间,95.0,已取消,1,86.1,0.0,10.5,湖北
GXP20250108000755,14785,2025-01-08 20:09:00,短视频橱窗,,已完成,2,208.7,0.0,0.0,甘肃
GXP20250401000756,4079,2025-04-01 20:08:00,直播间,346.0,已完成,2,143.06,12.44,0.0,甘肃
GXP20241207000757,10203,2024-12-07 10:53:00,短视频橱窗,,已取消,1,44.09,4.01,8.0,北京
GXP20240515000758,7923,2024-05-15 14:54:00,直播间,92.0,已完成,1,115.7,0.0,0.0,浙江
GXP20251201000759,16548,2025-12-01 19:55:00,直播间,580.0,已完成,1,47.7,0.0,7.0,四川
GXP20251115000760,2249,2025-11-15 18:39:00,直播间,565.0,已退款,1,31.1,0.0,11.8,甘肃
GXP20240709000761,4834,2024-07-09 16:13:00,短视频橱窗,,已完成,1,77.5,12.3,7.8,甘肃
GXP20241230000762,7064,2024-12-30 22:14:00,直播间,258.0,已完成,2,234.58,8.12,0.0,甘肃
GXP20251021000763,10975,2025-10-21 20:07:00,直播间,532.0,已完成,3,199.81,16.79,0.0,新疆
GXP20251107000764,10873,2025-11-07 20:36:00,直播间,554.0,已发货,1,84.0,0.0,8.1,新疆
GXP20240605000765,17290,2024-06-05 20:51:00,直播间,106.0,已完成,1,78.8,0.0,10.7,山东
GXP20250526000766,14439,2025-05-26 15:41:00,直播间,394.0,已完成,2,93.2,0.0,8.7,甘肃
GXP20251202000767,7287,2025-12-02 19:42:00,直播间,581.0,已完成,1,92.83,9.37,8.5,湖北
GXP20250829000768,11996,2025-08-29 16:55:00,短视频橱窗,,已完成,2,453.02,32.18,0.0,四川
GXP20250804000769,1218,2025-08-04 20:48:00,直播间,460.0,已完成,2,121.08,9.12,0.0,新疆
GXP20250502000770,17620,2025-05-02 21:10:00,直播间,371.0,已完成,2,126.02,8.18,0.0,甘肃
GXP20241202000771,9127,2024-12-02 15:58:00,短视频橱窗,,已完成,1,232.2,0.0,0.0,江苏
GXP20251012000772,12577,2025-10-12 16:48:00,商城搜索,,已完成,1,102.2,0.0,0.0,甘肃
GXP20241205000773,17151,2024-12-05 21:37:00,短视频橱窗,,已完成,1,328.2,0.0,0.0,上海
GXP20251108000774,160,2025-11-08 20:05:00,直播间,557.0,已发货,1,72.23,5.47,9.3,甘肃
GXP20241107000775,1716,2024-11-07 10:51:00,商城搜索,,已完成,1,86.0,0.0,8.8,新疆
GXP20250406000776,12670,2025-04-06 17:48:00,商城搜索,,已完成,2,84.13,4.67,11.3,陕西
GXP20241204000777,6231,2024-12-04 19:41:00,直播间,236.0,已完成,1,60.6,0.0,6.9,甘肃
GXP20240904000778,5522,2024-09-04 20:33:00,直播间,164.0,已完成,1,160.9,0.0,0.0,重庆
GXP20240802000779,2557,2024-08-02 15:16:00,短视频橱窗,,已完成,1,118.1,16.1,0.0,广东
GXP20241014000780,8811,2024-10-14 12:07:00,商城搜索,,已完成,1,112.0,0.0,0.0,甘肃
GXP20250328000781,12641,2025-03-28 14:44:00,直播间,341.0,已完成,1,243.4,0.0,0.0,河南
GXP20240104000782,1503,2024-01-04 20:55:00,商城搜索,,已发货,1,123.48,13.72,0.0,广东
GXP20240801000783,86,2024-08-01 13:04:00,短视频橱窗,,已完成,3,240.41,31.89,0.0,甘肃
GXP20240827000784,3463,2024-08-27 09:15:00,短视频橱窗,,已发货,2,180.13,4.47,0.0,浙江
GXP20240515000785,13297,2024-05-15 14:17:00,直播间,92.0,已发货,2,137.88,6.12,0.0,江苏
GXP20241227000786,12014,2024-12-27 15:11:00,短视频橱窗,,已完成,1,196.2,0.0,0.0,甘肃
GXP20250830000787,8279,2025-08-30 22:24:00,商城搜索,,已付款,1,33.06,3.04,10.8,青海
GXP20250216000788,3601,2025-02-16 19:42:00,直播间,311.0,已完成,1,134.1,0.0,0.0,湖北
GXP20241019000789,17363,2024-10-19 18:05:00,商城搜索,,已完成,2,260.7,0.0,0.0,
GXP20250117000790,7582,2025-01-17 19:34:00,直播间,277.0,已完成,1,76.55,5.95,8.1,江苏
GXP20250724000791,7834,2025-07-24 17:26:00,直播间,453.0,已发货,1,144.3,0.0,0.0,甘肃
GXP20240910000792,18125,2024-09-10 16:00:00,直播间,166.0,已取消,1,115.92,12.88,0.0,福建
GXP20241101000793,5754,2024-11-01 19:56:00,直播间,200.0,已完成,1,122.73,10.67,0.0,山东
GXP20241224000794,16083,2024-12-24 18:06:00,商城搜索,,已付款,1,46.6,3.4,7.5,上海
GXP20240121000795,6620,2024-01-21 15:01:00,商城搜索,,已完成,2,215.43,6.67,0.0,陕西
GXP20240102000796,15088,2024-01-02 20:43:00,直播间,1.0,已完成,1,151.8,0.0,0.0,甘肃
GXP20250804000797,13199,2025-08-04 19:38:00,直播间,460.0,已退款,1,259.02,28.78,0.0,新疆
GXP20240730000798,14359,2024-07-30 20:12:00,直播间,141.0,已完成,2,185.61,11.89,0.0,江苏
GXP20250807000799,6551,2025-08-07 18:49:00,直播间,468.0,已完成,2,110.91,3.09,0.0,甘肃
GXP20240516000800,5062,2024-05-16 20:45:00,直播间,95.0,已完成,1,64.53,7.87,6.8,浙江
GXP20250206000801,18990,2025-02-06 19:18:00,直播间,302.0,已完成,1,31.52,4.18,7.8,湖北
GXP20250605000802,1261,2025-06-05 20:49:00,直播间,404.0,已完成,3,421.1,0.0,0.0,山东
GXP20250504000803,16283,2025-05-04 19:53:00,商城搜索,,已完成,3,373.51,9.39,0.0,四川
GXP20250208000804,6466,2025-02-08 11:11:00,短视频橱窗,,已完成,2,151.11,19.29,0.0,上海
GXP20251226000805,9032,2025-12-26 19:13:00,直播间,616.0,已退款,1,38.8,0.0,6.1,重庆
GXP20241222000806,16929,2024-12-22 16:32:00,直播间,251.0,已发货,1,42.2,0.0,11.7,甘肃
GXP20241207000807,10190,2024-12-07 20:19:00,直播间,240.0,已完成,3,149.12,20.88,0.0,浙江
GXP20250518000808,6273,2025-05-18 16:33:00,直播间,388.0,已完成,1,69.9,0.0,11.2,江苏
GXP20241107000809,10863,2024-11-07 14:45:00,直播间,210.0,已付款,1,110.1,0.0,0.0,新疆
GXP20240813000810,9468,2024-08-13 19:14:00,直播间,154.0,已付款,1,108.19,9.41,0.0,山东
GXP20250401000811,3519,2025-04-01 19:28:00,直播间,345.0,已完成,1,68.68,6.42,10.9,浙江
GXP20250303000812,8241,2025-03-03 15:51:00,直播间,319.0,已完成,2,93.1,0.0,9.1,四川
GXP20240605000813,11326,2024-06-05 21:09:00,直播间,106.0,已完成,1,145.7,0.0,0.0,浙江
GXP20250501000814,8040,2025-05-01 20:37:00,直播间,370.0,已完成,1,31.8,0.0,6.3,湖北
GXP20240705000815,10892,2024-07-05 21:06:00,短视频橱窗,,已完成,1,125.2,0.0,0.0,甘肃
GXP20240130000816,9415,2024-01-30 18:37:00,直播间,27.0,已完成,2,172.6,0.0,0.0,福建
GXP20250613000817,13499,2025-06-13 15:59:00,直播间,412.0,已完成,1,110.03,9.57,0.0,甘肃
GXP20240413000818,773,2024-04-13 09:52:00,短视频橱窗,,已完成,1,185.64,32.76,0.0,甘肃
GXP20251109000819,3868,2025-11-09 19:11:00,直播间,559.0,已完成,1,115.8,0.0,0.0,重庆
GXP20250528000820,7619,2025-05-28 08:44:00,短视频橱窗,,已完成,1,42.6,0.0,9.2,重庆
GXP20240127000821,15174,2024-01-27 20:39:00,直播间,24.0,已退款,2,105.5,0.0,11.0,青海
GXP20251104000822,15280,2025-11-04 18:16:00,短视频橱窗,,已完成,1,82.64,6.56,7.2,甘肃
GXP20250506000823,9768,2025-05-06 20:30:00,直播间,378.0,已完成,1,191.6,0.0,0.0,北京
GXP20240524000824,4077,2024-05-24 20:10:00,直播间,99.0,已完成,1,55.19,4.11,7.9,甘肃
GXP20240725000825,13976,2024-07-25 16:46:00,商城搜索,,已取消,2,157.45,6.05,0.0,山东
GXP20250627000826,3969,2025-06-27 22:20:00,直播间,431.0,已完成,2,506.4,0.0,0.0,河南
GXP20251220000827,4154,2025-12-20 19:18:00,直播间,609.0,已完成,2,252.9,0.0,0.0,甘肃
GXP20250421000828,2390,2025-04-21 14:41:00,直播间,364.0,已完成,2,109.82,6.58,0.0,重庆
GXP20240918000829,19494,2024-09-18 19:30:00,直播间,171.0,已完成,1,47.06,4.84,11.6,河南
GXP20241123000830,12927,2024-11-23 22:11:00,直播间,227.0,已取消,1,80.6,0.0,7.8,青海
GXP20250420000831,6668,2025-04-20 18:48:00,直播间,363.0,已取消,1,107.54,14.66,0.0,江苏
GXP20240115000832,19028,2024-01-15 19:45:00,直播间,14.0,已完成,1,59.78,6.72,10.5,青海
GXP20250401000833,3906,2025-04-01 12:44:00,商城搜索,,已发货,1,104.0,0.0,7.0,重庆
GXP20250106000834,19022,2025-01-06 15:26:00,短视频橱窗,,已完成,2,84.59,2.11,9.6,新疆
GXP20240221000835,9924,2024-02-21 15:05:00,短视频橱窗,,已付款,1,36.5,0.0,8.9,甘肃
GXP20250101000836,10914,2025-01-01 18:35:00,直播间,261.0,已完成,1,51.05,4.55,10.1,甘肃
GXP20250814000837,19224,2025-08-14 19:44:00,直播间,474.0,已取消,2,118.9,11.3,0.0,甘肃
GXP20240110000838,6696,2024-01-10 19:38:00,直播间,10.0,已完成,1,125.67,10.93,0.0,福建
GXP20241001000839,7846,2024-10-01 20:12:00,直播间,178.0,已发货,1,96.48,7.42,11.1,甘肃
GXP20250121000840,5239,2025-01-21 20:33:00,直播间,283.0,已完成,1,53.8,3.7,11.2,广东
GXP20251009000841,19161,2025-10-09 19:31:00,直播间,522.0,已退款,1,85.94,6.56,10.5,甘肃
GXP20250704000842,18743,2025-07-04 10:04:00,短视频橱窗,,已完成,1,321.8,0.0,0.0,新疆
GXP20241017000843,16742,2024-10-17 21:06:00,商城搜索,,已完成,1,76.26,5.74,10.3,北京
GXP20250102000844,1315,2025-01-02 19:58:00,直播间,262.0,已完成,2,83.52,7.78,6.8,甘肃
GXP20241211000845,16543,2024-12-11 18:35:00,直播间,242.0,已退款,2,171.06,12.94,0.0,广东
GXP20240503000846,19484,2024-05-03 10:20:00,短视频橱窗,,已完成,1,129.54,11.26,0.0,河南
GXP20240406000847,12445,2024-04-06 15:50:00,直播间,71.0,已取消,2,99.2,0.0,9.5,上海
GXP20251219000848,4893,2025-12-19 14:20:00,商城搜索,,已完成,2,470.86,63.04,0.0,甘肃
GXP20250823000849,11703,2025-08-23 19:11:00,短视频橱窗,,已完成,2,79.03,8.48,10.7,广东
GXP20240306000850,8705,2024-03-06 08:03:00,商城搜索,,已完成,1,268.0,0.0,0.0,湖北
GXP20251105000851,16980,2025-11-05 20:22:00,直播间,551.0,已完成,1,72.41,5.69,7.0,河南
GXP20251111000852,8843,2025-11-11 13:32:00,商城搜索,,已完成,1,134.4,0.0,0.0,福建
GXP20250605000853,1523,2025-06-05 13:32:00,短视频橱窗,,已取消,2,63.61,5.79,11.7,新疆
GXP20240412000854,15516,2024-04-12 17:59:00,短视频橱窗,,已完成,1,47.4,0.0,11.5,甘肃
GXP20241128000855,3981,2024-11-28 14:25:00,直播间,231.0,已完成,1,35.17,2.23,9.5,青海
GXP20250619000856,9255,2025-06-19 20:25:00,直播间,417.0,已完成,1,213.01,37.59,0.0,广东
GXP20240416000857,484,2024-04-16 19:06:00,直播间,77.0,已完成,3,558.33,29.07,0.0,湖北
GXP20241119000858,16667,2024-11-19 18:00:00,短视频橱窗,,已退款,1,80.4,0.0,10.3,甘肃
GXP20240107000859,1155,2024-01-07 16:37:00,商城搜索,,已完成,1,208.56,28.44,0.0,陕西
GXP20241005000860,18929,2024-10-05 13:45:00,短视频橱窗,,已完成,2,125.61,15.79,0.0,上海
GXP20250724000861,15414,2025-07-24 21:00:00,商城搜索,,已完成,1,186.9,0.0,0.0,甘肃
GXP20251014000862,16838,2025-10-14 19:03:00,商城搜索,,已完成,2,66.34,6.56,6.3,甘肃
GXP20250514000863,17425,2025-05-14 20:41:00,直播间,385.0,已完成,1,66.5,0.0,11.3,甘肃
GXP20240804000864,13609,2024-08-04 19:23:00,直播间,146.0,已发货,1,148.41,16.49,0.0,甘肃
GXP20240510000865,11879,2024-05-10 14:46:00,直播间,87.0,已完成,2,122.9,0.0,0.0,甘肃
GXP20240103000866,7270,2024-01-03 20:15:00,直播间,2.0,已完成,1,46.6,0.0,8.0,江苏
GXP20250110000867,9026,2025-01-10 20:02:00,直播间,270.0,已完成,2,146.9,13.8,0.0,北京
GXP20240610000868,7136,2024-06-10 19:03:00,直播间,108.0,已发货,1,138.28,12.02,0.0,河南
GXP20250331000869,1135,2025-03-31 20:46:00,直播间,342.0,已退款,2,125.97,7.63,0.0,重庆
GXP20240615000870,15597,2024-06-15 19:16:00,短视频橱窗,,已完成,1,88.19,14.01,8.8,新疆
GXP20250505000871,15069,2025-05-05 16:11:00,直播间,376.0,已取消,2,266.5,0.0,0.0,甘肃
GXP20251231000872,2447,2025-12-31 19:40:00,直播间,623.0,已完成,1,63.8,0.0,7.8,甘肃
GXP20250318000873,18504,2025-03-18 19:22:00,直播间,331.0,已发货,1,145.7,0.0,0.0,广东
GXP20240605000874,1427,2024-06-05 19:12:00,直播间,105.0,已完成,1,273.53,48.27,0.0,北京
GXP20251105000875,11967,2025-11-05 16:58:00,商城搜索,,已完成,1,60.66,9.54,6.6,广东
GXP20241209000876,17289,2024-12-09 22:08:00,商城搜索,,已付款,1,36.85,2.55,7.5,甘肃
GXP20250117000877,13784,2025-01-17 19:12:00,直播间,277.0,已完成,1,41.9,3.8,7.7,山东
GXP20240112000878,17489,2024-01-12 19:45:00,直播间,13.0,已取消,1,62.2,0.0,11.0,青海
GXP20250815000879,597,2025-08-15 20:32:00,商城搜索,,已完成,1,124.0,0.0,0.0,甘肃
GXP20240321000880,2322,2024-03-21 15:02:00,直播间,63.0,已付款,2,165.48,6.02,0.0,上海
GXP20240704000881,8001,2024-07-04 14:41:00,商城搜索,,已付款,1,95.19,14.91,10.7,重庆
GXP20250805000882,14668,2025-08-05 19:11:00,直播间,463.0,已完成,3,144.14,8.66,0.0,江苏
GXP20250211000883,10529,2025-02-11 20:12:00,直播间,309.0,已发货,2,181.34,11.66,0.0,重庆
GXP20240311000884,19814,2024-03-11 17:28:00,直播间,59.0,已完成,1,53.8,0.0,10.7,河南
GXP20241108000885,19613,2024-11-08 17:47:00,短视频橱窗,,已取消,3,183.9,17.1,0.0,甘肃
GXP20251022000886,13182,2025-10-22 16:28:00,短视频橱窗,,已退款,1,41.7,0.0,9.9,河南
GXP20241228000887,10853,2024-12-28 09:37:00,商城搜索,,已完成,2,199.09,20.81,0.0,新疆
GXP20251226000888,7201,2025-12-26 19:47:00,直播间,616.0,已完成,1,99.36,7.84,9.2,新疆
GXP20240129000889,686,2024-01-29 11:37:00,商城搜索,,已完成,1,36.38,4.82,9.1,山东
GXP20250119000890,3904,2025-01-19 21:33:00,直播间,280.0,已完成,1,67.2,0.0,8.7,北京
GXP20251207000891,4337,2025-12-07 14:20:00,直播间,589.0,已完成,2,282.4,9.0,0.0,浙江
GXP20240107000892,11164,2024-01-07 09:17:00,商城搜索,,已取消,3,217.76,10.94,0.0,北京
GXP20250702000893,4720,2025-07-02 18:49:00,直播间,433.0,已取消,1,104.8,0.0,6.7,广东
GXP20250411000894,864,2025-04-11 08:14:00,商城搜索,,已完成,1,38.12,4.98,9.9,甘肃
GXP20250528000895,11076,2025-05-28 09:25:00,商城搜索,,已完成,1,48.03,5.57,7.2,江苏
GXP20251215000896,13394,2025-12-15 15:47:00,商城搜索,,已完成,1,35.49,3.31,11.2,河南
GXP20240626000897,5225,2024-06-26 08:22:00,短视频橱窗,,已完成,2,371.7,0.0,0.0,上海
GXP20241105000898,12111,2024-11-05 19:39:00,直播间,206.0,已取消,1,90.58,9.12,8.5,甘肃
GXP20240105000899,18067,2024-01-05 15:41:00,直播间,5.0,已完成,2,96.81,11.29,11.8,河南
GXP20250119000900,12184,2025-01-19 19:24:00,直播间,282.0,已发货,2,91.0,0.0,8.1,江苏
GXP20241218000901,10434,2024-12-18 12:19:00,短视频橱窗,,已完成,1,100.08,11.12,0.0,甘肃
GXP20241104000902,14170,2024-11-04 09:15:00,短视频橱窗,,已完成,3,221.99,8.11,0.0,甘肃
GXP20241105000903,5797,2024-11-05 16:11:00,直播间,207.0,已完成,3,187.1,0.0,0.0,北京
GXP20250817000904,8501,2025-08-17 19:41:00,直播间,478.0,已完成,1,73.1,0.0,10.6,山东
GXP20240401000905,6347,2024-04-01 10:28:00,短视频橱窗,,已完成,2,108.74,6.36,11.2,广东
GXP20251104000906,5916,2025-11-04 20:17:00,直播间,550.0,已完成,2,147.46,10.34,0.0,甘肃
GXP20250817000907,1211,2025-08-17 20:22:00,直播间,477.0,已完成,1,454.2,0.0,0.0,湖北
GXP20240516000908,1656,2024-05-16 21:43:00,直播间,94.0,已完成,2,122.75,6.65,0.0,浙江
GXP20240108000909,16182,2024-01-08 21:00:00,短视频橱窗,,已完成,1,55.37,5.13,9.2,甘肃
GXP20250813000910,12915,2025-08-13 19:21:00,直播间,473.0,已完成,3,329.88,23.72,0.0,北京
GXP20250725000911,1168,2025-07-25 13:12:00,短视频橱窗,,已取消,1,64.3,7.9,6.4,广东
GXP20241006000912,8034,2024-10-06 22:22:00,直播间,184.0,已完成,1,323.75,28.15,0.0,甘肃
GXP20241101000913,6094,2024-11-01 09:06:00,短视频橱窗,,已完成,1,56.9,0.0,11.4,陕西
GXP20240916000914,18423,2024-09-16 09:14:00,商城搜索,,已完成,1,160.9,0.0,0.0,甘肃
GXP20241222000915,8723,2024-12-22 16:07:00,短视频橱窗,,已完成,2,166.0,11.9,0.0,甘肃
GXP20250817000916,17671,2025-08-17 20:22:00,直播间,477.0,已完成,3,212.25,15.45,0.0,江苏
GXP20240103000917,14934,2024-01-03 21:08:00,直播间,2.0,已完成,1,59.1,0.0,11.8,四川
GXP20240222000918,14142,2024-02-22 10:13:00,短视频橱窗,,已完成,1,44.17,4.63,10.2,江苏
GXP20251004000919,13333,2025-10-04 18:54:00,直播间,517.0,已取消,2,468.57,50.13,0.0,山东
GXP20250704000920,6895,2025-07-04 19:17:00,直播间,434.0,已完成,3,300.75,26.35,0.0,甘肃
GXP20250518000921,4380,2025-05-18 17:08:00,直播间,388.0,已退款,1,52.91,8.19,6.5,北京
GXP20240709000922,10981,2024-07-09 19:51:00,直播间,126.0,已完成,3,367.82,48.48,0.0,广东
GXP20241005000923,15489,2024-10-05 16:52:00,短视频橱窗,,已完成,1,107.1,0.0,0.0,北京
GXP20250503000924,1890,2025-05-03 12:06:00,短视频橱窗,,已完成,3,178.55,1.65,0.0,江苏
GXP20250919000925,7327,2025-09-19 18:54:00,直播间,508.0,已完成,3,325.74,2.87,0.0,甘肃
GXP20250418000926,15758,2025-04-18 09:51:00,短视频橱窗,,已完成,2,125.41,5.79,0.0,上海
GXP20240902000927,7918,2024-09-02 17:54:00,短视频橱窗,,已退款,1,67.6,0.0,10.0,
GXP20240412000928,17172,2024-04-12 19:14:00,直播间,75.0,已取消,2,312.5,0.0,0.0,四川
GXP20241010000929,8724,2024-10-10 20:10:00,直播间,188.0,已完成,1,130.95,14.55,0.0,陕西
GXP20250101000930,15022,2025-01-01 19:42:00,直播间,261.0,已完成,1,261.0,0.0,0.0,甘肃
GXP20240217000931,16796,2024-02-17 20:07:00,直播间,45.0,已完成,1,157.4,0.0,0.0,新疆
GXP20240726000932,3542,2024-07-26 10:07:00,商城搜索,,已完成,1,76.73,6.07,6.9,四川
GXP20240710000933,12293,2024-07-10 19:07:00,直播间,127.0,已完成,3,462.85,39.95,0.0,浙江
GXP20250328000934,17909,2025-03-28 14:44:00,直播间,341.0,待付款?,2,134.6,0.0,0.0,北京
GXP20240807000935,13108,2024-08-07 19:22:00,直播间,148.0,已完成,1,44.96,5.84,11.9,甘肃
GXP20240501000936,4313,2024-05-01 16:50:00,直播间,83.0,已完成,1,61.8,0.0,11.6,四川
GXP20240826000937,16118,2024-08-26 18:38:00,直播间,160.0,已完成,2,403.4,0.0,0.0,广东
GXP20240615000938,4251,2024-06-15 15:32:00,短视频橱窗,,已取消,1,392.0,0.0,0.0,山东
GXP20241123000939,18910,2024-11-23 19:10:00,直播间,224.0,已完成,1,84.36,10.34,8.5,湖北
GXP20250428000940,4175,2025-04-28 15:59:00,直播间,367.0,已完成,2,139.85,5.95,0.0,甘肃
GXP20250313000941,6427,2025-03-13 11:17:00,商城搜索,,已完成,1,70.77,6.63,11.1,上海
GXP20251004000942,4038,2025-10-04 19:00:00,直播间,517.0,已发货,2,482.6,0.0,0.0,陕西
GXP20240401000943,9634,2024-04-01 14:35:00,直播间,70.0,已完成,2,228.3,0.0,0.0,新疆
GXP20251220000944,2705,2025-12-20 19:22:00,直播间,609.0,已完成,2,195.6,0.0,0.0,陕西
GXP20250711000945,11539,2025-07-11 20:48:00,直播间,441.0,已完成,2,359.26,31.24,0.0,陕西
GXP20250318000946,612,2025-03-18 19:23:00,直播间,331.0,已退款,2,186.53,8.07,0.0,甘肃
GXP20240725000947,18723,2024-07-25 08:58:00,商城搜索,,已完成,2,114.2,0.0,0.0,甘肃
GXP20240110000948,4418,2024-01-10 19:11:00,直播间,10.0,已完成,1,136.1,0.0,0.0,湖北
GXP20240818000949,5025,2024-08-18 19:52:00,直播间,156.0,已完成,2,143.37,4.63,0.0,福建
GXP20240805000950,3950,2024-08-05 17:20:00,短视频橱窗,,已完成,1,103.5,11.5,0.0,甘肃
GXP20250227000951,13715,2025-02-27 15:46:00,短视频橱窗,,已完成,2,110.33,19.47,0.0,甘肃
GXP20250718000952,1222,2025-07-18 19:36:00,直播间,447.0,已完成,1,145.55,19.85,0.0,北京
GXP20250420000953,7497,2025-04-20 19:16:00,直播间,363.0,已完成,2,234.3,0.0,0.0,河南
GXP20240331000954,8367,2024-03-31 19:24:00,直播间,69.0,已完成,2,262.36,24.64,0.0,陕西
GXP20240105000955,9728,2024-01-05 11:52:00,商城搜索,,已完成,1,72.5,0.0,6.7,甘肃
GXP20240629000956,8475,2024-06-29 18:54:00,直播间,121.0,已完成,2,105.84,15.96,8.2,上海
GXP20241207000957,18360,2024-12-07 20:42:00,直播间,240.0,已付款,2,184.12,3.58,0.0,重庆
GXP20250829000958,12770,2025-08-29 15:56:00,短视频橱窗,,已退款,2,99.8,0.0,0.0,江苏
GXP20250715000959,4160,2025-07-15 19:42:00,直播间,444.0,已退款,1,77.0,0.0,10.3,甘肃
GXP20250409000960,7853,2025-04-09 20:03:00,直播间,354.0,已取消,2,125.28,8.52,0.0,福建
GXP20250321000961,13131,2025-03-21 19:07:00,直播间,335.0,已完成,1,36.9,3.3,7.2,甘肃
GXP20240420000962,6545,2024-04-20 19:10:00,直播间,78.0,已完成,1,50.5,3.4,11.4,甘肃
GXP20251213000963,3816,2024.12.21 20:00:00,直播间,597.0,已完成,1,85.23,8.27,10.8,新疆
GXP20240401000964,6644,2024-04-01 14:33:00,直播间,70.0,已完成,1,83.4,0.0,6.4,甘肃
GXP20240926000965,14453,2024-09-26 16:13:00,短视频橱窗,,已完成,1,50.66,4.34,11.6,
GXP20250118000966,4665,2025-01-18 18:25:00,商城搜索,,已完成,2,272.3,0.0,0.0,湖北
GXP20250612000967,5294,2025-06-12 20:18:00,直播间,411.0,已付款,2,120.54,3.96,0.0,广东
GXP20251221000968,13768,2025-12-21 16:41:00,直播间,611.0,已完成,3,213.81,3.49,0.0,广东
GXP20240429000969,2729,2024-04-29 21:27:00,短视频橱窗,,已取消,2,234.17,25.83,0.0,新疆
GXP20240603000970,10901,2024-06-03 19:14:00,短视频橱窗,,已退款,2,439.15,73.25,0.0,山东
GXP20251103000971,14682,2025-11-03 18:51:00,直播间,549.0,已完成,1,204.4,0.0,0.0,广东
GXP20251011000972,18298,2025-10-11 18:12:00,短视频橱窗,,已完成,2,94.5,15.49,6.7,陕西
GXP20250923000973,2424,2025-09-23 20:43:00,直播间,512.0,已完成,2,227.3,0.0,0.0,甘肃
GXP20251225000974,4481,2025-12-25 22:20:00,商城搜索,,已完成,3,279.3,0.0,0.0,甘肃
GXP20240412000975,9785,2024-04-12 08:26:00,短视频橱窗,,已完成,1,136.77,24.13,0.0,甘肃
GXP20241120000976,12823,2024-11-20 19:46:00,直播间,220.0,已完成,2,89.39,6.11,11.2,北京
GXP20250102000977,3749,2025-01-02 12:13:00,商城搜索,,已退款,2,223.0,0.0,0.0,四川
GXP20250602000978,9494,2025-06-02 22:57:00,短视频橱窗,,已完成,1,127.35,14.15,0.0,江苏
GXP20240910000979,8166,2024-09-10 16:06:00,直播间,166.0,已完成,1,166.77,29.43,0.0,福建
GXP20250318000980,17617,2025-03-18 08:03:00,短视频橱窗,,已完成,1,233.86,20.34,0.0,青海
GXP20251107000981,17256,2025-11-07 19:45:00,直播间,555.0,已完成,1,27.67,2.53,9.1,重庆
GXP20250414000982,14412,2025-04-14 13:15:00,商城搜索,,已完成,1,117.3,10.2,0.0,青海
GXP20241205000983,17431,2024-12-05 19:38:00,直播间,238.0,已付款,1,101.2,0.0,0.0,甘肃
GXP20240620000984,4691,2024-06-20 15:04:00,直播间,115.0,已发货,1,48.23,4.47,8.0,浙江
GXP20251206000985,12430,2025-12-06 11:44:00,商城搜索,,已付款,2,374.85,66.15,0.0,陕西
GXP20251207000986,18833,2025-12-07 14:11:00,直播间,589.0,已完成,1,85.95,6.45,11.8,北京
GXP20250526000987,12606,2025-05-26 16:16:00,直播间,394.0,已完成,1,89.7,10.8,10.5,江苏
GXP20240615000988,16952,2024-06-15 14:51:00,直播间,111.0,已完成,3,354.24,28.86,0.0,上海
GXP20240618000989,10438,2024-06-18 19:57:00,直播间,113.0,已取消,1,60.78,4.42,10.0,上海
GXP20240209000990,15091,2024-02-09 20:42:00,直播间,35.0,已完成,1,143.4,0.0,0.0,浙江
GXP20250113000991,3071,2025-01-13 13:19:00,商城搜索,,已完成,1,77.2,6.1,7.1,广东
GXP20240421000992,10545,2024-04-21 12:46:00,短视频橱窗,,已完成,1,32.09,2.21,6.7,浙江
GXP20251004000993,19661,2025-10-04 19:35:00,直播间,517.0,已完成,1,39.84,2.46,11.5,上海
GXP20250727000994,2345,2025-07-27 18:11:00,短视频橱窗,,已完成,2,219.2,6.9,0.0,甘肃
GXP20241025000995,4140,2024-10-25 19:48:00,直播间,197.0,已完成,2,184.45,25.15,0.0,甘肃
GXP20240927000996,12291,2024-09-27 21:21:00,短视频橱窗,,已完成,1,95.1,0.0,8.9,广东
GXP20250731000997,10321,2025-07-31 21:06:00,商城搜索,,已完成,1,41.21,3.29,11.6,甘肃
GXP20240707000998,17575,2024-07-07 11:39:00,商城搜索,,已退款,2,212.42,4.48,0.0,江苏
GXP20250822000999,7139,2025-08-22 18:22:00,商城搜索,,已完成,2,246.66,5.34,0.0,广东
GXP20240309001000,19026,2024-03-09 13:40:00,商城搜索,,已完成,2,168.36,22.24,0.0,陕西
