purchase_id,supplier_id,purchase_date,arrival_date,total_amount,quality_grade,status
1,2,2024-06-23,2024-06-28,8270.05,A2,已入库
2,28,2025-03-23,2025-03-24,2649.06,A2,到货
3,56,2024-01-11,2024-01-13,2272.98,A2,已入库
4,30,2024-10-07,2024-10-09,2283.07,A1,到货
5,34,2024-12-24,2024-12-26,5527.23,A2,已入库
6,1,2024-02-09,2024-02-15,1884.39,A2,已入库
7,24,2025-06-02,2025-06-05,1361.53,A1,已入库
8,19,2024-03-29,2024-04-03,2766.72,A3,已入库
9,28,2025-07-19,2025-07-24,5907.27,A3,已入库
10,27,2025-11-04,2025-11-05,5130.67,A2,在途
11,38,2025-03-22,2025-03-29,4882.68,A1,到货
12,48,2025-12-17,2025-12-19,523.88,A2,到货
13,43,2024-04-15,2024-04-16,2804.27,A1,已入库
14,22,2025-11-05,2025-11-07,3037.76,A1,已入库
15,13,2025-04-25,2025-04-29,7382.45,A1,已入库
16,10,2025-07-29,2025-08-02,20882.41,A2,到货
17,60,2025-11-04,2025-11-10,11675.32,A2,到货
18,5,2024-05-17,2024-05-23,3735.78,A1,已入库
19,20,2024-08-28,2024-09-02,5248.28,A2,已入库
20,53,2025-04-16,2025-04-18,5674.22,A1,已入库
21,47,2025-10-15,2025-10-18,1173.84,A1,已入库
22,2,2025-06-24,2025-06-30,10624.35,A1,已入库
23,23,2025-07-18,2025-07-24,1345.46,A2,已入库
24,42,2025-04-10,2025-04-16,1473.33,A2,在途
25,19,2024-11-04,2024-11-08,12167.34,A1,已入库
26,45,2024-06-24,2024-06-25,5798.21,A2,已入库
27,32,2025-01-20,2025-01-26,8024.92,A1,到货
28,26,2024-08-15,2024-08-16,1984.86,A1,已入库
29,36,2025-08-31,2025-09-04,5498.33,A2,已入库
30,55,2024-09-11,2024-09-14,1334.47,A1,已入库
31,34,2024-01-08,2024-01-12,7872.42,A2,已入库
32,18,2024-06-17,2024-06-22,627.29,A1,在途
33,8,2025-02-19,2025-02-21,180.34,A2,已入库
34,33,2024-11-10,2024-11-12,5330.75,A1,到货
35,41,2025-05-16,2025-05-23,10478.39,A1,已入库
36,49,2024-02-20,2024-02-26,7738.8,A2,已入库
37,11,2025-05-19,2025-05-21,3003.3,A2,到货
38,5,2024-03-25,2024-03-29,2862.06,A1,已入库
39,14,2024-12-20,2024-12-23,1630.65,A2,已入库
40,59,2024-12-10,2024-12-13,1878.75,A2,已入库
41,35,2025-09-16,2025-09-20,2925.89,A2,已入库
42,39,2024-10-27,2024-10-30,6177.71,A1,已入库
43,41,2024-08-19,2024-08-26,2083.04,A1,已入库
44,5,2025-10-09,2025-10-10,15828.93,A1,已入库
45,23,2025-11-22,2025-11-25,7668.22,A1,已入库
46,47,2025-05-11,2025-05-14,15919.34,A1,已入库
47,45,2024-12-26,2024-12-30,8910.48,A1,已入库
48,18,2024-10-05,2024-10-10,6518.5,A2,到货
49,22,2024-07-19,2024-07-20,8166.09,A1,已入库
50,52,2025-09-14,2025-09-16,9115.37,A1,已入库
51,38,2025-01-08,2025-01-10,893.76,A3,已入库
52,29,2025-09-30,2025-10-05,825.43,A1,已入库
53,7,2025-12-04,2025-12-11,126.95,A1,已入库
54,27,2025-05-17,2025-05-18,856.98,A2,已入库
55,4,2025-11-17,2025-11-22,6400.84,A2,已入库
56,51,2025-09-07,2025-09-11,1434.27,A1,在途
57,58,2025-04-16,2025-04-19,3990.78,A2,已入库
58,19,2025-12-09,2025-12-16,13480.95,A3,已入库
59,53,2024-11-04,2024-11-07,3972.69,A2,已入库
60,38,2025-02-20,2025-02-24,9303.78,A1,已入库
61,56,2025-03-31,2025-04-01,4730.14,A3,到货
62,35,2025-10-10,2025-10-12,9130.79,A2,已入库
63,3,2025-12-18,2025-12-23,1973.74,A1,已入库
64,58,2024-02-13,2024-02-18,4833.77,A1,已入库
65,25,2025-04-27,2025-05-04,14422.5,A2,已入库
66,28,2025-08-11,2025-08-14,2064.02,A2,已入库
67,25,2025-01-19,2025-01-22,1487.16,A1,已入库
68,26,2025-03-28,2025-04-04,1275.75,A2,在途
69,49,2025-05-21,2025-05-25,18185.24,A2,已入库
70,46,2025-07-07,2025-07-09,12763.9,A1,在途
71,33,2025-07-16,2025-07-22,3792.6,A1,已入库
72,38,2024-02-20,2024-02-21,5476.79,A2,到货
73,25,2024-03-24,2024-03-29,5821.0,A2,已入库
74,40,2024-01-10,2024-01-16,4104.88,A1,已入库
75,23,2025-12-11,2025-12-16,6804.88,A2,在途
76,22,2025-06-29,2025-07-03,1149.26,A2,已入库
77,33,2025-05-29,2025-06-03,4325.6,A1,已入库
78,32,2025-02-23,2025-02-26,14480.78,A2,已入库
79,1,2025-11-25,2025-11-27,6123.17,A1,已入库
80,51,2025-08-17,2025-08-22,7396.84,A1,已入库
81,12,2025-09-01,2025-09-04,1439.86,A1,到货
82,32,2024-08-20,2024-08-25,3476.27,A2,到货
83,15,2024-05-18,2024-05-19,1078.69,A2,到货
84,37,2025-01-31,2025-02-04,11119.81,A2,已入库
85,35,2025-12-15,2025-12-21,4043.84,A3,已入库
86,44,2024-10-10,2024-10-12,12402.09,A2,已入库
87,40,2025-06-02,2025-06-04,13720.63,A1,到货
88,41,2025-11-03,2025-11-06,1550.28,A2,已入库
89,52,2025-10-18,2025-10-24,714.72,A1,已入库
90,47,2024-12-28,2024-12-30,5075.11,A2,已入库
91,19,2024-09-24,2024-09-26,1785.81,A3,在途
92,45,2024-04-01,2024-04-06,5555.47,A1,已入库
93,5,2024-08-28,2024-08-29,7462.4,A2,在途
94,15,2025-10-20,2025-10-24,8697.3,A2,到货
95,1,2025-07-18,2025-07-20,5142.43,A1,已入库
96,51,2024-01-28,2024-02-01,873.34,A2,到货
97,3,2024-10-23,2024-10-28,6092.09,A1,在途
98,43,2024-02-03,2024-02-05,12891.98,A1,到货
99,16,2025-08-17,2025-08-19,5521.29,A1,已入库
100,13,2024-11-01,2024-11-02,1224.33,A2,已入库
101,27,2025-11-29,2025-12-06,2694.02,A2,到货
102,28,2025-12-19,2025-12-22,485.73,A2,已入库
103,27,2025-08-28,2025-09-04,2136.09,A1,已入库
104,52,2025-09-27,2025-10-03,3030.4,A1,已入库
105,21,2025-07-09,2025-07-13,2789.79,A1,在途
106,55,2024-10-20,2024-10-27,8419.71,A1,已入库
107,29,2024-01-31,2024-02-06,27170.76,A1,到货
108,9,2025-06-13,2025-06-18,3424.83,A1,已入库
109,17,2025-09-20,2025-09-26,22670.93,A1,到货
110,57,2025-07-20,2025-07-23,6881.6,A1,到货
111,52,2024-03-14,2024-03-20,482.58,A1,已入库
112,32,2024-12-26,2025-01-01,2177.18,A2,已入库
113,33,2024-05-31,2024-06-07,1196.2,A1,到货
114,8,2025-05-10,2025-05-15,5448.17,A2,已入库
115,55,2024-05-09,2024-05-10,9597.02,A2,已入库
116,24,2025-02-05,2025-02-11,7134.0,A1,已入库
117,44,2025-04-12,2025-04-15,721.26,A1,到货
118,29,2025-03-02,2025-03-04,1331.06,A1,已入库
119,60,2025-09-23,2025-09-25,12789.23,A2,已入库
120,43,2025-03-06,2025-03-09,15027.83,A2,到货
121,49,2024-12-21,2024-12-26,1124.45,A2,已入库
122,10,2024-12-12,2024-12-16,7666.73,A1,到货
123,53,2024-03-26,2024-03-29,18802.01,A2,在途
124,47,2025-08-27,2025-09-02,12454.46,A2,到货
125,44,2025-09-06,2025-09-08,1189.19,A1,已入库
126,23,2024-04-22,2024-04-26,4640.22,A1,到货
127,25,2025-12-01,2025-12-06,1753.53,A2,在途
128,26,2024-08-17,2024-08-20,694.42,A1,已入库
129,9,2025-08-26,2025-08-28,623.7,A2,已入库
130,42,2025-12-01,2025-12-03,6765.91,A3,已入库
131,3,2024-08-01,2024-08-04,4615.28,A1,已入库
132,26,2025-11-19,2025-11-22,10461.99,A1,已入库
133,40,2025-04-23,2025-04-27,1779.54,A1,已入库
134,39,2025-07-29,2025-08-04,2783.78,A2,已入库
135,4,2025-04-20,2025-04-27,7791.01,A1,到货
136,26,2025-09-03,2025-09-09,587.02,A1,已入库
137,35,2025-02-12,2025-02-19,2671.61,A1,已入库
138,44,2025-01-03,2025-01-04,9281.17,A3,在途
139,34,2024-04-26,2024-04-27,3682.02,A1,到货
140,3,2024-12-20,2024-12-23,1816.01,A1,到货
141,19,2025-10-29,2025-11-05,476.59,A2,已入库
142,44,2025-02-12,2025-02-19,1049.06,A1,到货
143,6,2024-07-09,2024-07-13,1350.98,A1,到货
144,48,2025-07-29,2025-08-01,12632.69,A2,已入库
145,16,2025-07-13,2025-07-16,5553.55,A2,已入库
146,13,2024-08-08,2024-08-10,5437.35,A2,已入库
147,4,2025-03-30,2025-04-06,3588.97,A1,已入库
148,19,2025-08-27,2025-09-03,13523.1,A2,在途
149,60,2025-12-27,2025-12-31,5795.79,A1,已入库
150,21,2025-06-05,2025-06-11,794.88,A1,在途
151,59,2024-01-04,2024-01-10,1624.72,A1,已入库
152,29,2024-03-06,2024-03-09,14467.93,A1,已入库
153,47,2024-07-24,2024-07-26,5540.35,A2,已入库
154,7,2025-10-29,2025-11-05,6560.44,A2,在途
155,24,2025-09-11,2025-09-12,8373.41,A2,已入库
156,41,2024-03-10,2024-03-15,21463.9,A2,在途
157,34,2025-11-19,2025-11-20,3603.54,A1,已入库
158,32,2025-12-18,2025-12-25,507.96,A3,已入库
159,22,2024-05-20,2024-05-24,1320.75,A2,已入库
160,54,2024-11-24,2024-11-29,458.95,A1,已入库
161,57,2024-05-20,2024-05-25,12398.04,A1,已入库
162,17,2025-06-03,2025-06-10,14515.07,A1,已入库
163,45,2024-12-21,2024-12-22,5218.59,A2,已入库
164,39,2024-11-20,2024-11-23,1925.51,A2,已入库
165,49,2024-07-20,2024-07-22,5636.93,A1,在途
166,24,2025-02-28,2025-03-05,1146.0,A2,到货
167,17,2024-08-07,2024-08-11,10829.05,A3,在途
168,59,2025-09-25,2025-09-26,18735.45,A2,已入库
169,11,2025-03-10,2025-03-17,3183.59,A1,在途
170,2,2025-05-29,2025-06-02,2642.79,A2,已入库
171,2,2024-07-02,2024-07-09,3644.32,A1,已入库
172,24,2025-06-07,2025-06-09,15130.97,A1,到货
173,55,2025-11-04,2025-11-11,2791.42,A1,已入库
174,27,2025-11-03,2025-11-08,6935.79,A3,已入库
175,42,2024-10-04,2024-10-10,2758.01,A2,已入库
176,50,2025-11-14,2025-11-15,1587.0,A2,已入库
177,47,2025-09-26,2025-10-02,17656.43,A1,到货
178,5,2025-12-11,2025-12-17,12519.93,A1,已入库
179,51,2025-03-07,2025-03-10,12750.67,A1,已入库
180,33,2025-08-15,2025-08-17,1589.92,A2,已入库
181,9,2025-12-18,2025-12-19,11769.84,A1,已入库
182,4,2025-07-10,2025-07-13,11507.93,A3,到货
183,35,2025-01-30,2025-02-04,4652.65,A1,已入库
184,59,2024-05-26,2024-05-27,1288.67,A2,已入库
185,14,2025-10-01,2025-10-02,1754.42,A2,已入库
186,8,2024-07-09,2024-07-14,1012.18,A2,到货
187,56,2024-05-08,2024-05-14,7257.64,A2,到货
188,58,2025-09-28,2025-09-29,781.66,A2,已入库
189,5,2025-07-26,2025-07-29,1711.58,A1,已入库
190,18,2024-09-15,2024-09-20,624.96,A1,已入库
191,36,2024-04-12,2024-04-16,7492.74,A1,已入库
192,11,2025-12-09,2025-12-10,883.22,A3,已入库
193,9,2024-06-16,2024-06-17,13207.13,A1,到货
194,31,2024-09-12,2024-09-17,2936.36,A1,已入库
195,22,2025-11-12,2025-11-16,2122.26,A2,在途
196,15,2024-02-11,2024-02-14,15513.59,A1,已入库
197,19,2024-11-15,2024-11-21,433.09,A2,已入库
198,5,2025-11-16,2025-11-22,7377.43,A1,已入库
199,36,2025-02-24,2025-03-02,683.91,A1,在途
200,13,2024-08-28,2024-09-04,5646.22,A1,已入库
201,50,2024-05-10,2024-05-17,4193.63,A1,到货
202,26,2025-10-08,2025-10-10,1088.24,A1,已入库
203,51,2024-11-04,2024-11-05,549.58,A2,到货
204,50,2025-05-13,2025-05-19,9523.43,A3,在途
205,6,2025-11-20,2025-11-25,2634.37,A2,已入库
206,48,2024-09-01,2024-09-06,2503.12,A2,已入库
207,52,2025-05-10,2025-05-14,9466.36,A1,已入库
208,40,2025-07-13,2025-07-18,2001.21,A1,已入库
209,5,2025-12-15,2025-12-19,3049.14,A1,到货
210,36,2024-05-20,2024-05-23,3688.52,A1,已入库
211,56,2025-10-28,2025-11-02,6857.7,A1,已入库
212,25,2024-09-23,2024-09-30,1712.16,A1,已入库
213,37,2024-10-05,2024-10-10,7484.8,A2,到货
214,28,2024-10-09,2024-10-12,592.64,A2,到货
215,36,2024-05-25,2024-05-28,3080.23,A1,在途
216,23,2025-03-15,2025-03-19,3568.19,A1,已入库
217,42,2025-11-27,2025-11-28,1964.9,A1,已入库
218,15,2024-10-20,2024-10-26,3630.6,A1,已入库
219,13,2024-03-24,2024-03-28,7379.08,A1,到货
220,14,2024-08-13,2024-08-14,196.68,A1,到货
221,3,2025-12-08,2025-12-10,884.0,A1,已入库
222,20,2024-11-16,2024-11-18,7917.37,A2,已入库
223,12,2025-06-10,2025-06-12,4190.41,A1,已入库
224,54,2025-06-19,2025-06-22,4844.36,A1,已入库
225,58,2025-07-12,2025-07-14,4493.34,A2,到货
226,46,2025-03-31,2025-04-07,6409.77,A2,到货
227,9,2025-06-10,2025-06-14,3937.61,A1,已入库
228,37,2024-10-20,2024-10-24,3845.42,A3,在途
229,36,2025-10-18,2025-10-21,2980.1,A1,在途
230,37,2024-06-12,2024-06-13,2824.64,A1,已入库
231,39,2025-12-30,2026-01-03,8079.3,A1,到货
232,58,2025-04-26,2025-04-30,2780.42,A1,已入库
233,33,2025-05-15,2025-05-22,667.93,A1,已入库
234,60,2025-01-21,2025-01-24,19956.86,A3,已入库
235,41,2025-03-26,2025-03-30,1085.54,A2,已入库
236,10,2024-07-17,2024-07-23,1744.3,A3,已入库
237,5,2024-06-25,2024-07-02,6357.4,A1,已入库
238,36,2024-12-29,2025-01-01,4397.95,A1,已入库
239,54,2024-04-24,2024-04-29,999.37,A2,已入库
240,59,2025-12-04,2025-12-09,10044.54,A1,到货
241,31,2025-06-21,2025-06-23,25388.02,A1,到货
242,11,2025-07-14,2025-07-15,2387.1,A2,已入库
243,56,2025-07-14,2025-07-19,10155.4,A1,已入库
244,11,2024-07-27,2024-08-03,7093.93,A1,已入库
245,31,2025-12-01,2025-12-05,8136.76,A1,已入库
246,34,2025-07-02,2025-07-08,10289.89,A1,已入库
247,33,2025-04-30,2025-05-04,17285.44,A1,已入库
248,16,2025-11-08,2025-11-09,10611.12,A1,已入库
249,16,2025-08-26,2025-08-31,7227.94,A1,已入库
250,29,2024-04-10,2024-04-15,9133.1,A1,已入库
251,37,2024-11-19,2024-11-20,673.4,A3,到货
252,59,2025-09-08,2025-09-15,2433.56,A1,已入库
253,17,2025-01-26,2025-01-27,423.58,A2,已入库
254,32,2025-03-21,2025-03-22,1631.24,A1,已入库
255,27,2024-12-28,2024-12-31,5196.58,A1,已入库
256,10,2025-05-18,2025-05-19,3545.39,A1,已入库
257,57,2024-02-25,2024-03-01,2862.47,A1,已入库
258,3,2025-10-01,2025-10-07,4332.01,A1,已入库
259,21,2024-08-08,2024-08-15,9310.09,A1,已入库
260,23,2025-06-02,2025-06-05,13854.11,A2,已入库
261,51,2024-12-17,2024-12-18,9746.14,A1,已入库
262,49,2024-01-06,2024-01-12,10361.89,A1,已入库
263,22,2025-12-18,2025-12-22,5741.47,A2,已入库
264,53,2025-02-04,2025-02-11,2805.84,A3,到货
265,9,2025-02-13,2025-02-19,27828.76,A2,到货
266,28,2025-04-30,2025-05-03,6028.38,A1,已入库
267,56,2024-11-28,2024-12-03,13696.53,A2,到货
268,49,2025-10-07,2025-10-11,2426.93,A3,到货
269,36,2024-12-26,2025-01-01,11035.49,A2,已入库
270,35,2025-01-10,2025-01-15,1176.9,A2,已入库
271,51,2025-10-03,2025-10-06,1553.34,A2,已入库
272,9,2025-05-05,2025-05-08,10416.85,A1,在途
273,37,2025-01-22,2025-01-25,4060.69,A1,到货
274,60,2025-03-17,2025-03-23,1560.04,A3,已入库
275,23,2025-03-07,2025-03-13,3726.74,A2,到货
276,41,2025-07-02,2025-07-08,11080.02,A1,在途
277,11,2024-08-12,2024-08-18,1017.7,A2,已入库
278,34,2025-09-29,2025-10-03,3111.26,A2,在途
279,54,2025-01-23,2025-01-24,7730.57,A1,已入库
280,4,2024-12-11,2024-12-15,1671.52,A2,已入库
281,15,2024-07-20,2024-07-21,17862.99,A2,已入库
282,7,2025-04-22,2025-04-24,8147.0,A1,已入库
283,39,2025-03-27,2025-03-28,6501.76,A1,已入库
284,41,2025-03-27,2025-04-03,680.51,A3,在途
285,22,2024-10-03,2024-10-06,2473.04,A1,已入库
286,37,2025-11-14,2025-11-17,553.58,A1,已入库
287,7,2024-05-31,2024-06-02,2691.16,A2,已入库
288,36,2025-11-08,2025-11-15,2107.68,A1,已入库
289,54,2024-11-14,2024-11-20,4207.39,A1,已入库
290,45,2025-12-26,2025-12-30,3703.59,A2,已入库
291,51,2025-03-30,2025-04-04,15559.86,A1,已入库
292,31,2025-12-20,2025-12-22,18865.16,A1,在途
293,46,2025-10-02,2025-10-06,2982.23,A1,已入库
294,3,2025-07-23,2025-07-25,1040.42,A1,到货
295,54,2025-10-20,2025-10-21,2197.17,A1,在途
296,57,2025-02-21,2025-02-28,3911.64,A1,已入库
297,17,2025-12-31,2026-01-01,3071.95,A1,在途
298,44,2024-05-05,2024-05-11,1482.59,A1,已入库
299,10,2024-05-24,2024-05-29,7238.62,A1,已入库
300,14,2025-05-15,2025-05-16,16105.18,A3,已入库
301,28,2024-08-25,2024-08-27,4740.45,A2,已入库
302,46,2024-10-18,2024-10-23,9891.35,A1,到货
303,8,2024-09-30,2024-10-04,5020.41,A2,在途
304,21,2025-12-10,2025-12-17,2048.3,A1,已入库
305,40,2025-05-23,2025-05-29,10577.42,A1,已入库
306,22,2024-01-05,2024-01-11,8978.05,A3,已入库
307,12,2025-11-03,2025-11-05,5598.45,A1,到货
308,39,2025-03-02,2025-03-04,5847.13,A1,已入库
309,50,2025-04-10,2025-04-11,7118.29,A2,已入库
310,37,2024-12-03,2024-12-10,5529.18,A1,已入库
311,56,2025-09-26,2025-09-29,8808.96,A1,在途
312,1,2025-08-01,2025-08-06,2068.16,A1,在途
313,36,2024-01-02,2024-01-07,13614.87,A2,已入库
314,30,2025-04-23,2025-04-30,5318.4,A2,已入库
315,19,2024-10-18,2024-10-20,9872.34,A1,已入库
316,35,2025-02-07,2025-02-11,7945.48,A2,已入库
317,45,2025-11-06,2025-11-07,4463.74,A1,已入库
318,2,2025-10-18,2025-10-19,2647.5,A1,已入库
319,14,2024-01-19,2024-01-25,1631.34,A1,已入库
320,59,2024-10-02,2024-10-08,6356.4,A2,已入库
321,3,2024-02-04,2024-02-09,1928.45,A1,已入库
322,24,2024-05-10,2024-05-11,25048.74,A2,已入库
323,4,2025-12-23,2025-12-28,1204.18,A1,已入库
324,6,2025-02-11,2025-02-14,7727.31,A1,到货
325,52,2025-10-01,2025-10-04,10787.89,A1,已入库
326,25,2024-07-17,2024-07-22,1746.6,A2,已入库
327,7,2024-09-10,2024-09-14,2471.04,A2,到货
328,1,2025-05-19,2025-05-21,4670.85,A1,到货
329,34,2025-05-25,2025-05-30,12312.99,A3,已入库
330,27,2025-11-18,2025-11-20,4970.47,A3,到货
331,17,2024-08-24,2024-08-29,6265.94,A1,已入库
332,44,2024-08-01,2024-08-05,26619.87,A2,在途
333,33,2024-11-05,2024-11-09,16650.76,A1,已入库
334,10,2025-08-03,2025-08-08,804.57,A2,已入库
335,42,2024-10-21,2024-10-28,4285.73,A1,到货
336,45,2025-10-17,2025-10-18,8492.16,A1,到货
337,38,2025-11-02,2025-11-08,4836.65,A3,已入库
338,6,2025-01-16,2025-01-23,9146.27,A1,到货
339,2,2024-05-25,2024-05-31,2435.06,A3,已入库
340,9,2024-09-21,2024-09-28,6127.91,A2,在途
341,26,2024-05-27,2024-05-28,4985.74,A2,已入库
342,26,2025-04-28,2025-04-29,13718.1,A1,已入库
343,58,2024-01-14,2024-01-18,5256.2,A1,已入库
344,24,2024-06-12,2024-06-18,903.61,A2,已入库
345,27,2024-06-05,2024-06-06,1605.42,A2,到货
346,25,2024-09-10,2024-09-12,4556.96,A2,到货
347,10,2024-10-04,2024-10-07,2715.12,A2,已入库
348,39,2025-10-02,2025-10-03,2558.65,A2,已入库
349,47,2025-07-07,2025-07-12,2287.94,A1,在途
350,45,2024-08-07,2024-08-10,4315.31,A2,已入库
351,23,2025-07-09,2025-07-14,815.85,A2,到货
352,51,2024-03-06,2024-03-11,8208.42,A2,已入库
353,47,2025-06-04,2025-06-06,10121.32,A1,已入库
354,11,2025-10-12,2025-10-15,4418.32,A1,已入库
355,36,2024-06-13,2024-06-18,3305.26,A2,已入库
356,51,2024-11-02,2024-11-05,3171.84,A2,已入库
357,6,2025-11-02,2025-11-07,7225.55,A3,已入库
358,21,2024-10-19,2024-10-23,3419.04,A1,已入库
359,27,2025-12-29,2026-01-01,6371.92,A3,已入库
360,15,2024-12-09,2024-12-15,1062.23,A2,已入库
361,15,2024-01-25,2024-01-30,15830.74,A1,到货
362,55,2025-04-25,2025-05-02,8437.04,A2,已入库
363,22,2024-12-24,2024-12-29,2687.85,A2,已入库
364,52,2024-04-27,2024-04-29,1063.36,A1,到货
365,34,2024-11-05,2024-11-07,3131.29,A1,已入库
366,35,2024-01-22,2024-01-28,135845.05,A2,已入库
367,30,2025-12-09,2025-12-11,2949.06,A1,到货
368,3,2025-02-12,2025-02-18,2026.19,A3,已入库
369,8,2024-01-18,2024-01-23,1747.82,A2,已入库
370,31,2025-01-01,2025-01-05,3650.01,A2,在途
371,18,2024-04-15,2024-04-19,6478.03,A1,到货
372,6,2024-07-22,2024-07-28,5849.92,A2,到货
373,47,2025-05-17,2025-05-20,3495.33,A1,已入库
374,38,2024-08-07,2024-08-13,7618.33,A1,已入库
375,45,2024-06-24,2024-06-30,46253.64,A1,到货
376,5,2024-10-26,2024-11-02,1813.76,A3,已入库
377,6,2025-08-02,2025-08-07,15338.68,A3,已入库
378,1,2024-05-22,2024-05-25,9362.05,A2,已入库
379,8,2025-05-12,2025-05-17,2954.02,A2,已入库
380,35,2024-08-30,2024-09-02,664.3,A1,已入库
381,27,2024-06-10,2024-06-13,9489.21,A1,在途
382,15,2025-11-17,2025-11-19,1676.14,A1,已入库
383,34,2024-07-23,2024-07-25,2630.65,A1,到货
384,46,2025-06-02,2025-06-08,5948.19,A2,到货
385,40,2025-12-24,2025-12-31,10438.08,A1,已入库
386,29,2025-05-15,2025-05-21,5703.49,A1,已入库
387,60,2024-01-03,2024-01-05,10948.92,A2,已入库
388,50,2024-11-28,2024-12-05,7680.26,A3,已入库
389,18,2025-12-05,2025-12-09,5641.04,A1,到货
390,16,2024-03-05,2024-03-06,2729.64,A2,在途
391,11,2025-11-16,2025-11-23,5566.1,A3,已入库
392,43,2025-06-06,2025-06-07,548.57,A1,已入库
393,20,2025-01-20,2025-01-21,3454.58,A1,到货
394,48,2024-09-05,2024-09-11,1001.78,A1,在途
395,45,2025-01-11,2025-01-15,2826.09,A1,已入库
396,46,2024-04-06,2024-04-09,1261.26,A1,到货
397,45,2025-04-18,2025-04-24,5919.02,A1,已入库
398,33,2025-04-16,2025-04-17,6572.33,A1,已入库
399,57,2024-06-24,2024-06-30,4655.26,A2,已入库
400,49,2025-06-03,2025-06-07,723.28,A2,已入库
401,57,2025-08-25,2025-08-27,1582.21,A2,已入库
402,49,2024-06-25,2024-06-28,5727.22,A1,已入库
403,37,2024-02-25,2024-02-28,3554.74,A1,已入库
404,34,2024-11-22,2024-11-29,1466.37,A1,已入库
405,54,2025-08-24,2025-08-30,1876.05,A1,已入库
406,18,2025-08-13,2025-08-18,2243.37,A2,已入库
407,16,2024-12-27,2024-12-30,9630.05,A3,已入库
408,57,2025-09-10,2025-09-15,9113.85,A1,已入库
409,18,2025-05-21,2025-05-23,3855.17,A2,已入库
410,52,2025-12-20,2025-12-22,2245.42,A2,已入库
411,57,2025-05-20,2025-05-26,1764.89,A2,到货
412,17,2025-05-20,2025-05-27,6025.96,A1,已入库
413,17,2024-06-18,2024-06-22,4588.79,A1,已入库
414,12,2024-03-13,2024-03-18,3021.65,A1,已入库
415,14,2025-03-17,2025-03-21,18484.52,A1,已入库
416,15,2025-12-25,2025-12-27,839.27,A2,已入库
417,14,2024-09-04,2024-09-05,4321.94,A3,到货
418,5,2025-10-01,2025-10-02,10066.98,A2,已入库
419,28,2025-05-19,2025-05-20,2672.88,A2,已入库
420,55,2025-03-05,2025-03-12,2785.18,A1,已入库
421,8,2025-11-05,2025-11-09,1669.45,A3,已入库
422,24,2025-05-09,2025-05-14,711.12,A2,已入库
423,46,2024-08-14,2024-08-17,6713.97,A2,已入库
424,25,2025-12-06,2025-12-09,577.05,A1,已入库
425,59,2025-11-13,2025-11-19,3240.86,A2,已入库
426,24,2025-11-02,2025-11-08,8854.58,A2,在途
427,42,2025-10-01,2025-10-07,5948.89,A1,到货
428,12,2025-07-09,2025-07-12,14721.54,A3,到货
429,27,2024-07-23,2024-07-28,7701.3,A1,在途
430,12,2024-07-16,2024-07-20,3111.9,A1,在途
431,7,2025-07-15,2025-07-19,11342.0,A1,已入库
432,32,2024-06-12,2024-06-19,12835.84,A2,到货
433,38,2024-12-08,2024-12-12,6368.41,A3,已入库
434,10,2025-05-19,2025-05-23,1293.84,A2,已入库
435,2,2025-07-24,2025-07-25,9652.89,A2,已入库
436,55,2025-12-04,2025-12-07,8764.78,A1,已入库
437,38,2024-01-11,2024-01-15,8197.07,A1,已入库
438,27,2024-07-25,2024-07-31,7611.96,A2,已入库
439,49,2024-03-08,2024-03-10,3806.97,A2,已入库
440,37,2024-10-23,2024-10-28,8759.38,A1,已入库
441,1,2025-11-09,2025-11-13,318.06,A2,到货
442,32,2025-12-08,2025-12-11,8604.43,A2,已入库
443,45,2025-09-11,2025-09-15,740.7,A1,已入库
444,12,2025-08-29,2025-08-31,2438.0,A2,已入库
445,29,2025-06-21,2025-06-26,3232.69,A2,已入库
446,1,2024-09-01,2024-09-02,5334.33,A2,到货
447,20,2024-09-05,2024-09-06,3854.73,A3,已入库
448,45,2025-06-06,2025-06-08,2119.92,A3,已入库
449,38,2024-03-14,2024-03-16,8080.37,A3,已入库
450,12,2024-11-02,2024-11-05,633.74,A2,在途
451,33,2025-12-21,2025-12-27,15039.1,A3,到货
452,12,2025-11-14,2025-11-19,2234.1,A2,已入库
453,30,2025-07-22,2025-07-24,2726.8,A2,到货
454,45,2024-12-09,2024-12-12,1623.93,A1,已入库
455,12,2025-12-09,2025-12-12,3196.62,A1,到货
456,39,2025-12-14,2025-12-16,4388.54,A1,到货
457,36,2025-06-28,2025-07-05,11527.54,A2,已入库
458,48,2025-01-17,2025-01-22,7456.04,A2,已入库
459,33,2025-06-10,2025-06-14,10310.38,A2,到货
460,34,2024-03-08,2024-03-14,1002.57,A1,已入库
461,24,2024-12-23,2024-12-26,5183.66,A1,已入库
462,32,2024-12-21,2024-12-24,5296.46,A2,已入库
463,12,2024-05-07,2024-05-09,4886.94,A1,已入库
464,31,2025-12-30,2026-01-02,1513.35,A3,已入库
465,55,2024-07-11,2024-07-12,4345.24,A1,到货
466,2,2024-11-04,2024-11-06,2015.08,A2,到货
467,3,2025-05-21,2025-05-23,5162.47,A1,到货
468,22,2025-10-26,2025-10-31,7454.7,A1,已入库
469,39,2024-09-11,2024-09-12,1955.28,A3,已入库
470,14,2025-04-22,2025-04-26,3419.01,A1,到货
471,9,2024-01-18,2024-01-19,3239.52,A1,已入库
472,60,2025-06-01,2025-06-07,3711.8,A1,在途
473,56,2025-06-27,2025-07-03,1873.01,A2,已入库
474,33,2025-09-13,2025-09-19,11699.78,A2,到货
475,59,2025-06-06,2025-06-08,5004.96,A2,已入库
476,54,2025-08-25,2025-08-26,9934.71,A1,在途
477,14,2024-04-18,2024-04-24,10362.34,A2,已入库
478,41,2024-12-29,2025-01-01,10701.96,A1,已入库
479,50,2025-01-23,2025-01-30,2677.28,A2,已入库
480,11,2025-12-01,2025-12-05,9291.28,A2,到货
481,4,2025-06-11,2025-06-13,13071.67,A1,已入库
482,39,2024-07-05,2024-07-07,14871.02,A1,已入库
483,30,2025-11-23,2025-11-30,11517.05,A1,在途
484,19,2025-09-13,2025-09-18,2299.69,A1,已入库
485,54,2025-08-30,2025-09-02,6100.33,A1,已入库
486,11,2025-10-22,2025-10-24,3234.53,A2,已入库
487,36,2025-08-17,2025-08-19,7234.77,A2,已入库
488,50,2025-07-16,2025-07-19,8055.33,A1,已入库
489,17,2025-04-22,2025-04-28,3450.97,A2,已入库
490,36,2025-12-11,2025-12-13,2674.78,A3,到货
491,30,2024-09-10,2024-09-16,6087.6,A2,已入库
492,3,2024-09-07,2024-09-11,5513.51,A2,已入库
493,48,2025-11-03,2025-11-10,4689.61,A1,到货
494,38,2024-01-25,2024-01-30,6453.93,A1,到货
495,13,2024-08-25,2024-08-26,12232.78,A1,已入库
496,27,2025-03-12,2025-03-19,1100.33,A1,已入库
497,11,2024-11-06,2024-11-08,2012.62,A2,在途
498,26,2025-09-16,2025-09-23,8690.25,A2,已入库
499,59,2024-09-19,2024-09-24,9906.75,A1,已入库
500,11,2025-03-26,2025-03-29,509.4,A1,在途
501,4,2024-05-08,2024-05-12,4751.76,A1,到货
502,60,2024-11-18,2024-11-24,18151.21,A1,在途
503,18,2024-05-17,2024-05-21,791.98,A1,已入库
504,7,2025-12-08,2025-12-13,8401.93,A2,已入库
505,47,2025-04-04,2025-04-09,2665.05,A2,已入库
506,15,2024-11-11,2024-11-12,17485.8,A1,已入库
507,5,2025-08-22,2025-08-23,4478.26,A1,在途
508,57,2025-12-27,2025-12-29,1618.68,A2,已入库
509,15,2024-12-29,2025-01-01,848.76,A1,已入库
510,5,2025-12-07,2025-12-08,3173.31,A1,在途
511,3,2025-03-10,2025-03-16,7357.23,A1,已入库
512,54,2024-04-10,2024-04-13,4157.51,A1,已入库
513,35,2025-07-05,2025-07-07,10476.28,A1,已入库
514,5,2024-02-21,2024-02-27,2817.22,A1,已入库
515,8,2025-03-02,2025-03-04,6563.09,A1,已入库
516,45,2025-07-29,2025-08-04,1546.33,A1,已入库
517,16,2025-11-19,2025-11-21,1439.15,A1,已入库
518,29,2024-11-10,2024-11-13,1933.92,A1,已入库
519,57,2024-12-01,2024-12-06,9688.02,A1,在途
520,47,2024-08-22,2024-08-29,11312.27,A1,到货
521,26,2025-11-14,2025-11-17,11149.1,A2,已入库
522,48,2025-11-14,2025-11-21,1977.89,A1,在途
523,21,2025-02-22,2025-02-25,3767.43,A2,已入库
524,5,2025-06-04,2025-06-08,6267.6,A2,已入库
525,45,2025-11-28,2025-12-04,9806.98,A1,已入库
526,26,2025-05-16,2025-05-19,6041.13,A1,已入库
527,1,2025-02-12,2025-02-14,1201.12,A2,到货
528,30,2025-11-28,2025-12-02,5817.86,A2,已入库
529,38,2024-02-13,2024-02-14,6282.74,A2,已入库
530,12,2025-05-06,2025-05-08,8394.2,A1,已入库
531,25,2025-10-10,2025-10-11,1372.58,A3,已入库
532,24,2024-08-06,2024-08-08,1977.84,A1,已入库
533,30,2024-12-10,2024-12-17,940.25,A2,在途
534,36,2025-04-18,2025-04-19,9478.65,A2,已入库
535,25,2025-03-15,2025-03-18,6519.99,A1,到货
536,17,2025-05-31,2025-06-03,3666.58,A2,已入库
537,50,2024-09-22,2024-09-24,11577.48,A2,已入库
538,7,2025-09-10,2025-09-12,1735.15,A2,已入库
539,36,2025-06-27,2025-06-29,8614.75,A2,已入库
540,59,2025-05-23,2025-05-27,5248.0,A1,到货
541,53,2025-07-16,2025-07-19,3338.79,A2,已入库
542,17,2025-09-07,2025-09-09,2374.62,A1,到货
543,30,2024-01-27,2024-01-30,2467.32,A1,已入库
544,13,2025-02-28,2025-03-05,11279.18,A1,在途
545,39,2024-10-22,2024-10-28,21410.7,A1,到货
546,60,2025-04-05,2025-04-10,3739.37,A1,到货
547,12,2024-02-23,2024-02-26,16844.58,A2,已入库
548,38,2024-07-13,2024-07-18,9978.52,A2,到货
549,13,2025-05-22,2025-05-25,1638.34,A1,已入库
550,32,2024-11-03,2024-11-08,1240.49,A1,已入库
551,11,2024-12-13,2024-12-18,4036.45,A2,已入库
552,46,2025-03-26,2025-03-29,2075.55,A2,已入库
553,1,2024-11-09,2024-11-11,14772.21,A2,到货
554,20,2024-12-09,2024-12-10,6027.32,A3,已入库
555,59,2024-05-14,2024-05-15,5145.88,A1,已入库
556,23,2024-04-16,2024-04-22,1843.72,A2,已入库
557,58,2024-09-12,2024-09-17,803.92,A2,到货
558,41,2024-10-29,2024-10-31,7647.23,A1,已入库
559,11,2025-09-16,2025-09-19,4616.44,A1,已入库
560,5,2024-10-17,2024-10-21,19146.6,A1,已入库
561,3,2025-03-28,2025-03-30,1619.26,A1,已入库
562,39,2024-11-07,2024-11-14,3564.46,A2,已入库
563,49,2024-10-25,2024-10-31,4354.65,A2,已入库
564,49,2024-12-17,2024-12-18,6285.91,A1,已入库
565,28,2024-12-09,2024-12-11,496.94,A1,已入库
566,42,2025-05-11,2025-05-12,10843.35,A1,在途
567,22,2025-06-02,2025-06-03,898.39,A2,已入库
568,43,2025-06-29,2025-07-06,4684.38,A1,在途
569,59,2024-07-25,2024-07-29,9881.2,A2,已入库
570,50,2025-04-27,2025-05-04,6055.44,A1,已入库
571,45,2025-05-29,2025-05-31,1634.35,A1,已入库
572,29,2024-01-05,2024-01-08,2511.34,A1,在途
573,41,2025-12-01,2025-12-07,4175.56,A2,已入库
574,49,2024-07-22,2024-07-29,9468.89,A1,已入库
575,38,2024-04-18,2024-04-24,3426.61,A2,已入库
576,37,2024-09-19,2024-09-26,4244.3,A1,已入库
577,42,2024-09-10,2024-09-16,12959.25,A1,已入库
578,51,2024-09-21,2024-09-24,13947.73,A1,在途
579,24,2024-09-21,2024-09-24,6792.15,A1,在途
580,2,2024-06-16,2024-06-20,9775.22,A1,已入库
581,57,2024-07-28,2024-08-02,3915.53,A1,已入库
582,25,2025-02-06,2025-02-08,1276.12,A2,已入库
583,43,2025-10-10,2025-10-11,1297.18,A2,已入库
584,20,2024-02-05,2024-02-07,359.52,A1,到货
585,19,2024-09-10,2024-09-11,3403.17,A1,已入库
586,47,2025-11-12,2025-11-14,2324.66,A2,已入库
587,56,2025-09-22,2025-09-27,4213.12,A1,已入库
588,57,2025-07-24,2025-07-28,4278.31,A1,到货
589,37,2024-06-09,2024-06-12,1662.19,A1,已入库
590,58,2024-01-26,2024-01-29,21356.5,A3,到货
591,36,2025-01-26,2025-01-31,2270.78,A2,已入库
592,38,2025-09-21,2025-09-25,1951.24,A1,到货
593,5,2025-11-02,2025-11-05,1005.29,A1,在途
594,31,2024-03-02,2024-03-09,4447.22,A1,已入库
595,15,2025-12-11,2025-12-16,2767.23,A2,已入库
596,40,2024-01-15,2024-01-22,6291.09,A2,在途
597,46,2025-08-22,2025-08-26,10844.44,A2,已入库
598,29,2025-03-23,2025-03-27,5600.31,A1,已入库
599,44,2025-08-18,2025-08-24,1512.49,A1,已入库
600,14,2025-12-17,2025-12-21,9194.27,A3,已入库
601,39,2025-04-03,2025-04-07,21531.01,A1,已入库
602,5,2025-03-24,2025-03-28,3114.13,A3,到货
603,34,2025-07-23,2025-07-30,9041.86,A2,已入库
604,9,2024-07-19,2024-07-25,12241.21,A1,在途
605,50,2025-08-04,2025-08-05,9510.81,A2,已入库
606,21,2024-01-13,2024-01-15,1017.47,A2,已入库
607,11,2025-11-11,2025-11-15,411.34,A2,到货
608,51,2024-04-29,2024-05-06,10689.27,A2,在途
609,3,2024-10-11,2024-10-13,1764.34,A2,在途
610,1,2025-09-19,2025-09-20,2622.49,A1,已入库
611,20,2024-02-03,2024-02-04,2481.81,A2,到货
612,31,2025-07-15,2025-07-18,868.82,A2,已入库
613,35,2024-08-13,2024-08-20,10318.77,A1,已入库
614,9,2024-01-22,2024-01-27,2030.67,A1,已入库
615,6,2025-08-04,2025-08-10,1306.15,A1,到货
616,5,2024-07-17,2024-07-19,8552.37,A1,在途
617,14,2025-01-22,2025-01-25,9524.42,A2,已入库
618,52,2025-01-14,2025-01-20,2124.46,A1,已入库
619,39,2024-05-11,2024-05-13,5721.3,A1,已入库
620,16,2025-08-18,2025-08-19,7746.99,A2,到货
621,31,2025-07-29,2025-07-30,15558.01,A1,已入库
622,11,2025-12-13,2025-12-19,7626.87,A2,已入库
623,55,2025-07-28,2025-08-01,7887.98,A1,到货
624,44,2025-08-27,2025-08-30,6882.42,A1,到货
625,35,2024-11-14,2024-11-18,3381.36,A1,已入库
626,60,2025-12-29,2026-01-03,6979.68,A2,在途
627,35,2025-11-01,2025-11-08,10580.0,A1,已入库
628,14,2025-05-30,2025-06-04,6790.87,A1,已入库
629,24,2025-02-26,2025-03-01,5405.43,A3,已入库
630,32,2025-09-25,2025-09-26,2182.72,A1,到货
631,12,2024-05-06,2024-05-10,1206.91,A2,已入库
632,23,2024-10-19,2024-10-22,11760.11,A1,已入库
633,51,2025-02-14,2025-02-18,5894.0,A1,已入库
634,45,2025-11-19,2025-11-20,930.76,A1,已入库
635,9,2025-06-04,2025-06-10,4300.13,A1,已入库
636,26,2025-12-12,2025-12-17,7380.69,A1,到货
637,20,2025-08-03,2025-08-08,4868.77,A2,到货
638,60,2024-06-06,2024-06-12,2231.12,A1,在途
639,30,2024-09-15,2024-09-18,1777.64,A1,已入库
640,4,2024-09-21,2024-09-27,13352.76,A1,已入库
641,25,2025-07-10,2025-07-16,2455.23,A2,已入库
642,35,2025-05-11,2025-05-18,2388.98,A1,已入库
643,46,2025-11-23,2025-11-25,1797.56,A1,到货
644,51,2025-11-02,2025-11-07,458.36,A2,已入库
645,2,2024-11-26,2024-12-01,1281.01,A1,已入库
646,47,2025-02-25,2025-02-27,5862.01,A1,已入库
647,45,2024-01-17,2024-01-19,3163.75,A2,已入库
648,36,2025-08-21,2025-08-26,1665.2,A1,已入库
649,13,2025-05-27,2025-05-28,8353.94,A2,已入库
650,4,2025-11-18,2025-11-21,7975.34,A2,已入库
651,8,2025-08-19,2025-08-22,1892.62,A1,已入库
652,22,2025-11-14,2025-11-20,9318.26,A1,已入库
653,21,2024-11-13,2024-11-19,5483.3,A3,已入库
654,47,2025-10-21,2025-10-26,879.28,A1,到货
655,35,2025-01-12,2025-01-17,9114.12,A1,已入库
656,49,2024-10-29,2024-11-02,3799.75,A1,已入库
657,7,2025-05-31,2025-06-06,14343.27,A2,到货
658,8,2025-01-10,2025-01-16,20524.13,A1,已入库
659,3,2024-02-12,2024-02-15,6972.13,A1,在途
660,14,2024-09-25,2024-10-01,3123.0,A1,已入库
661,22,2024-09-06,2024-09-10,23137.63,A2,已入库
662,7,2025-11-05,2025-11-08,4348.29,A1,已入库
663,31,2024-07-11,2024-07-17,7187.71,A2,到货
664,54,2025-10-29,2025-11-01,8082.4,A1,已入库
665,36,2024-03-08,2024-03-15,5555.09,A2,在途
666,16,2025-01-20,2025-01-23,9001.92,A1,已入库
667,21,2025-10-02,2025-10-09,4610.06,A1,已入库
668,10,2024-11-17,2024-11-19,7294.5,A1,在途
669,36,2025-09-26,2025-10-02,911.74,A1,在途
670,13,2025-09-22,2025-09-24,8641.07,A1,已入库
671,42,2024-07-13,2024-07-18,4755.25,A2,到货
672,10,2025-04-10,2025-04-16,22198.69,A2,已入库
673,9,2024-07-26,2024-07-31,1834.4,A1,已入库
674,1,2024-06-18,2024-06-24,4954.34,A2,到货
675,38,2024-07-19,2024-07-23,3823.78,A1,到货
676,52,2024-05-29,2024-06-03,13636.93,A1,已入库
677,28,2024-05-29,2024-06-05,10268.05,A2,已入库
678,36,2025-02-03,2025-02-09,13245.11,A2,到货
679,44,2025-02-07,2025-02-14,6844.01,A1,在途
680,36,2025-01-27,2025-01-28,4043.81,A2,已入库
681,30,2024-09-08,2024-09-11,7222.39,A1,已入库
682,56,2024-08-09,2024-08-10,24801.33,A2,到货
683,16,2025-07-13,2025-07-16,9636.29,A1,已入库
684,35,2024-10-10,2024-10-14,3210.39,A1,已入库
685,27,2025-09-20,2025-09-21,946.59,A1,到货
686,41,2024-05-11,2024-05-18,7305.98,A1,已入库
687,9,2025-09-28,2025-10-02,4808.8,A1,已入库
688,43,2024-11-01,2024-11-06,3292.42,A2,已入库
689,16,2024-10-23,2024-10-27,16391.36,A2,已入库
690,42,2025-03-23,2025-03-29,2021.2,A1,已入库
691,25,2024-08-25,2024-08-28,9651.13,A1,已入库
692,35,2024-06-17,2024-06-21,3304.38,A1,已入库
693,55,2025-05-29,2025-05-31,934.49,A2,在途
694,4,2024-01-31,2024-02-07,11322.66,A1,已入库
695,38,2025-02-03,2025-02-10,5344.59,A2,已入库
696,47,2025-12-16,2025-12-20,3967.46,A1,已入库
697,58,2025-04-01,2025-04-04,13995.08,A2,已入库
698,21,2024-09-25,2024-09-30,2339.5,A1,已入库
699,27,2025-05-25,2025-06-01,7105.58,A2,到货
700,19,2025-11-12,2025-11-17,7547.02,A1,已入库
701,50,2024-06-29,2024-06-30,8321.29,A1,已入库
702,13,2024-02-29,2024-03-07,19475.6,A1,在途
703,59,2025-09-20,2025-09-27,5662.52,A1,已入库
704,5,2025-08-06,2025-08-09,5253.73,A2,已入库
705,19,2024-01-25,2024-01-29,2280.67,A1,已入库
706,35,2024-09-01,2024-09-03,4761.46,A1,已入库
707,32,2025-07-26,2025-07-27,9734.81,A1,已入库
708,13,2024-07-28,2024-08-02,4734.24,A1,已入库
709,29,2025-01-09,2025-01-12,8648.06,A1,已入库
710,30,2025-09-17,2025-09-20,3584.31,A2,已入库
711,28,2025-10-18,2025-10-19,3804.68,A2,已入库
712,48,2024-04-15,2024-04-21,4168.68,A1,已入库
713,12,2024-07-16,2024-07-20,4663.66,A3,已入库
714,3,2024-06-13,2024-06-14,7486.66,A3,已入库
715,12,2025-12-25,2025-12-26,12018.03,A2,已入库
716,42,2024-06-30,2024-07-02,6224.49,A1,已入库
717,22,2025-10-07,2025-10-14,4238.5,A2,已入库
718,27,2025-11-02,2025-11-07,2244.84,A1,已入库
719,10,2024-08-01,2024-08-08,3106.39,A2,已入库
720,50,2025-10-05,2025-10-08,1626.01,A2,已入库
721,46,2025-04-26,2025-04-29,7852.55,A1,已入库
722,19,2024-12-06,2024-12-08,2478.59,A2,已入库
723,8,2025-04-28,2025-04-30,6398.22,A1,已入库
724,1,2025-03-13,2025-03-18,1778.85,A3,已入库
725,23,2024-02-01,2024-02-06,1744.27,A1,在途
726,51,2024-06-05,2024-06-06,2270.59,A3,已入库
727,35,2025-06-12,2025-06-18,2332.91,A1,已入库
728,30,2025-08-17,2025-08-22,5961.11,A1,已入库
729,29,2025-09-11,2025-09-12,5189.47,A1,已入库
730,9,2024-11-19,2024-11-22,8775.67,A2,已入库
731,55,2024-10-25,2024-10-30,2262.67,A1,已入库
732,24,2024-11-12,2024-11-16,3391.71,A1,到货
733,23,2025-01-17,2025-01-19,8313.82,A1,已入库
734,36,2025-11-17,2025-11-19,7920.71,A2,已入库
735,39,2024-03-23,2024-03-24,4122.57,A2,已入库
736,58,2025-08-21,2025-08-22,4255.34,A2,在途
737,39,2024-01-20,2024-01-26,945.56,A2,到货
738,48,2025-11-06,2025-11-07,1636.54,A1,已入库
739,49,2024-04-05,2024-04-08,6141.42,A2,到货
740,17,2025-06-17,2025-06-19,6419.11,A2,在途
741,1,2025-09-03,2025-09-06,2122.89,A1,到货
742,13,2025-07-02,2025-07-09,4270.62,A3,已入库
743,19,2025-05-18,2025-05-25,2762.35,A2,到货
744,34,2025-02-12,2025-02-17,19315.46,A1,在途
745,59,2025-01-13,2025-01-14,13589.6,A2,已入库
746,40,2025-10-23,2025-10-24,12122.53,A2,到货
747,20,2025-02-16,2025-02-17,7519.44,A1,已入库
748,27,2024-10-08,2024-10-12,2510.12,A1,已入库
749,54,2024-07-09,2024-07-13,6976.43,A1,已入库
750,49,2025-09-18,2025-09-19,7210.1,A1,已入库
