order_id,sku_id,quantity,unit_price,cost_price,promotion_type
GXP20251223000001,2049,3,46.4,32.05,满减
GXP20241129000002,2013,1,33.2,20.27,组合装
GXP20240828000003,708,1,123.1,84.83,无
GXP20240629000004,1703,1,21.0,13.44,无
GXP20240629000004,1639,1,35.1,22.9,无
GXP20240625000005,983,1,25.0,18.49,无
GXP20250812000006,949,2,20.7,16.9,限时秒杀
GXP20250812000006,1214,1,24.9,18.43,无
GXP20250929000007,1629,1,58.7,34.83,无
GXP20251117000008,979,1,41.9,32.74,限时秒杀
GXP20250708000009,505,2,55.2,34.96,无
GXP20250708000009,597,1,61.2,45.84,无
GXP20241107000010,1079,1,23.2,16.11,助农补贴
GXP20241107000010,2028,2,21.1,12.52,限时秒杀
GXP20241107000010,1063,1,31.8,22.09,满减
GXP20241213000011,504,1,125.4,90.58,无
GXP20241112000012,1953,1,190.9,135.23,限时秒杀
GXP20241112000012,948,1,40.7,32.76,无
GXP20250106000013,1004,1,52.9,40.82,组合装
GXP20240426000014,953,1,40.5,27.85,无
GXP20250627000015,974,1,43.1,34.79,限时秒杀
GXP20250627000015,1187,2,27.1,18.66,无
GXP20240610000016,1057,1,35.3,26.17,无
GXP20251109000017,1901,1,112.8,69.73,助农补贴
GXP20250203000018,942,2,48.5,34.3,限时秒杀
GXP20250619000019,1231,2,34.2,24.76,无
GXP20250619000019,893,1,167.3,106.84,限时秒杀
GXP20240515000020,947,1,48.7,35.34,无
GXP20240515000020,1746,1,62.2,27.92,助农补贴
GXP20251123000021,1341,1,56.7,39.37,限时秒杀
GXP20241113000022,1014,1,42.5,29.21,限时秒杀
GXP20241113000022,542,2,152.1,111.35,限时秒杀
GXP20240121000023,941,2,56.0,42.07,无
GXP20240121000023,1457,1,91.2,59.16,无
GXP20250111000024,1919,1,88.0,50.97,无
GXP20250111000024,68,1,59.8,29.07,无
GXP20241130000025,1230,1,75.9,55.79,无
GXP20250321000026,1245,1,41.4,26.93,无
GXP20250321000026,944,2,19.1,14.59,助农补贴
GXP20250920000027,1021,1,40.7,28.93,无
GXP20240808000028,622,1,115.9,83.19,限时秒杀
GXP20250315000029,1252,1,71.7,48.78,无
GXP20250315000029,1688,2,28.9,17.21,满减
GXP20250806000030,943,1,37.8,28.02,无
GXP20250806000030,534,3,124.8,80.97,无
GXP20241119000031,1094,2,42.1,33.28,助农补贴
GXP20250210000032,1465,1,154.5,93.13,无
GXP20250210000032,1389,2,62.3,43.09,无
GXP20240929000033,1040,1,24.5,19.8,无
GXP20240929000033,46,1,73.1,35.4,限时秒杀
GXP20240918000034,999,1,27.3,20.19,无
GXP20251108000035,1630,1,65.5,34.83,组合装
GXP20251108000035,959,2,45.4,32.79,无
GXP20251103000036,508,1,65.8,47.9,无
GXP20250626000037,1737,1,139.9,60.45,限时秒杀
GXP20250626000037,1022,3,34.3,25.9,无
GXP20250426000038,941,1,56.0,42.07,无
GXP20251129000039,1178,1,32.1,23.31,无
GXP20251129000039,1227,1,66.7,41.79,无
GXP20251129000039,1629,2,58.7,34.83,无
GXP20241231000040,968,1,33.2,23.41,助农补贴
GXP20251229000041,1746,1,62.2,27.92,无
GXP20240910000042,509,1,123.8,79.0,助农补贴
GXP20241017000043,605,2,85.1,53.16,无
GXP20241130000044,562,1,69.8,47.56,无
GXP20241005000045,1652,1,40.7,23.8,无
GXP20250730000046,1003,2,41.4,32.23,无
GXP20250401000047,540,2,71.6,53.18,无
GXP20251022000048,949,2,20.7,16.9,助农补贴
GXP20250207000049,501,1,160.9,118.55,无
GXP20250207000049,226,1,36.0,16.25,无
GXP20241220000050,501,2,160.9,118.55,无
GXP20250522000051,1461,1,155.0,76.04,组合装
GXP20250131000052,1289,1,76.1,52.97,组合装
GXP20240516000053,1675,1,56.5,29.48,组合装
GXP20241230000054,1737,1,139.9,60.45,无
GXP20241230000054,506,3,62.9,47.12,无
GXP20240401000055,1232,1,50.2,32.06,无
GXP20250131000056,1638,1,31.1,18.72,助农补贴
GXP20250924000057,1066,1,20.7,15.3,满减
GXP20250505000058,941,2,56.0,42.07,无
GXP20250111000059,1719,1,58.7,33.82,满减
GXP20250111000059,1899,1,124.2,72.36,组合装
GXP20250324000060,977,1,42.0,30.17,限时秒杀
GXP20250414000061,1235,1,85.9,61.97,无
GXP20251011000062,942,2,48.5,34.3,无
GXP20241105000063,952,2,22.5,15.89,无
GXP20241105000063,591,1,60.2,44.43,满减
GXP20251207000064,1,1,30.8,15.69,无
GXP20251207000064,946,1,36.7,28.09,助农补贴
GXP20251207000064,943,1,37.8,28.02,无
GXP20240730000065,502,1,42.5,27.89,限时秒杀
GXP20250321000066,859,1,150.9,106.38,无
GXP20250321000066,503,1,51.2,34.87,无
GXP20240617000067,882,1,104.5,71.03,无
GXP20240617000067,1533,1,111.8,65.17,无
GXP20250821000068,1456,1,57.9,29.2,组合装
GXP20250821000068,1066,1,20.7,15.3,无
GXP20251028000069,1865,1,87.0,45.25,无
GXP20251028000069,954,2,58.8,41.08,满减
GXP20251206000070,501,1,160.9,118.55,无
GXP20251111000071,547,2,161.3,113.54,限时秒杀
GXP20240216000072,1713,3,38.0,22.43,助农补贴
GXP20240216000072,1494,1,35.6,17.65,无
GXP20240216000072,321,1,64.2,29.29,限时秒杀
GXP20240917000073,120,1,37.3,21.4,无
GXP20240705000074,941,1,56.0,42.07,满减
GXP20240705000074,976,2,54.0,37.7,限时秒杀
GXP20250321000075,941,2,56.0,42.07,无
GXP20250321000075,1244,1,28.3,19.99,无
GXP20240511000076,1961,1,257.4,189.16,组合装
GXP20240511000076,949,1,20.7,16.9,助农补贴
GXP20240511000076,1474,1,133.2,65.01,组合装
GXP20250227000077,1861,1,75.9,41.56,无
GXP20250227000077,504,1,125.4,90.58,无
GXP20241107000078,1512,1,149.2,73.36,无
GXP20241107000078,1330,1,52.4,34.78,满减
GXP20250117000079,967,2,36.1,27.33,组合装
GXP20241123000080,1300,1,25.3,15.82,无
GXP20241123000080,1340,1,54.9,35.07,无
GXP20251205000081,1241,1,36.6,27.32,无
GXP20250131000082,981,2,39.3,30.72,满减
GXP20251122000083,1044,1,26.1,17.96,限时秒杀
GXP20251122000083,2012,2,244.9,181.01,助农补贴
GXP20251122000083,1227,1,66.7,41.79,无
GXP20251212000084,1695,3,50.0,33.55,助农补贴
GXP20240602000085,16,1,116.4,64.74,助农补贴
GXP20241016000086,1747,1,139.5,61.11,助农补贴
GXP20241016000086,1240,1,82.7,52.2,助农补贴
GXP20241016000086,1231,1,34.2,24.76,无
GXP20241217000087,1102,2,54.8,39.58,无
GXP20250421000088,1739,1,56.3,32.07,无
GXP20250421000088,1717,1,22.7,12.02,无
GXP20250421000088,2016,2,27.6,18.32,满减
GXP20241115000089,943,1,37.8,28.02,助农补贴
GXP20241115000089,573,1,95.6,66.32,组合装
GXP20241115000089,981,1,39.3,30.72,组合装
GXP20250522000090,532,1,54.4,34.67,无
GXP20250715000091,515,1,129.5,78.01,满减
GXP20251028000092,777,1,130.0,95.19,无
GXP20240401000093,526,2,111.6,78.0,无
GXP20240401000093,1455,1,98.1,55.04,无
GXP20250803000094,950,1,47.3,37.84,限时秒杀
GXP20250909000095,503,3,51.2,34.87,无
GXP20250909000095,556,1,109.8,73.71,无
GXP20240530000096,1070,1,58.7,41.37,无
GXP20250804000097,1258,1,35.4,26.2,无
GXP20240105000098,817,1,146.2,94.8,限时秒杀
GXP20250531000099,949,1,20.7,16.9,无
GXP20251129000100,971,1,23.6,16.74,组合装
GXP20251021000101,1075,3,54.0,40.07,满减
GXP20251021000101,1300,1,25.3,15.82,助农补贴
GXP20250309000102,1401,1,28.3,19.76,无
GXP20250309000102,1692,1,56.5,32.8,无
GXP20251104000103,1634,1,66.5,36.18,满减
GXP20251104000103,955,1,42.9,29.97,助农补贴
GXP20251104000103,1229,1,54.6,38.91,无
GXP20240813000104,1008,1,55.7,42.2,无
GXP20250829000105,1337,1,70.3,51.78,助农补贴
GXP20250428000106,584,1,142.0,92.36,满减
GXP20251007000107,941,2,56.0,42.07,助农补贴
GXP20250620000108,1227,1,66.7,41.79,满减
GXP20240528000109,813,1,130.5,95.4,无
GXP20240528000109,941,2,56.0,42.07,限时秒杀
GXP20240129000110,1466,1,45.6,26.63,组合装
GXP20240321000111,949,1,20.7,16.9,组合装
GXP20240321000111,1484,1,66.3,33.24,助农补贴
GXP20240108000112,501,1,160.9,118.55,限时秒杀
GXP20251215000113,962,2,26.9,18.53,无
GXP20251215000113,1232,1,50.2,32.06,无
GXP20241124000114,952,3,22.5,15.89,助农补贴
GXP20241124000114,2034,1,30.9,18.97,无
GXP20250106000115,1717,1,22.7,12.02,满减
GXP20250809000116,1879,1,78.8,48.15,无
GXP20250809000116,455,1,71.9,30.74,满减
GXP20241017000117,943,2,37.8,28.02,助农补贴
GXP20240321000118,1865,2,87.0,45.25,组合装
GXP20240321000118,1226,1,45.5,32.43,无
GXP20250625000119,717,1,142.7,87.52,满减
GXP20250806000120,2021,1,28.7,18.51,限时秒杀
GXP20250901000121,2013,1,33.2,20.27,无
GXP20250901000121,1949,1,249.6,191.77,无
GXP20250217000122,942,1,48.5,34.3,无
GXP20240816000123,2022,1,38.9,25.58,助农补贴
GXP20240121000124,1864,2,63.6,38.75,满减
GXP20250102000125,1070,1,58.7,41.37,无
GXP20250102000125,1629,1,58.7,34.83,无
GXP20251209000126,944,3,19.1,14.59,助农补贴
GXP20250921000127,1748,1,191.6,104.06,无
GXP20250921000127,1629,1,58.7,34.83,满减
GXP20241129000128,1629,2,58.7,34.83,无
GXP20240211000129,1230,1,75.9,55.79,限时秒杀
GXP20240211000129,1679,2,17.0,10.66,无
GXP20251231000130,946,1,36.7,28.09,助农补贴
GXP20250114000131,510,2,165.4,110.14,组合装
GXP20240624000132,571,1,64.2,40.98,无
GXP20240517000133,718,2,91.9,64.39,限时秒杀
GXP20240517000133,1497,1,120.6,63.15,限时秒杀
GXP20250315000134,672,1,52.2,33.59,满减
GXP20251204000135,513,1,109.4,67.78,无
GXP20251106000136,968,1,33.2,23.41,组合装
GXP20241102000137,501,2,160.9,118.55,助农补贴
GXP20250305000138,508,1,65.8,47.9,无
GXP20250210000139,2039,1,48.9,29.1,无
GXP20240406000140,1282,1,62.5,39.6,限时秒杀
GXP20240406000140,943,1,37.8,28.02,无
GXP20240406000140,422,1,30.4,17.23,无
GXP20240402000141,1231,1,34.2,24.76,无
GXP20240402000141,1772,1,150.5,89.79,无
GXP20240524000142,652,1,68.1,42.4,无
GXP20250821000143,621,1,98.3,63.66,无
GXP20250821000143,955,1,42.9,29.97,无
GXP20250614000144,1176,2,45.0,35.44,助农补贴
GXP20240111000145,501,1,160.9,118.55,组合装
GXP20240111000145,2020,1,37.4,23.47,助农补贴
GXP20250207000146,955,1,42.9,29.97,助农补贴
GXP20251108000147,1630,1,65.5,34.83,无
GXP20250909000148,1872,1,77.6,39.72,无
GXP20240805000149,945,1,19.3,15.63,组合装
GXP20250619000150,1226,2,45.5,32.43,组合装
GXP20250619000150,1458,2,111.3,56.54,无
GXP20250524000151,597,1,61.2,45.84,限时秒杀
GXP20251213000152,947,1,48.7,35.34,无
GXP20251213000152,1472,1,85.4,52.72,组合装
GXP20250805000153,694,1,143.1,89.04,无
GXP20250805000153,1227,1,66.7,41.79,组合装
GXP20250627000154,23,1,49.9,25.94,助农补贴
GXP20250105000155,1293,1,63.6,42.61,无
GXP20251202000156,630,1,119.8,77.58,满减
GXP20240914000157,701,1,105.7,70.1,满减
GXP20250614000158,942,1,48.5,34.3,无
GXP20240319000159,502,1,42.5,27.89,无
GXP20241127000160,1090,2,44.4,31.23,无
GXP20241127000160,942,1,48.5,34.3,助农补贴
GXP20241127000160,1232,1,50.2,32.06,无
GXP20250223000161,2023,1,34.7,20.79,无
GXP20251015000162,942,2,48.5,34.3,无
GXP20251015000162,2019,2,39.0,24.07,满减
GXP20250227000163,943,1,37.8,28.02,无
GXP20250227000163,1003,3,41.4,32.23,无
GXP20240910000164,1863,1,82.0,42.24,无
GXP20240528000165,144,1,48.3,22.74,限时秒杀
GXP20240122000166,1629,1,58.7,34.83,满减
GXP20250122000167,947,1,48.7,35.34,助农补贴
GXP20250122000167,1232,1,50.2,32.06,助农补贴
GXP20240727000168,562,1,69.8,47.56,无
GXP20240727000168,2020,1,37.4,23.47,无
GXP20250117000169,1878,1,47.1,28.44,助农补贴
GXP20240818000170,1740,2,74.4,37.96,无
GXP20250824000171,1629,1,58.7,34.83,满减
GXP20250824000171,941,1,56.0,42.07,满减
GXP20251201000172,1533,2,111.8,65.17,助农补贴
GXP20240112000173,1509,1,39.2,25.3,无
GXP20241011000174,1350,3,40.8,29.33,满减
GXP20240809000175,943,1,37.8,28.02,无
GXP20241208000176,1036,2,36.6,25.27,无
GXP20251103000177,941,2,56.0,42.07,无
GXP20251103000177,612,1,87.6,52.58,组合装
GXP20250629000178,538,1,40.9,26.4,无
GXP20250629000178,1261,1,50.7,32.0,无
GXP20250210000179,1056,2,39.5,27.52,无
GXP20250210000179,502,1,42.5,27.89,满减
GXP20240126000180,1111,2,52.0,38.86,无
GXP20240126000180,1229,2,54.6,38.91,无
GXP20250922000181,502,1,42.5,27.89,无
GXP20240212000182,1464,1,72.5,38.87,无
GXP20240212000182,1629,1,58.7,34.83,助农补贴
GXP20240119000183,904,1,135.9,101.01,无
GXP20240410000184,1639,1,35.1,22.9,助农补贴
GXP20241204000185,544,1,125.9,90.81,满减
GXP20250525000186,544,1,125.9,90.81,无
GXP20240515000187,503,2,51.2,34.87,无
GXP20250725000188,603,1,117.3,81.08,限时秒杀
GXP20250725000188,875,3,156.8,104.54,无
GXP20250725000188,1116,1,57.2,39.39,满减
GXP20250126000189,567,1,94.3,70.28,满减
GXP20250321000190,502,1,42.5,27.89,无
GXP20250321000190,878,2,159.1,101.51,限时秒杀
GXP20241102000191,528,1,166.1,121.39,满减
GXP20250208000192,1285,1,36.0,22.98,无
GXP20250215000193,965,2,35.5,24.87,无
GXP20250611000194,1228,1,86.2,54.58,无
GXP20250611000194,943,2,37.8,28.02,助农补贴
GXP20250122000195,1235,1,85.9,61.97,无
GXP20250122000195,520,1,46.9,31.99,满减
GXP20241008000196,1901,1,112.8,69.73,组合装
GXP20241008000196,365,1,73.7,37.43,无
GXP20240629000197,1494,1,35.6,17.65,无
GXP20250404000198,504,3,125.4,90.58,满减
GXP20250930000199,1188,1,25.1,17.29,无
GXP20250930000199,2013,2,33.2,20.27,无
GXP20240320000200,1629,2,58.7,34.83,限时秒杀
GXP20250618000201,1232,1,50.2,32.06,无
GXP20240224000202,23,1,49.9,25.94,满减
GXP20251206000203,1204,1,49.9,35.25,无
GXP20240620000204,511,1,119.0,78.78,组合装
GXP20240620000204,1228,1,86.2,54.58,无
GXP20240710000205,657,1,0.01,98.79,无
GXP20241105000206,1699,1,20.1,10.65,限时秒杀
GXP20250905000207,942,1,48.5,34.3,无
GXP20241030000208,948,1,40.7,32.76,无
GXP20241030000208,1265,1,82.2,52.99,无
GXP20251219000209,503,1,51.2,34.87,组合装
GXP20251219000209,1123,1,52.9,41.64,无
GXP20250112000210,505,1,55.2,34.96,无
GXP20251229000211,1235,2,85.9,61.97,无
GXP20250210000212,958,1,55.5,41.67,限时秒杀
GXP20250210000212,635,1,74.4,45.22,助农补贴
GXP20251111000213,545,1,44.5,29.57,满减
GXP20251023000214,1258,2,35.4,26.2,助农补贴
GXP20240624000215,509,1,123.8,79.0,无
GXP20240129000216,1607,2,49.6,29.39,无
GXP20251229000217,1633,1,59.0,33.39,组合装
GXP20251229000217,519,2,130.5,84.21,满减
GXP20241122000218,1740,1,74.4,37.96,助农补贴
GXP20241122000218,1425,1,33.0,22.9,助农补贴
GXP20251204000219,1396,2,82.5,60.05,组合装
GXP20251211000220,1743,3,73.3,31.34,满减
GXP20250207000221,1961,1,257.4,189.16,无
GXP20250720000222,1433,1,33.0,23.07,无
GXP20250720000222,903,1,43.2,27.32,组合装
GXP20240304000223,1636,1,38.9,24.91,无
GXP20240304000223,45,1,76.4,43.72,无
GXP20240304000223,1246,1,76.5,55.37,无
GXP20250907000224,1654,1,55.1,29.64,无
GXP20240218000225,1629,1,58.7,34.83,无
GXP20251130000226,541,1,107.5,79.57,组合装
GXP20251130000226,146,1,38.4,19.94,无
GXP20250131000227,510,1,165.4,110.14,满减
GXP20250131000227,1640,1,49.1,29.15,无
GXP20250530000228,520,1,46.9,31.99,限时秒杀
GXP20250530000228,45,1,76.4,43.72,无
GXP20240910000229,1456,1,57.9,29.2,无
GXP20250808000230,31,1,68.2,32.16,限时秒杀
GXP20251029000231,521,1,75.3,52.36,无
GXP20251029000231,510,1,165.4,110.14,助农补贴
GXP20251029000231,607,3,134.7,99.04,助农补贴
GXP20250915000232,569,1,130.6,93.43,助农补贴
GXP20250101000233,651,1,134.4,91.26,无
GXP20250101000234,1042,1,31.2,23.62,限时秒杀
GXP20250101000234,501,1,160.9,118.55,限时秒杀
GXP20251106000235,992,1,32.4,25.18,助农补贴
GXP20251106000235,1758,2,82.8,47.56,无
GXP20251106000235,1,1,30.8,15.69,助农补贴
GXP20240430000236,1756,2,129.5,61.6,无
GXP20240708000237,1661,1,48.1,27.82,无
GXP20241122000238,1094,1,42.1,33.28,助农补贴
GXP20241122000238,38,2,55.3,30.49,助农补贴
GXP20250515000239,865,1,142.0,89.63,无
GXP20241205000240,942,1,48.5,34.3,限时秒杀
GXP20240418000241,596,1,84.3,61.83,满减
GXP20240418000241,1744,1,120.2,53.44,无
GXP20250506000242,28,1,54.8,25.16,无
GXP20240229000243,943,1,37.8,28.02,无
GXP20250309000244,1462,2,145.7,84.13,满减
GXP20250808000245,547,1,161.3,113.54,满减
GXP20250808000245,1864,2,63.6,38.75,组合装
GXP20240516000246,415,2,66.4,33.94,无
GXP20240516000246,951,1,34.6,25.68,满减
GXP20241025000247,1629,2,58.7,34.83,无
GXP20251107000248,512,1,109.9,72.11,无
GXP20250404000249,525,1,104.2,62.69,无
GXP20250807000250,953,1,40.5,27.85,满减
GXP20251215000251,1483,1,55.0,35.16,无
GXP20241215000252,1668,1,57.6,32.18,组合装
GXP20241115000253,1463,1,140.8,91.51,无
GXP20241115000253,1663,2,26.0,14.59,组合装
GXP20251202000254,945,1,19.3,15.63,满减
GXP20251202000254,1489,2,105.6,53.8,无
GXP20241222000255,1460,2,128.8,65.8,助农补贴
GXP20241222000255,942,2,48.5,34.3,满减
GXP20250321000256,1283,1,67.4,47.91,助农补贴
GXP20250321000256,597,1,61.2,45.84,无
GXP20250321000256,721,1,105.8,70.51,无
GXP20251029000257,533,2,150.3,93.62,满减
GXP20250117000258,1234,1,27.4,18.18,无
GXP20241025000259,953,2,40.5,27.85,无
GXP20241025000259,1072,2,46.1,35.9,满减
GXP20250114000260,1901,1,112.8,69.73,无
GXP20251216000261,502,1,42.5,27.89,限时秒杀
GXP20240915000262,944,2,19.1,14.59,无
GXP20240915000262,519,1,130.5,84.21,无
GXP20240914000263,749,1,131.7,86.36,助农补贴
GXP20240914000263,1228,1,86.2,54.58,无
GXP20240409000264,1544,1,139.7,67.2,限时秒杀
GXP20251216000265,2013,3,33.2,20.27,无
GXP20251216000265,501,1,160.9,118.55,无
GXP20241104000266,583,1,70.4,51.13,满减
GXP20250928000267,1464,1,72.5,38.87,无
GXP20240520000268,1227,2,66.7,41.79,无
GXP20250414000269,949,1,20.7,16.9,无
GXP20250805000270,520,1,46.9,31.99,无
GXP20250805000270,1660,1,66.0,41.09,无
GXP20250816000271,1455,1,98.1,55.04,组合装
GXP20240121000272,1465,1,154.5,93.13,无
GXP20250412000273,510,2,165.4,110.14,组合装
GXP20240212000274,503,1,51.2,34.87,无
GXP20240212000274,501,1,160.9,118.55,无
GXP20251121000275,510,2,165.4,110.14,无
GXP20251127000276,1643,1,61.6,37.17,无
GXP20250311000277,636,1,86.9,55.95,助农补贴
GXP20250311000277,1737,1,139.9,60.45,无
GXP20240411000278,1945,2,121.0,97.11,满减
GXP20250604000279,951,1,34.6,25.68,助农补贴
GXP20241113000280,1632,1,15.1,8.26,满减
GXP20251103000281,962,1,26.9,18.53,无
GXP20251103000281,994,2,32.4,26.22,无
GXP20251223000282,545,1,44.5,29.57,无
GXP20251223000282,1113,1,40.0,32.41,限时秒杀
GXP20240706000283,996,1,44.9,31.0,无
GXP20240706000283,535,1,107.1,78.13,无
GXP20241228000284,1660,1,66.0,41.09,满减
GXP20250821000285,942,2,48.5,34.3,无
GXP20251020000286,1764,1,147.6,69.67,助农补贴
GXP20251220000287,1160,2,25.0,20.45,助农补贴
GXP20251220000287,944,1,19.1,14.59,无
GXP20251216000288,2025,1,27.6,17.9,限时秒杀
GXP20251216000288,750,1,156.1,102.71,满减
GXP20251220000289,71,1,33.0,17.32,无
GXP20250209000290,1632,1,15.1,8.26,限时秒杀
GXP20250409000291,1640,3,49.1,29.15,满减
GXP20250513000292,1144,1,40.5,28.96,助农补贴
GXP20250705000293,1227,1,66.7,41.79,助农补贴
GXP20251229000294,1457,2,91.2,59.16,助农补贴
GXP20251111000295,941,1,56.0,42.07,无
GXP20241229000296,1264,1,67.8,45.22,满减
GXP20241229000296,2019,1,39.0,24.07,助农补贴
GXP20250924000297,1882,2,58.1,28.11,满减
GXP20250530000298,1999,1,130.9,101.28,无
GXP20250530000298,1124,1,37.7,29.68,无
GXP20240730000299,942,1,48.5,34.3,无
GXP20250829000300,1631,1,53.6,35.82,限时秒杀
GXP20250829000300,1781,3,163.5,75.37,无
GXP20250424000301,1459,1,66.9,37.32,无
GXP20250424000301,1146,2,47.4,35.13,组合装
GXP20240104000302,2015,1,35.8,22.66,无
GXP20241004000303,504,2,125.4,90.58,限时秒杀
GXP20241004000303,1752,1,49.2,25.43,无
GXP20250718000304,1921,2,84.2,51.89,无
GXP20251129000305,1637,1,55.0,35.32,无
GXP20251129000305,1989,1,137.9,101.78,助农补贴
GXP20250624000306,1479,2,111.4,55.63,无
GXP20240820000307,1629,1,58.7,34.83,无
GXP20240507000308,734,1,48.1,31.28,无
GXP20240507000308,755,1,137.2,90.58,无
GXP20251119000309,1898,1,100.3,51.77,无
GXP20251119000309,1079,1,23.2,16.11,无
GXP20250409000310,839,1,137.4,89.28,无
GXP20250409000310,1325,1,59.5,40.67,无
GXP20241124000311,1766,1,86.8,36.47,助农补贴
GXP20241005000312,1890,2,55.7,32.75,无
GXP20251211000313,1946,2,110.0,85.68,助农补贴
GXP20241216000314,1637,1,55.0,35.32,限时秒杀
GXP20250414000315,1465,1,154.5,93.13,无
GXP20250414000315,953,1,40.5,27.85,限时秒杀
GXP20250204000316,1864,1,63.6,38.75,满减
GXP20240315000317,1511,1,139.5,83.18,无
GXP20251123000318,1227,3,66.7,41.79,无
GXP20251123000318,1001,1,27.9,20.73,限时秒杀
GXP20240110000319,949,1,20.7,16.9,无
GXP20240730000320,960,1,33.5,25.09,助农补贴
GXP20240730000320,1486,2,125.2,68.8,限时秒杀
GXP20240730000320,1226,1,45.5,32.43,助农补贴
GXP20240713000321,1865,3,87.0,45.25,无
GXP20240713000321,1235,1,85.9,61.97,无
GXP20241124000322,2,1,41.4,22.27,助农补贴
GXP20250429000323,2013,1,33.2,20.27,无
GXP20250512000324,1457,3,91.2,59.16,无
GXP20250615000325,1601,1,65.3,38.43,限时秒杀
GXP20250615000325,978,1,37.3,28.81,助农补贴
GXP20251120000326,924,2,141.6,105.9,无
GXP20251120000326,1315,1,66.3,46.42,无
GXP20251215000327,503,1,51.2,34.87,助农补贴
GXP20251215000327,1182,1,55.7,43.66,无
GXP20251215000327,1651,1,15.5,10.5,无
GXP20250613000328,1231,3,34.2,24.76,无
GXP20240708000329,1632,2,15.1,8.26,满减
GXP20240708000329,1227,1,66.7,41.79,满减
GXP20240708000329,998,1,54.7,39.44,无
GXP20250331000330,502,1,42.5,27.89,无
GXP20250106000331,1371,1,78.2,49.85,满减
GXP20241204000332,1654,1,55.1,29.64,无
GXP20241204000332,1461,1,155.0,76.04,组合装
GXP20241204000332,615,1,156.9,103.4,无
GXP20241215000333,943,1,37.8,28.02,无
GXP20241215000333,2014,1,31.9,22.3,无
GXP20251215000334,580,2,160.5,102.27,无
GXP20251109000335,2050,2,24.5,16.89,无
GXP20251109000335,639,2,127.6,91.83,满减
GXP20250313000336,503,1,51.2,34.87,满减
GXP20240502000337,1837,1,119.6,57.91,满减
GXP20240502000337,1466,2,45.6,26.63,无
GXP20250121000338,995,3,52.4,37.79,无
GXP20240207000339,510,1,165.4,110.14,无
GXP20250930000340,2001,1,85.4,66.35,组合装
GXP20250930000340,503,1,51.2,34.87,无
GXP20241214000341,592,2,67.3,42.84,无
GXP20241214000341,1231,1,34.2,24.76,无
GXP20250805000342,1461,1,155.0,76.04,无
GXP20250130000343,1158,2,48.0,33.17,组合装
GXP20250502000344,1031,2,29.2,20.94,无
GXP20250502000344,548,1,147.0,95.01,满减
GXP20240426000345,941,1,56.0,42.07,无
GXP20240426000345,1753,3,101.2,52.29,组合装
GXP20240317000346,941,1,56.0,42.07,无
GXP20240317000346,942,1,48.5,34.3,组合装
GXP20240317000346,1484,1,66.3,33.24,无
GXP20251216000347,1507,1,55.6,35.63,无
GXP20250323000348,1632,1,15.1,8.26,无
GXP20250323000348,521,1,75.3,52.36,无
GXP20241026000349,1317,1,70.3,43.68,限时秒杀
GXP20240211000350,981,1,39.3,30.72,无
GXP20250530000351,20,1,39.1,19.72,组合装
GXP20240809000352,573,1,95.6,66.32,无
GXP20240809000352,1694,1,38.4,20.33,满减
GXP20250928000353,990,1,42.3,29.17,满减
GXP20250928000353,2039,2,48.9,29.1,满减
GXP20241104000354,1759,2,99.4,59.49,无
GXP20241104000354,505,1,55.2,34.96,满减
GXP20250315000355,1525,1,109.1,61.23,无
GXP20251215000356,501,1,160.9,118.55,无
GXP20251215000356,1471,1,134.2,84.05,助农补贴
GXP20250610000357,1864,1,63.6,38.75,无
GXP20250805000358,612,1,87.6,52.58,满减
GXP20240105000359,1681,2,66.0,41.45,助农补贴
GXP20240105000359,1030,1,19.5,14.66,无
GXP20240105000359,1647,1,18.8,10.42,满减
GXP20251219000360,1786,1,172.7,73.03,无
GXP20251219000360,1648,2,44.3,27.87,无
GXP20251219000360,44,1,69.1,29.15,无
GXP20250124000361,2010,3,199.4,143.79,无
GXP20241205000362,468,1,39.2,22.21,组合装
GXP20251220000363,2049,2,46.4,32.05,无
GXP20250513000364,522,2,67.4,42.25,组合装
GXP20250513000364,33,1,119.5,56.14,无
GXP20250513000364,947,2,48.7,35.34,无
GXP20250310000365,971,2,23.6,16.74,无
GXP20251023000366,1095,2,47.6,38.37,无
GXP20251023000366,1648,1,44.3,27.87,助农补贴
GXP20240520000367,1072,2,46.1,35.9,无
GXP20240520000367,1456,1,57.9,29.2,无
GXP20240520000367,1925,1,53.1,27.02,无
GXP20250220000368,668,1,81.2,49.93,无
GXP20250911000369,538,1,40.9,26.4,满减
GXP20251215000370,1739,1,56.3,32.07,无
GXP20250820000371,570,2,139.0,86.69,助农补贴
GXP20251002000372,1640,1,49.1,29.15,无
GXP20250428000373,946,2,36.7,28.09,无
GXP20251219000374,1593,1,67.4,43.08,组合装
GXP20251008000375,510,1,165.4,110.14,助农补贴
GXP20250204000376,501,1,160.9,118.55,助农补贴
GXP20250204000376,508,1,65.8,47.9,无
GXP20251230000377,1227,1,66.7,41.79,助农补贴
GXP20241214000378,1657,1,55.0,30.93,限时秒杀
GXP20241214000378,957,3,26.7,19.39,无
GXP20240104000379,941,2,56.0,42.07,无
GXP20240605000380,1656,2,46.0,29.36,无
GXP20250222000381,2024,1,33.2,22.12,助农补贴
GXP20250222000381,1326,2,52.6,34.85,满减
GXP20250706000382,941,1,56.0,42.07,无
GXP20250530000383,503,2,51.2,34.87,满减
GXP20250904000384,69,1,76.7,43.25,满减
GXP20240802000385,1893,1,48.1,27.76,无
GXP20251124000386,1786,1,172.7,73.03,无
GXP20251124000386,1864,1,63.6,38.75,组合装
GXP20241105000387,1375,1,54.5,34.57,无
GXP20241105000387,1745,1,134.5,62.74,满减
GXP20251214000388,1868,1,102.8,52.57,无
GXP20250625000389,963,1,29.0,22.73,无
GXP20250625000389,1231,1,34.2,24.76,满减
GXP20250625000389,941,1,56.0,42.07,无
GXP20240110000390,942,2,48.5,34.3,满减
GXP20251223000391,574,1,99.2,68.71,无
GXP20251223000391,30,1,106.2,60.47,限时秒杀
GXP20251223000391,501,1,160.9,118.55,无
GXP20240602000392,1532,2,71.5,43.22,满减
GXP20240602000392,1802,3,89.8,43.99,满减
GXP20250101000393,985,1,49.7,39.51,无
GXP20250901000394,946,1,36.7,28.09,无
GXP20250901000394,1266,2,83.8,58.08,助农补贴
GXP20240929000395,506,1,62.9,47.12,无
GXP20251103000396,1504,3,133.4,76.45,无
GXP20251103000396,502,2,42.5,27.89,助农补贴
GXP20250526000397,1648,1,44.3,27.87,无
GXP20251024000398,1543,1,110.7,70.67,助农补贴
GXP20251024000398,1469,1,87.0,52.47,无
GXP20240820000399,1274,3,39.3,25.39,无
GXP20240820000399,1881,1,123.1,74.09,无
GXP20240816000400,502,1,42.5,27.89,无
GXP20240108000401,1773,2,110.4,61.48,无
GXP20250506000402,1347,1,32.6,23.27,满减
GXP20250506000402,1909,1,61.0,35.65,无
GXP20250110000403,1456,1,57.9,29.2,组合装
GXP20250106000404,2013,2,33.2,20.27,无
GXP20240904000405,941,1,56.0,42.07,满减
GXP20240904000405,941,2,56.0,42.07,组合装
GXP20240904000405,581,1,118.0,84.02,助农补贴
GXP20240611000406,502,2,42.5,27.89,无
GXP20240515000407,949,1,20.7,16.9,无
GXP20241211000408,945,3,19.3,15.63,无
GXP20250110000409,1863,1,82.0,42.24,满减
GXP20250110000409,1736,1,45.5,25.05,无
GXP20240211000410,975,1,25.2,18.17,限时秒杀
GXP20250806000411,650,2,163.8,117.33,助农补贴
GXP20251114000412,1693,1,31.6,18.28,组合装
GXP20240208000413,1283,1,67.4,47.91,无
GXP20240208000413,1227,1,66.7,41.79,满减
GXP20250805000414,1455,1,98.1,55.04,无
GXP20250805000414,995,1,52.4,37.79,无
GXP20240124000415,1897,1,42.6,23.53,无
GXP20250324000416,504,1,125.4,90.58,无
GXP20240510000417,1336,2,36.0,23.49,无
GXP20251215000418,1631,3,53.6,35.82,助农补贴
GXP20251207000419,1465,2,154.5,93.13,无
GXP20251207000419,554,1,44.2,29.59,限时秒杀
GXP20240730000420,502,1,42.5,27.89,助农补贴
GXP20240730000420,2014,2,31.9,22.3,无
GXP20250820000421,518,1,91.7,58.34,无
GXP20240501000422,1637,1,55.0,35.32,无
GXP20240501000422,986,3,22.8,15.65,满减
GXP20240501000422,1559,3,109.2,64.53,无
GXP20251121000423,1459,1,66.9,37.32,助农补贴
GXP20251123000424,1906,1,121.1,60.17,无
GXP20240108000425,641,1,40.8,27.15,无
GXP20240108000425,1325,1,59.5,40.67,助农补贴
GXP20240108000425,501,2,160.9,118.55,助农补贴
GXP20240116000426,1865,1,87.0,45.25,无
GXP20251030000427,1455,1,98.1,55.04,满减
GXP20250801000428,1672,1,35.6,23.9,无
GXP20250801000428,931,1,40.2,27.52,无
GXP20241207000429,1422,1,44.1,29.42,助农补贴
GXP20250208000430,1869,1,62.2,35.93,助农补贴
GXP20250208000430,1239,1,71.8,51.24,助农补贴
GXP20250228000431,947,1,48.7,35.34,组合装
GXP20250228000431,1233,1,38.6,25.63,满减
GXP20250202000432,1645,1,25.3,14.25,无
GXP20250202000432,502,1,42.5,27.89,组合装
GXP20250917000433,1909,1,61.0,35.65,满减
GXP20250310000434,591,1,60.2,44.43,无
GXP20250310000434,942,2,48.5,34.3,无
GXP20250311000435,912,1,92.7,66.85,限时秒杀
GXP20251108000436,1630,1,65.5,34.83,助农补贴
GXP20240923000437,995,2,52.4,37.79,限时秒杀
GXP20240226000438,897,2,141.1,104.43,无
GXP20250323000439,2026,1,19.2,13.58,满减
GXP20241122000440,1227,1,66.7,41.79,组合装
GXP20250923000441,1738,1,196.1,91.36,无
GXP20250610000442,1737,1,139.9,60.45,无
GXP20250504000443,1228,2,86.2,54.58,无
GXP20250504000443,943,3,37.8,28.02,无
GXP20251115000444,501,1,160.9,118.55,满减
GXP20251009000445,1457,1,91.2,59.16,无
GXP20251120000446,1861,1,75.9,41.56,无
GXP20251120000446,1284,1,42.9,27.07,组合装
GXP20240714000447,1,3,30.8,15.69,无
GXP20240629000448,949,1,20.7,16.9,满减
GXP20240629000448,1919,1,88.0,50.97,助农补贴
GXP20240629000448,1493,1,115.5,64.56,无
GXP20250726000449,2013,1,33.2,20.27,无
GXP20240511000450,667,1,43.5,30.47,无
GXP20240511000450,992,1,32.4,25.18,无
GXP20240511000450,1382,1,86.7,56.04,无
GXP20240816000451,2023,2,34.7,20.79,无
GXP20250812000452,1234,1,27.4,18.18,助农补贴
GXP20251029000453,818,2,52.9,37.36,无
GXP20240808000454,517,2,67.3,43.41,无
GXP20250807000455,504,1,125.4,90.58,限时秒杀
GXP20250907000456,490,1,72.2,36.82,助农补贴
GXP20250920000457,510,1,165.4,110.14,无
GXP20250302000458,18,2,91.5,49.81,无
GXP20250305000459,1787,1,134.3,77.06,满减
GXP20250305000459,1227,1,66.7,41.79,满减
GXP20251026000460,1635,1,20.6,11.74,满减
GXP20250504000461,1231,1,34.2,24.76,满减
GXP20250504000461,1678,1,40.7,25.69,满减
GXP20240118000462,1952,1,123.8,86.68,无
GXP20240118000462,557,1,158.4,96.26,无
GXP20241120000463,511,1,119.0,78.78,无
GXP20250919000464,2026,1,19.2,13.58,助农补贴
GXP20240428000465,1455,1,98.1,55.04,满减
GXP20240605000466,1785,1,195.9,96.09,无
GXP20250409000467,503,2,51.2,34.87,无
GXP20250409000467,1242,2,42.5,29.22,无
GXP20250409000467,941,1,56.0,42.07,无
GXP20241213000468,943,2,37.8,28.02,无
GXP20241213000468,2016,1,27.6,18.32,限时秒杀
GXP20250203000469,377,1,37.8,21.17,无
GXP20241225000470,1641,3,64.9,37.03,无
GXP20241225000470,1229,1,54.6,38.91,无
GXP20240802000471,804,1,86.1,58.94,助农补贴
GXP20240802000471,1737,1,139.9,60.45,助农补贴
GXP20240130000472,576,1,134.8,81.92,无
GXP20240130000472,1736,1,45.5,25.05,满减
GXP20240316000473,515,1,129.5,78.01,满减
GXP20240603000474,1629,1,58.7,34.83,无
GXP20251229000475,1344,1,25.2,16.82,无
GXP20251203000476,980,1,45.1,36.51,无
GXP20251203000476,1764,2,147.6,69.67,限时秒杀
GXP20251101000477,1515,1,98.6,51.07,无
GXP20251123000478,943,1,37.8,28.02,满减
GXP20250511000479,942,1,48.5,34.3,无
GXP20240219000480,1634,2,66.5,36.18,无
GXP20240315000481,507,1,151.4,91.26,无
GXP20240315000481,942,1,48.5,34.3,满减
GXP20240411000482,1459,1,66.9,37.32,限时秒杀
GXP20250518000483,501,1,160.9,118.55,满减
GXP20251211000484,4,2,73.8,32.38,满减
GXP20251211000484,1347,1,32.6,23.27,限时秒杀
GXP20250814000485,1629,1,58.7,34.83,组合装
GXP20240811000486,1302,1,35.3,22.78,无
GXP20250408000487,525,2,104.2,62.69,无
GXP20250815000488,503,3,51.2,34.87,无
GXP20250815000488,1863,1,82.0,42.24,无
GXP20240102000489,1373,1,70.6,45.7,满减
GXP20250401000490,1621,1,110.9,65.23,满减
GXP20250401000490,2050,2,24.5,16.89,无
GXP20250401000490,40,1,91.9,49.17,无
GXP20240713000491,985,3,49.7,39.51,限时秒杀
GXP20250117000492,1867,1,49.9,26.23,无
GXP20250117000492,1239,2,71.8,51.24,限时秒杀
GXP20240621000493,876,2,84.6,62.97,无
GXP20251202000494,965,1,35.5,24.87,无
GXP20241010000495,2034,1,30.9,18.97,无
GXP20240828000496,1462,2,145.7,84.13,满减
GXP20240828000496,1749,2,143.9,73.58,无
GXP20240828000496,1631,2,53.6,35.82,限时秒杀
GXP20240521000497,540,2,71.6,53.18,无
GXP20240609000498,943,2,37.8,28.02,组合装
GXP20251104000499,2014,1,31.9,22.3,组合装
GXP20251104000499,966,1,38.5,26.82,无
GXP20240705000500,941,2,56.0,42.07,限时秒杀
GXP20240705000500,1515,3,98.6,51.07,无
GXP20240515000501,949,1,20.7,16.9,组合装
GXP20240515000501,1242,2,42.5,29.22,限时秒杀
GXP20250328000502,1539,1,115.7,73.52,组合装
GXP20240629000503,5,3,125.0,58.52,组合装
GXP20240629000503,1463,2,140.8,91.51,助农补贴
GXP20240629000503,596,1,84.3,61.83,限时秒杀
GXP20240614000504,966,2,38.5,26.82,组合装
GXP20240808000505,1633,1,59.0,33.39,限时秒杀
GXP20240808000505,267,3,110.5,63.58,助农补贴
GXP20250318000506,1929,1,67.9,40.14,组合装
GXP20240918000507,504,1,125.4,90.58,组合装
GXP20250121000508,503,2,51.2,34.87,无
GXP20250121000508,1233,1,38.6,25.63,限时秒杀
GXP20250330000509,1073,1,45.1,36.18,助农补贴
GXP20240416000510,1154,1,40.7,32.36,限时秒杀
GXP20250920000511,1863,1,82.0,42.24,无
GXP20240211000512,546,1,72.6,47.98,无
GXP20240211000512,1025,1,57.6,42.79,无
GXP20251002000513,1461,1,155.0,76.04,无
GXP20251002000513,1058,1,26.1,20.66,无
GXP20250623000514,521,1,75.3,52.36,无
GXP20240420000515,976,1,54.0,37.7,无
GXP20240420000515,941,1,56.0,42.07,无
GXP20240210000516,954,2,58.8,41.08,满减
GXP20240210000516,1262,2,25.5,17.94,无
GXP20241215000517,1098,1,53.7,38.6,助农补贴
GXP20250712000518,1870,1,39.7,23.97,限时秒杀
GXP20250118000519,905,1,52.5,37.13,限时秒杀
GXP20241022000520,1227,1,66.7,41.79,无
GXP20240818000521,941,1,56.0,42.07,无
GXP20240818000521,730,1,76.3,50.91,无
GXP20240331000522,505,2,55.2,34.96,无
GXP20241027000523,1260,1,46.3,31.33,满减
GXP20241027000523,1526,1,70.1,34.24,无
GXP20250803000524,1546,1,125.7,69.21,无
GXP20250803000524,511,3,119.0,78.78,无
GXP20250803000524,1165,1,54.6,43.02,无
GXP20250129000525,611,1,138.3,102.99,无
GXP20250129000525,1174,2,48.1,33.6,无
GXP20251202000526,1894,1,57.1,28.71,满减
GXP20251202000526,1460,1,128.8,65.8,无
GXP20240419000527,546,1,72.6,47.98,无
GXP20241122000528,1637,2,55.0,35.32,无
GXP20240524000529,2018,2,36.3,21.7,无
GXP20240524000529,1227,2,66.7,41.79,无
GXP20240918000530,1810,2,63.6,36.92,无
GXP20240918000530,962,2,26.9,18.53,组合装
GXP20250224000531,987,1,50.0,37.64,无
GXP20250224000531,1004,1,52.9,40.82,无
GXP20241229000532,1740,1,74.4,37.96,满减
GXP20250806000533,1629,1,58.7,34.83,无
GXP20250504000534,1451,1,45.9,29.23,无
GXP20250623000535,1330,1,52.4,34.78,无
GXP20250623000535,501,1,160.9,118.55,无
GXP20250811000536,983,1,25.0,18.49,无
GXP20250811000536,540,1,71.6,53.18,满减
GXP20251226000537,1644,2,63.6,38.29,无
GXP20251226000537,1238,1,61.5,42.55,满减
GXP20241102000538,1455,2,98.1,55.04,无
GXP20241102000538,1688,1,28.9,17.21,无
GXP20241223000539,1695,1,50.0,33.55,满减
GXP20241223000539,952,1,22.5,15.89,限时秒杀
GXP20241223000539,507,2,151.4,91.26,满减
GXP20251015000540,27,1,104.3,59.05,满减
GXP20251205000541,949,1,20.7,16.9,无
GXP20250625000542,6,1,82.2,37.57,无
GXP20250625000542,511,3,119.0,78.78,无
GXP20240813000543,1227,1,66.7,41.79,无
GXP20240813000543,1456,1,57.9,29.2,无
GXP20250813000544,993,1,55.3,38.65,无
GXP20250103000545,1648,2,44.3,27.87,无
GXP20241215000546,1654,1,55.1,29.64,满减
GXP20241215000546,1130,1,53.5,37.25,无
GXP20240711000547,941,1,56.0,42.07,限时秒杀
GXP20240312000548,1484,1,66.3,33.24,限时秒杀
GXP20240312000548,1463,1,140.8,91.51,无
GXP20250807000549,943,2,37.8,28.02,限时秒杀
GXP20250702000550,1710,3,28.0,17.42,无
GXP20250702000550,2015,1,35.8,22.66,限时秒杀
GXP20240212000551,963,2,29.0,22.73,满减
GXP20241113000552,1459,1,66.9,37.32,组合装
GXP20241113000552,970,1,27.5,21.04,无
GXP20241113000552,1096,2,25.8,19.29,无
GXP20240614000553,504,1,125.4,90.58,无
GXP20241001000554,1708,1,62.1,41.94,无
GXP20241001000554,1738,1,196.1,91.36,无
GXP20250220000555,1235,1,85.9,61.97,无
GXP20250220000555,1229,1,54.6,38.91,无
GXP20250908000556,550,2,158.1,110.39,无
GXP20241120000557,1634,2,66.5,36.18,满减
GXP20251215000558,645,1,162.4,112.45,无
GXP20250731000559,1459,2,66.9,37.32,组合装
GXP20250320000560,1372,1,39.7,29.0,组合装
GXP20250122000561,1866,2,127.1,68.77,无
GXP20240416000562,507,1,151.4,91.26,助农补贴
GXP20250506000563,1459,2,66.9,37.32,无
GXP20250506000563,1754,3,179.9,79.89,组合装
GXP20241231000564,1459,1,66.9,37.32,组合装
GXP20241205000565,1630,1,65.5,34.83,无
GXP20240910000566,941,2,56.0,42.07,组合装
GXP20240910000566,1247,1,72.2,46.01,助农补贴
GXP20250723000567,758,1,90.5,63.48,无
GXP20250723000567,1636,1,38.9,24.91,无
GXP20250915000568,1875,1,43.1,26.08,无
GXP20241220000569,1039,1,41.9,29.93,无
GXP20240226000570,515,1,129.5,78.01,限时秒杀
GXP20251216000571,309,1,64.8,37.14,无
GXP20251216000571,1019,1,25.7,18.93,满减
GXP20250117000572,942,1,48.5,34.3,组合装
GXP20250715000573,1891,1,84.0,47.81,无
GXP20241031000574,859,1,150.9,106.38,无
GXP20241031000574,2013,1,33.2,20.27,助农补贴
GXP20240713000575,1428,2,58.8,42.62,限时秒杀
GXP20251107000576,523,1,43.6,29.32,满减
GXP20250731000577,508,1,65.8,47.9,助农补贴
GXP20250731000577,1633,1,59.0,33.39,无
GXP20241120000578,502,3,42.5,27.89,满减
GXP20241120000578,2039,2,48.9,29.1,满减
GXP20250825000579,2020,2,37.4,23.47,满减
GXP20250302000580,1671,2,54.6,30.15,无
GXP20251023000581,1759,2,99.4,59.49,无
GXP20250912000582,1629,2,58.7,34.83,无
GXP20240212000583,2049,1,46.4,32.05,助农补贴
GXP20241218000584,515,2,129.5,78.01,限时秒杀
GXP20250122000585,1257,1,39.8,26.49,无
GXP20250127000586,600,2,143.8,96.75,无
GXP20250203000587,1692,1,56.5,32.8,助农补贴
GXP20250203000587,954,1,58.8,41.08,无
GXP20250426000588,1637,1,55.0,35.32,无
GXP20240625000589,1214,1,24.9,18.43,无
GXP20251002000590,1230,1,75.9,55.79,无
GXP20251211000591,1591,1,112.9,56.75,无
GXP20240103000592,1644,1,63.6,38.29,无
GXP20240103000592,2043,2,22.6,13.62,无
GXP20251104000593,1247,1,72.2,46.01,限时秒杀
GXP20251104000593,69,1,76.7,43.25,无
GXP20240207000594,1977,1,139.2,111.04,助农补贴
GXP20250501000595,1458,1,111.3,56.54,满减
GXP20240313000596,1920,1,44.7,21.58,满减
GXP20240313000596,579,1,126.6,77.67,无
GXP20250322000597,586,1,136.2,87.55,组合装
GXP20250322000597,1800,1,46.2,26.2,无
GXP20241116000598,1737,1,139.9,60.45,无
GXP20240721000599,515,1,129.5,78.01,无
GXP20240625000600,1630,1,65.5,34.83,无
GXP20240625000600,70,1,106.3,58.07,无
GXP20240625000600,1634,3,66.5,36.18,组合装
GXP20241116000601,1232,2,50.2,32.06,无
GXP20241116000601,1553,2,58.9,29.21,无
GXP20240703000602,619,1,149.2,92.56,无
GXP20241104000603,953,1,40.5,27.85,助农补贴
GXP20240918000604,946,1,36.7,28.09,组合装
GXP20250821000605,1630,1,65.5,34.83,无
GXP20240620000606,501,1,160.9,118.55,满减
GXP20240620000606,1518,1,103.3,63.01,无
GXP20250625000607,552,2,112.3,81.77,无
GXP20240810000608,501,1,160.9,118.55,助农补贴
GXP20240810000608,1630,2,65.5,34.83,无
GXP20250515000609,539,3,84.1,56.2,限时秒杀
GXP20250515000609,1645,1,25.3,14.25,满减
GXP20241008000610,794,1,51.2,38.04,限时秒杀
GXP20251021000611,1228,2,86.2,54.58,组合装
GXP20251021000611,1658,1,51.2,29.87,无
GXP20250811000612,1273,1,69.0,43.12,助农补贴
GXP20250811000612,977,1,42.0,30.17,无
GXP20251211000613,1002,1,30.2,22.77,无
GXP20241229000614,975,1,25.2,18.17,无
GXP20240502000615,501,1,160.9,118.55,组合装
GXP20240227000616,1154,1,40.7,32.36,无
GXP20241126000617,1691,1,57.8,31.08,无
GXP20241008000618,2,1,41.4,22.27,无
GXP20241008000618,1629,2,58.7,34.83,满减
GXP20240212000619,1132,1,24.4,17.85,助农补贴
GXP20240212000619,1477,1,50.5,30.29,无
GXP20240212000619,1787,1,134.3,77.06,满减
GXP20251216000620,1258,1,35.4,26.2,无
GXP20251216000620,1012,1,27.7,20.25,无
GXP20251014000621,1632,1,15.1,8.26,满减
GXP20251014000621,524,1,149.3,106.9,满减
GXP20251014000621,1644,1,63.6,38.29,限时秒杀
GXP20251223000622,1700,2,64.6,34.52,无
GXP20251223000622,508,1,65.8,47.9,无
GXP20250917000623,1259,1,35.9,26.86,无
GXP20240705000624,3,1,58.9,28.15,无
GXP20250217000625,1950,1,74.6,54.7,满减
GXP20240708000626,1354,1,72.3,51.03,满减
GXP20241103000627,1244,1,28.3,19.99,无
GXP20240208000628,1629,2,58.7,34.83,无
GXP20240208000628,1863,1,82.0,42.24,无
GXP20251107000629,1495,1,111.4,57.75,无
GXP20240626000630,973,1,41.0,30.14,限时秒杀
GXP20240626000630,963,1,29.0,22.73,助农补贴
GXP20240515000631,1652,1,40.7,23.8,无
GXP20240515000631,1229,1,54.6,38.91,组合装
GXP20240321000632,1664,1,15.6,8.55,无
GXP20240321000632,2013,2,33.2,20.27,助农补贴
GXP20250223000633,941,2,56.0,42.07,无
GXP20250223000633,1631,1,53.6,35.82,满减
GXP20251103000634,508,1,65.8,47.9,组合装
GXP20251103000634,1460,1,128.8,65.8,无
GXP20250224000635,1560,1,81.1,39.19,无
GXP20250224000635,1639,1,35.1,22.9,无
GXP20240510000636,1578,1,68.0,42.94,助农补贴
GXP20250727000637,1272,2,51.8,34.08,组合装
GXP20250727000637,943,1,37.8,28.02,助农补贴
GXP20241123000638,2017,1,44.1,28.4,组合装
GXP20241123000638,1630,1,65.5,34.83,无
GXP20250829000639,566,2,154.5,109.25,无
GXP20250829000639,772,1,71.5,43.99,无
GXP20251214000640,1661,2,48.1,27.82,组合装
GXP20251214000640,1943,1,204.4,143.84,无
GXP20241105000641,1483,-2,55.0,35.16,助农补贴
GXP20250820000642,1705,1,46.5,31.15,助农补贴
GXP20250820000642,1241,1,36.6,27.32,满减
GXP20241109000643,10,1,98.7,56.17,组合装
GXP20250707000644,1646,1,64.5,43.11,无
GXP20250715000645,1249,1,65.1,45.5,无
GXP20250715000645,941,1,56.0,42.07,无
GXP20251229000646,1230,1,75.9,55.79,无
GXP20251229000646,502,1,42.5,27.89,满减
GXP20250227000647,430,2,115.8,55.53,助农补贴
GXP20240909000648,941,1,56.0,42.07,满减
GXP20250323000649,536,2,118.5,84.43,组合装
GXP20250323000649,1239,1,71.8,51.24,无
GXP20250709000650,2016,2,27.6,18.32,限时秒杀
GXP20250627000651,134,1,96.7,48.5,无
GXP20241205000652,1364,1,42.7,27.68,限时秒杀
GXP20241205000652,1749,1,143.9,73.58,无
GXP20241231000653,1696,1,15.2,9.35,限时秒杀
GXP20250805000654,849,2,105.9,67.86,限时秒杀
GXP20240826000655,1308,1,73.0,49.42,无
GXP20240531000656,1458,1,111.3,56.54,满减
GXP20241205000657,984,1,34.9,25.24,无
GXP20241205000657,1848,2,47.3,25.18,无
GXP20250409000658,950,2,47.3,37.84,限时秒杀
GXP20251210000659,2019,2,39.0,24.07,无
GXP20240415000660,1671,1,54.6,30.15,组合装
GXP20240415000660,1006,1,58.9,41.78,满减
GXP20250823000661,502,1,42.5,27.89,无
GXP20251009000662,1340,1,54.9,35.07,无
GXP20251009000662,1249,1,65.1,45.5,满减
GXP20250504000663,1524,2,44.7,22.19,无
GXP20250813000664,1583,1,126.6,75.07,组合装
GXP20251203000665,947,1,48.7,35.34,无
GXP20250607000666,942,1,48.5,34.3,无
GXP20251020000667,1629,1,58.7,34.83,满减
GXP20251020000667,815,2,158.6,108.17,无
GXP20250318000668,1630,1,65.5,34.83,助农补贴
GXP20250318000668,1239,1,71.8,51.24,满减
GXP20250816000669,704,1,115.2,84.12,无
GXP20251101000670,507,2,151.4,91.26,组合装
GXP20251101000670,1639,2,35.1,22.9,无
GXP20240721000671,1395,1,70.1,48.65,限时秒杀
GXP20241216000672,942,1,48.5,34.3,满减
GXP20241216000672,1369,1,40.3,27.57,无
GXP20250821000673,508,2,65.8,47.9,助农补贴
GXP20250511000674,1532,2,71.5,43.22,无
GXP20250511000674,997,3,21.5,15.88,无
GXP20240427000675,942,1,48.5,34.3,满减
GXP20240130000676,1316,2,62.7,39.11,限时秒杀
GXP20250220000677,888,1,148.9,108.27,无
GXP20241117000678,765,2,148.0,105.73,无
GXP20241117000678,819,1,62.5,44.07,无
GXP20241117000678,1616,1,86.4,52.4,无
GXP20250705000679,1647,1,18.8,10.42,满减
GXP20240722000680,1260,1,46.3,31.33,无
GXP20250414000681,508,2,65.8,47.9,无
GXP20250428000682,1483,2,55.0,35.16,助农补贴
